timestamp,hour,month,temp_c,cloud_pct,wind_speed_kmh,air_density,uv_index,solar_kw,wind_kw
2025-01-01 00:00:00,0,1,32.0,14.4,35.1,1.157,0.0,0.0,50.8
2025-01-01 01:00:00,1,1,42.3,22.4,40.7,1.119,0.0,0.0,63.0
2025-01-01 02:00:00,2,1,21.3,92.2,24.7,1.199,0.0,0.0,32.4
2025-01-01 03:00:00,3,1,26.6,2.3,26.5,1.178,0.0,0.0,33.9
2025-01-01 04:00:00,4,1,29.4,46.8,29.4,1.167,0.0,0.0,39.5
2025-01-01 05:00:00,5,1,15.8,4.7,43.3,1.222,0.0,0.0,60.9
2025-01-01 06:00:00,6,1,23.1,40.3,38.8,1.192,0.0,0.0,57.7
2025-01-01 07:00:00,7,1,23.3,67.3,13.9,1.191,0.0,0.0,15.1
2025-01-01 08:00:00,8,1,31.2,15.9,41.3,1.16,2.5,56.1,62.0
2025-01-01 09:00:00,9,1,20.7,33.6,13.2,1.201,3.3,56.0,16.6
2025-01-01 10:00:00,10,1,19.7,58.9,26.1,1.205,3.7,58.1,40.1
2025-01-01 11:00:00,11,1,24.4,15.2,14.9,1.186,7.6,177.9,27.3
2025-01-01 12:00:00,12,1,28.5,11.6,25.4,1.17,9.4,231.3,31.6
2025-01-01 13:00:00,13,1,27.3,28.6,19.1,1.175,6.9,155.6,26.8
2025-01-01 14:00:00,14,1,22.1,69.6,11.7,1.196,3.2,47.3,13.2
2025-01-01 15:00:00,15,1,13.1,8.8,8.5,1.233,4.6,114.5,13.2
2025-01-01 16:00:00,16,1,21.1,82.6,18.1,1.2,0.0,0.0,30.5
2025-01-01 17:00:00,17,1,21.3,21.4,9.6,1.199,0.6,3.1,10.2
2025-01-01 18:00:00,18,1,27.0,56.4,15.0,1.176,0.0,0.0,21.7
2025-01-01 19:00:00,19,1,22.0,84.9,20.5,1.196,0.0,0.0,31.0
2025-01-01 20:00:00,20,1,28.4,88.4,30.9,1.171,0.0,0.0,46.0
2025-01-01 21:00:00,21,1,25.1,84.2,17.9,1.184,0.0,0.0,24.5
2025-01-01 22:00:00,22,1,15.2,76.3,28.2,1.224,0.0,0.0,37.5
2025-01-01 23:00:00,23,1,24.9,75.3,34.3,1.184,0.0,0.0,48.1
2025-01-02 00:00:00,0,1,32.1,43.0,28.9,1.156,0.0,0.0,37.6
2025-01-02 01:00:00,1,1,39.9,68.0,35.5,1.128,0.0,0.0,44.1
2025-01-02 02:00:00,2,1,20.4,86.1,8.8,1.202,0.0,0.0,12.2
2025-01-02 03:00:00,3,1,23.7,25.3,41.2,1.189,0.0,0.0,59.4
2025-01-02 04:00:00,4,1,17.5,12.8,12.9,1.214,0.0,0.0,17.2
2025-01-02 05:00:00,5,1,22.5,13.7,22.3,1.194,0.0,0.0,34.4
2025-01-02 06:00:00,6,1,39.1,59.5,36.6,1.13,0.0,0.0,47.8
2025-01-02 07:00:00,7,1,28.1,85.3,28.5,1.172,0.0,0.0,37.7
2025-01-02 08:00:00,8,1,27.8,36.7,40.2,1.173,1.5,19.9,52.4
2025-01-02 09:00:00,9,1,15.2,65.3,17.8,1.224,1.7,7.9,26.4
2025-01-02 10:00:00,10,1,45.3,59.7,13.7,1.108,3.7,66.3,16.3
2025-01-02 11:00:00,11,1,36.2,66.7,23.6,1.141,5.0,103.7,30.6
2025-01-02 12:00:00,12,1,21.2,72.8,27.1,1.199,6.4,129.6,42.9
2025-01-02 13:00:00,13,1,27.3,79.1,26.3,1.175,4.4,73.7,38.1
2025-01-02 14:00:00,14,1,20.3,82.9,12.5,1.203,2.5,22.5,16.7
2025-01-02 15:00:00,15,1,45.1,95.6,27.0,1.109,0.2,0.0,41.6
2025-01-02 16:00:00,16,1,25.6,93.2,37.1,1.182,0.0,0.0,52.4
2025-01-02 17:00:00,17,1,6.7,92.7,21.4,1.261,0.0,0.0,29.9
2025-01-02 18:00:00,18,1,44.7,19.9,12.1,1.111,0.0,0.0,14.3
2025-01-02 19:00:00,19,1,41.7,43.8,19.9,1.121,0.0,0.0,27.9
2025-01-02 20:00:00,20,1,41.8,14.2,41.0,1.121,0.0,0.0,60.4
2025-01-02 21:00:00,21,1,37.4,15.8,12.9,1.137,0.0,0.0,15.7
2025-01-02 22:00:00,22,1,18.7,18.2,20.5,1.209,0.0,0.0,30.2
2025-01-02 23:00:00,23,1,14.2,74.8,20.7,1.228,0.0,0.0,24.4
2025-01-03 00:00:00,0,1,31.8,41.2,16.9,1.158,0.0,0.0,20.8
2025-01-03 01:00:00,1,1,32.8,66.4,11.1,1.154,0.0,0.0,11.5
2025-01-03 02:00:00,2,1,25.4,33.0,34.2,1.182,0.0,0.0,48.0
2025-01-03 03:00:00,3,1,30.9,3.6,11.7,1.161,0.0,0.0,15.6
2025-01-03 04:00:00,4,1,26.4,98.3,42.8,1.178,0.0,0.0,58.7
2025-01-03 05:00:00,5,1,31.6,68.4,10.2,1.158,0.0,0.0,10.8
2025-01-03 06:00:00,6,1,13.3,87.1,19.7,1.232,0.0,0.0,31.4
2025-01-03 07:00:00,7,1,38.1,84.7,36.9,1.134,0.0,0.0,52.8
2025-01-03 08:00:00,8,1,9.5,51.4,18.9,1.249,0.8,0.0,24.6
2025-01-03 09:00:00,9,1,25.1,14.4,28.5,1.184,4.3,89.0,33.8
2025-01-03 10:00:00,10,1,46.1,13.6,20.3,1.106,6.0,143.4,26.5
2025-01-03 11:00:00,11,1,18.2,53.1,19.4,1.212,5.7,115.1,26.9
2025-01-03 12:00:00,12,1,20.9,63.8,26.1,1.2,6.8,135.6,34.7
2025-01-03 13:00:00,13,1,18.7,18.3,28.5,1.209,7.4,169.2,42.9
2025-01-03 14:00:00,14,1,17.4,7.9,33.7,1.215,6.3,148.2,45.1
2025-01-03 15:00:00,15,1,34.9,11.9,5.2,1.146,4.4,107.6,4.5
2025-01-03 16:00:00,16,1,29.2,35.9,20.8,1.167,1.5,16.6,21.3
2025-01-03 17:00:00,17,1,10.6,79.1,41.4,1.244,0.0,0.0,59.9
2025-01-03 18:00:00,18,1,15.3,96.9,30.2,1.224,0.0,0.0,41.4
2025-01-03 19:00:00,19,1,25.1,33.6,6.6,1.184,0.0,0.0,3.6
2025-01-03 20:00:00,20,1,11.9,45.0,32.5,1.238,0.0,0.0,41.1
2025-01-03 21:00:00,21,1,40.6,19.1,18.3,1.125,0.0,0.0,19.6
2025-01-03 22:00:00,22,1,22.4,31.3,36.3,1.194,0.0,0.0,52.1
2025-01-03 23:00:00,23,1,9.5,99.5,20.8,1.249,0.0,0.0,27.8
2025-01-04 00:00:00,0,1,32.7,11.4,41.7,1.154,0.0,0.0,60.2
2025-01-04 01:00:00,1,1,43.6,35.8,13.0,1.114,0.0,0.0,12.0
2025-01-04 02:00:00,2,1,23.0,89.0,9.2,1.192,0.0,0.0,13.1
2025-01-04 03:00:00,3,1,28.3,35.6,27.0,1.171,0.0,0.0,35.8
2025-01-04 04:00:00,4,1,22.2,81.1,7.2,1.195,0.0,0.0,7.4
2025-01-04 05:00:00,5,1,28.8,2.6,8.0,1.169,0.0,0.0,8.0
2025-01-04 06:00:00,6,1,21.2,99.0,8.4,1.199,0.0,0.0,10.6
2025-01-04 07:00:00,7,1,13.6,25.2,40.7,1.231,0.4,0.0,59.0
2025-01-04 08:00:00,8,1,17.6,35.6,30.8,1.214,1.6,14.5,49.7
2025-01-04 09:00:00,9,1,23.1,36.5,8.1,1.192,3.2,59.4,11.6
2025-01-04 10:00:00,10,1,35.9,18.7,16.2,1.142,5.7,136.3,20.3
2025-01-04 11:00:00,11,1,24.9,98.4,14.9,1.184,3.4,42.5,17.1
2025-01-04 12:00:00,12,1,10.0,16.5,11.7,1.247,9.2,228.3,13.5
2025-01-04 13:00:00,13,1,32.8,98.1,24.1,1.154,3.4,35.9,29.2
2025-01-04 14:00:00,14,1,32.9,3.4,42.5,1.153,6.5,157.9,59.1
2025-01-04 15:00:00,15,1,40.5,78.3,21.4,1.125,1.1,0.0,26.9
2025-01-04 16:00:00,16,1,14.2,33.5,38.8,1.228,1.7,31.3,56.5
2025-01-04 17:00:00,17,1,17.8,29.6,31.5,1.213,0.2,0.0,44.2
2025-01-04 18:00:00,18,1,20.1,17.5,6.7,1.204,0.0,0.0,0.0
2025-01-04 19:00:00,19,1,31.6,40.7,34.2,1.158,0.0,0.0,51.1
2025-01-04 20:00:00,20,1,25.9,83.2,30.3,1.18,0.0,0.0,40.9
2025-01-04 21:00:00,21,1,29.5,35.7,9.9,1.166,0.0,0.0,16.2
2025-01-04 22:00:00,22,1,13.2,85.9,10.2,1.233,0.0,0.0,12.7
2025-01-04 23:00:00,23,1,18.9,82.2,11.6,1.209,0.0,0.0,15.0
2025-01-05 00:00:00,0,1,31.4,38.5,23.8,1.159,0.0,0.0,35.3
2025-01-05 01:00:00,1,1,7.6,33.1,25.5,1.257,0.0,0.0,37.6
2025-01-05 02:00:00,2,1,29.6,7.5,26.7,1.166,0.0,3.8,39.1
2025-01-05 03:00:00,3,1,26.9,43.7,12.1,1.176,0.0,0.0,13.9
2025-01-05 04:00:00,4,1,16.9,63.9,5.8,1.217,0.0,0.0,9.4
2025-01-05 05:00:00,5,1,45.8,44.9,15.4,1.107,0.0,0.0,17.5
2025-01-05 06:00:00,6,1,18.8,29.8,28.7,1.209,0.0,0.0,35.4
2025-01-05 07:00:00,7,1,23.6,95.6,35.6,1.19,0.0,0.0,49.0
2025-01-05 08:00:00,8,1,40.2,89.6,27.8,1.126,0.0,0.0,38.4
2025-01-05 09:00:00,9,1,24.3,74.3,16.1,1.187,1.3,0.0,25.6
2025-01-05 10:00:00,10,1,32.9,11.7,36.6,1.153,6.1,148.9,48.8
2025-01-05 11:00:00,11,1,24.6,25.0,11.4,1.186,7.1,162.6,13.8
2025-01-05 12:00:00,12,1,12.1,52.8,8.7,1.237,7.4,157.5,6.6
2025-01-05 13:00:00,13,1,24.1,72.9,36.2,1.188,4.7,78.3,49.9
2025-01-05 14:00:00,14,1,15.8,58.0,25.8,1.222,3.8,65.8,33.4
2025-01-05 15:00:00,15,1,42.9,6.1,36.7,1.117,4.7,110.4,49.3
2025-01-05 16:00:00,16,1,30.2,47.3,31.8,1.164,1.0,5.6,44.0
2025-01-05 17:00:00,17,1,38.3,82.5,23.4,1.133,0.0,0.0,26.5
2025-01-05 18:00:00,18,1,12.3,2.2,28.8,1.237,0.0,0.0,36.6
2025-01-05 19:00:00,19,1,35.4,43.7,8.0,1.144,0.0,0.0,5.9
2025-01-05 20:00:00,20,1,34.4,44.5,40.8,1.148,0.0,0.0,58.6
2025-01-05 21:00:00,21,1,28.4,72.9,22.5,1.171,0.0,0.0,26.1
2025-01-05 22:00:00,22,1,35.7,48.1,12.8,1.143,0.0,0.0,11.2
2025-01-05 23:00:00,23,1,25.7,1.1,6.8,1.181,0.0,0.0,6.1
2025-01-06 00:00:00,0,1,30.5,50.5,8.5,1.162,0.0,0.0,7.5
2025-01-06 01:00:00,1,1,18.2,62.8,30.6,1.212,0.0,0.0,41.4
2025-01-06 02:00:00,2,1,18.3,13.7,41.3,1.211,0.0,0.0,60.5
2025-01-06 03:00:00,3,1,25.3,81.4,14.7,1.183,0.0,0.0,20.6
2025-01-06 04:00:00,4,1,23.7,0.0,35.5,1.189,0.0,4.4,49.4
2025-01-06 05:00:00,5,1,11.8,13.1,30.4,1.239,0.0,2.1,44.3
2025-01-06 06:00:00,6,1,34.6,36.9,5.7,1.147,0.0,0.0,5.3
2025-01-06 07:00:00,7,1,10.3,50.8,12.5,1.245,0.0,0.0,13.9
2025-01-06 08:00:00,8,1,21.1,0.4,28.7,1.2,3.3,79.8,38.2
2025-01-06 09:00:00,9,1,18.7,50.2,31.2,1.209,2.5,34.5,42.3
2025-01-06 10:00:00,10,1,24.9,71.7,26.3,1.184,3.1,35.0,35.1
2025-01-06 11:00:00,11,1,24.2,8.7,41.2,1.187,7.9,192.6,58.2
2025-01-06 12:00:00,12,1,21.2,98.6,21.7,1.199,5.1,79.5,31.5
2025-01-06 13:00:00,13,1,29.3,44.4,12.0,1.167,6.1,127.8,12.3
2025-01-06 14:00:00,14,1,24.8,10.3,12.1,1.185,6.2,149.1,21.6
2025-01-06 15:00:00,15,1,34.9,25.7,14.1,1.146,3.7,87.2,15.1
2025-01-06 16:00:00,16,1,25.0,46.8,26.7,1.184,1.0,6.1,35.4
2025-01-06 17:00:00,17,1,32.5,0.8,7.7,1.155,1.6,40.3,10.8
2025-01-06 18:00:00,18,1,24.0,81.6,6.5,1.188,0.0,0.0,3.8
2025-01-06 19:00:00,19,1,33.1,5.5,24.1,1.153,0.0,1.0,27.3
2025-01-06 20:00:00,20,1,9.0,46.6,38.3,1.251,0.0,0.0,54.7
2025-01-06 21:00:00,21,1,13.8,69.0,10.1,1.23,0.0,0.0,10.4
2025-01-06 22:00:00,22,1,10.3,26.9,15.4,1.245,0.0,0.0,15.5
2025-01-06 23:00:00,23,1,36.1,64.3,6.7,1.141,0.0,0.0,9.7
2025-01-07 00:00:00,0,1,14.8,67.7,41.4,1.226,0.0,0.0,62.8
2025-01-07 01:00:00,1,1,33.9,3.5,31.7,1.15,0.0,1.4,47.5
2025-01-07 02:00:00,2,1,15.6,28.6,26.1,1.222,0.0,0.0,34.6
2025-01-07 03:00:00,3,1,27.8,43.5,39.1,1.173,0.0,0.0,54.0
2025-01-07 04:00:00,4,1,32.4,44.4,24.4,1.155,0.0,0.0,35.4
2025-01-07 05:00:00,5,1,15.6,27.8,41.6,1.222,0.0,0.0,57.1
2025-01-07 06:00:00,6,1,43.7,38.7,30.1,1.114,0.0,0.0,41.0
2025-01-07 07:00:00,7,1,25.3,7.9,18.3,1.183,1.3,33.8,31.1
2025-01-07 08:00:00,8,1,25.2,69.3,33.0,1.183,0.0,0.0,45.0
2025-01-07 09:00:00,9,1,16.0,44.2,6.6,1.221,2.8,52.2,6.2
2025-01-07 10:00:00,10,1,31.0,69.4,29.1,1.161,3.2,43.5,43.1
2025-01-07 11:00:00,11,1,30.3,29.0,43.1,1.163,6.9,158.6,59.8
2025-01-07 12:00:00,12,1,16.5,67.3,8.6,1.219,6.6,132.4,7.8
2025-01-07 13:00:00,13,1,34.8,21.5,25.3,1.146,7.3,170.9,31.2
2025-01-07 14:00:00,14,1,26.6,20.2,36.0,1.178,5.7,129.8,56.6
2025-01-07 15:00:00,15,1,26.3,39.2,6.6,1.179,3.0,59.6,8.6
2025-01-07 16:00:00,16,1,34.7,26.2,15.4,1.147,2.0,35.9,21.6
2025-01-07 17:00:00,17,1,34.5,78.1,16.7,1.147,0.0,0.0,22.0
2025-01-07 18:00:00,18,1,14.7,75.6,19.1,1.226,0.0,0.0,21.7
2025-01-07 19:00:00,19,1,17.1,87.4,11.8,1.216,0.0,0.0,15.0
2025-01-07 20:00:00,20,1,19.8,58.3,35.5,1.205,0.0,0.0,48.3
2025-01-07 21:00:00,21,1,12.6,24.9,16.3,1.235,0.0,0.0,24.0
2025-01-07 22:00:00,22,1,14.2,98.2,24.5,1.228,0.0,0.0,25.3
2025-01-07 23:00:00,23,1,20.2,26.9,37.1,1.203,0.0,0.0,52.6
2025-01-08 00:00:00,0,1,28.2,80.7,6.8,1.171,0.0,0.0,5.7
2025-01-08 01:00:00,1,1,20.8,89.6,31.7,1.201,0.0,0.0,42.2
2025-01-08 02:00:00,2,1,22.4,51.6,10.1,1.194,0.0,0.0,7.8
2025-01-08 03:00:00,3,1,28.0,4.6,9.8,1.172,0.0,0.0,11.3
2025-01-08 04:00:00,4,1,27.5,7.1,39.2,1.174,0.0,0.0,53.6
2025-01-08 05:00:00,5,1,19.9,80.4,44.5,1.205,0.0,0.0,61.8
2025-01-08 06:00:00,6,1,26.5,84.4,23.2,1.178,0.0,0.0,38.1
2025-01-08 07:00:00,7,1,30.6,31.4,33.2,1.162,0.1,0.0,44.6
2025-01-08 08:00:00,8,1,27.0,50.5,21.0,1.176,0.8,0.0,30.2
2025-01-08 09:00:00,9,1,21.3,4.8,44.7,1.199,4.8,118.2,61.1
2025-01-08 10:00:00,10,1,26.8,86.8,26.1,1.177,2.3,17.2,37.5
2025-01-08 11:00:00,11,1,21.7,70.7,7.7,1.197,4.8,72.3,5.3
2025-01-08 12:00:00,12,1,9.8,59.2,34.4,1.248,7.0,141.2,44.6
2025-01-08 13:00:00,13,1,23.2,96.0,9.8,1.191,3.5,42.1,11.0
2025-01-08 14:00:00,14,1,11.5,22.1,27.4,1.24,5.6,131.2,33.6
2025-01-08 15:00:00,15,1,15.0,55.0,26.8,1.225,2.2,25.1,39.9
2025-01-08 16:00:00,16,1,36.4,41.8,37.2,1.14,1.2,21.1,49.2
2025-01-08 17:00:00,17,1,34.5,38.3,41.4,1.147,0.0,0.0,56.9
2025-01-08 18:00:00,18,1,18.7,62.1,31.7,1.209,0.0,0.0,45.3
2025-01-08 19:00:00,19,1,30.0,73.9,9.3,1.164,0.0,0.0,6.5
2025-01-08 20:00:00,20,1,39.1,48.8,43.7,1.13,0.0,0.0,61.0
2025-01-08 21:00:00,21,1,16.0,7.7,33.1,1.221,0.0,0.0,47.8
2025-01-08 22:00:00,22,1,10.5,37.4,31.6,1.244,0.0,0.0,37.3
2025-01-08 23:00:00,23,1,29.7,57.3,24.9,1.166,0.0,0.0,35.8
2025-01-09 00:00:00,0,1,17.4,44.2,18.0,1.215,0.0,0.0,25.1
2025-01-09 01:00:00,1,1,23.1,11.4,13.2,1.192,0.0,0.0,19.0
2025-01-09 02:00:00,2,1,33.5,70.5,41.8,1.151,0.0,0.0,58.9
2025-01-09 03:00:00,3,1,43.5,31.5,11.3,1.115,0.0,0.0,11.9
2025-01-09 04:00:00,4,1,30.3,37.5,43.6,1.163,0.0,0.0,61.0
2025-01-09 05:00:00,5,1,24.1,62.4,22.8,1.188,0.0,0.0,31.9
2025-01-09 06:00:00,6,1,18.0,19.0,30.6,1.212,0.0,0.0,45.4
2025-01-09 07:00:00,7,1,19.9,70.8,12.0,1.205,0.0,0.0,11.0
2025-01-09 08:00:00,8,1,30.1,46.3,38.4,1.164,1.0,0.0,53.0
2025-01-09 09:00:00,9,1,28.1,0.7,35.7,1.172,5.0,117.7,54.5
2025-01-09 10:00:00,10,1,12.3,80.5,35.1,1.237,2.6,34.6,50.2
2025-01-09 11:00:00,11,1,34.3,98.9,13.1,1.148,3.4,34.2,18.8
2025-01-09 12:00:00,12,1,23.3,18.4,32.7,1.191,9.1,216.0,47.0
2025-01-09 13:00:00,13,1,27.0,89.0,22.1,1.176,3.9,54.8,35.1
2025-01-09 14:00:00,14,1,23.2,97.6,26.4,1.191,1.8,0.0,34.6
2025-01-09 15:00:00,15,1,23.9,2.7,13.2,1.188,4.9,118.5,14.4
2025-01-09 16:00:00,16,1,14.4,26.7,21.7,1.228,2.0,31.8,32.5
2025-01-09 17:00:00,17,1,17.1,6.0,41.7,1.216,1.4,33.2,59.8
2025-01-09 18:00:00,18,1,26.7,84.3,18.0,1.177,0.0,0.0,26.7
2025-01-09 19:00:00,19,1,20.3,96.2,8.7,1.203,0.0,0.0,10.0
2025-01-09 20:00:00,20,1,17.7,76.2,7.7,1.214,0.0,0.0,3.6
2025-01-09 21:00:00,21,1,26.1,80.3,39.2,1.18,0.0,0.0,52.4
2025-01-09 22:00:00,22,1,26.3,59.0,16.4,1.179,0.0,0.0,18.8
2025-01-09 23:00:00,23,1,7.2,25.9,7.5,1.259,0.0,0.0,9.2
2025-01-10 00:00:00,0,1,35.6,71.9,6.4,1.143,0.0,0.0,0.7
2025-01-10 01:00:00,1,1,8.1,80.8,28.2,1.255,0.0,0.0,39.8
2025-01-10 02:00:00,2,1,24.4,98.1,20.0,1.186,0.0,0.0,31.5
2025-01-10 03:00:00,3,1,14.2,47.1,15.2,1.228,0.0,0.0,14.2
2025-01-10 04:00:00,4,1,16.0,57.7,14.9,1.221,0.0,0.0,21.8
2025-01-10 05:00:00,5,1,32.1,79.4,11.9,1.156,0.0,0.0,16.0
2025-01-10 06:00:00,6,1,9.7,82.6,33.5,1.248,0.0,0.0,54.9
2025-01-10 07:00:00,7,1,32.6,6.2,26.6,1.154,1.4,24.3,34.9
2025-01-10 08:00:00,8,1,26.6,34.8,26.7,1.178,1.6,34.6,35.7
2025-01-10 09:00:00,9,1,13.3,55.6,39.0,1.232,2.2,23.8,60.3
2025-01-10 10:00:00,10,1,21.0,32.1,12.5,1.2,5.1,104.6,17.1
2025-01-10 11:00:00,11,1,23.1,65.2,38.3,1.192,5.1,90.2,53.0
2025-01-10 12:00:00,12,1,21.2,30.9,41.8,1.199,8.5,197.6,58.1
2025-01-10 13:00:00,13,1,36.9,89.7,24.5,1.138,3.8,49.3,32.3
2025-01-10 14:00:00,14,1,34.0,86.2,24.9,1.149,2.4,19.0,30.4
2025-01-10 15:00:00,15,1,23.7,47.8,6.6,1.189,2.6,45.1,7.5
2025-01-10 16:00:00,16,1,27.0,61.2,41.3,1.176,0.3,0.0,59.6
2025-01-10 17:00:00,17,1,24.2,25.3,30.2,1.187,0.4,0.0,36.5
2025-01-10 18:00:00,18,1,27.3,45.6,21.3,1.175,0.0,0.0,29.8
2025-01-10 19:00:00,19,1,29.4,89.7,12.9,1.167,0.0,0.0,20.9
2025-01-10 20:00:00,20,1,20.0,22.9,27.6,1.204,0.0,0.0,40.6
2025-01-10 21:00:00,21,1,22.6,72.0,25.5,1.194,0.0,0.0,40.1
2025-01-10 22:00:00,22,1,30.5,43.5,6.3,1.162,0.0,0.0,3.3
2025-01-10 23:00:00,23,1,32.4,5.5,13.7,1.155,0.0,0.9,21.0
2025-01-11 00:00:00,0,1,10.1,1.6,31.1,1.246,0.0,7.6,48.5
2025-01-11 01:00:00,1,1,27.4,81.8,14.1,1.174,0.0,0.0,21.3
2025-01-11 02:00:00,2,1,20.0,6.9,37.3,1.204,0.0,0.0,52.9
2025-01-11 03:00:00,3,1,22.6,75.7,7.2,1.194,0.0,0.0,6.2
2025-01-11 04:00:00,4,1,28.1,38.3,18.4,1.172,0.0,0.0,22.1
2025-01-11 05:00:00,5,1,28.2,60.4,42.7,1.171,0.0,0.0,58.9
2025-01-11 06:00:00,6,1,10.4,90.5,13.8,1.245,0.0,0.0,15.9
2025-01-11 07:00:00,7,1,18.0,49.0,31.1,1.212,0.0,0.0,48.2
2025-01-11 08:00:00,8,1,21.0,27.6,42.9,1.2,2.0,34.2,58.9
2025-01-11 09:00:00,9,1,16.7,98.5,41.1,1.218,0.1,0.0,58.4
2025-01-11 10:00:00,10,1,33.7,64.7,36.6,1.15,3.4,47.6,49.6
2025-01-11 11:00:00,11,1,24.2,5.6,13.0,1.187,8.1,190.2,17.2
2025-01-11 12:00:00,12,1,26.1,28.6,6.8,1.18,8.6,193.5,7.8
2025-01-11 13:00:00,13,1,32.1,49.7,40.8,1.156,5.8,131.9,53.5
2025-01-11 14:00:00,14,1,19.4,6.5,8.7,1.207,6.3,155.1,5.6
2025-01-11 15:00:00,15,1,23.1,25.8,5.9,1.192,3.7,91.1,7.0
2025-01-11 16:00:00,16,1,18.9,95.4,21.2,1.209,0.0,0.0,26.4
2025-01-11 17:00:00,17,1,20.5,59.0,37.8,1.202,0.0,0.0,54.7
2025-01-11 18:00:00,18,1,20.8,33.5,15.9,1.201,0.0,0.0,22.2
2025-01-11 19:00:00,19,1,18.0,27.6,20.2,1.212,0.0,0.0,20.0
2025-01-11 20:00:00,20,1,26.3,42.2,8.7,1.179,0.0,0.0,11.0
2025-01-11 21:00:00,21,1,25.5,9.4,5.3,1.182,0.0,0.0,6.1
2025-01-11 22:00:00,22,1,41.5,32.2,19.2,1.122,0.0,0.0,19.5
2025-01-11 23:00:00,23,1,16.7,72.3,26.7,1.218,0.0,0.0,36.8
2025-01-12 00:00:00,0,1,19.1,69.1,31.8,1.208,0.0,0.0,44.1
2025-01-12 01:00:00,1,1,29.6,15.6,42.0,1.166,0.0,0.0,62.9
2025-01-12 02:00:00,2,1,23.6,42.7,11.0,1.19,0.0,0.0,9.2
2025-01-12 03:00:00,3,1,11.1,76.3,26.2,1.242,0.0,0.0,37.3
2025-01-12 04:00:00,4,1,34.1,86.4,42.8,1.149,0.0,0.0,59.7
2025-01-12 05:00:00,5,1,35.8,94.2,23.0,1.143,0.0,0.0,27.9
2025-01-12 06:00:00,6,1,31.0,65.7,26.7,1.161,0.0,0.0,37.8
2025-01-12 07:00:00,7,1,22.5,93.3,41.7,1.194,0.0,0.0,59.8
2025-01-12 08:00:00,8,1,21.6,29.9,30.6,1.198,1.8,31.2,41.3
2025-01-12 09:00:00,9,1,11.1,58.2,30.8,1.242,2.1,17.9,40.0
2025-01-12 10:00:00,10,1,6.4,63.4,44.5,1.263,3.5,51.1,61.6
2025-01-12 11:00:00,11,1,25.7,40.8,43.8,1.181,6.3,123.0,59.1
2025-01-12 12:00:00,12,1,25.0,13.3,8.6,1.184,9.3,228.2,9.7
2025-01-12 13:00:00,13,1,33.4,86.2,42.1,1.151,4.0,54.5,60.5
2025-01-12 14:00:00,14,1,31.2,15.3,17.6,1.16,5.9,137.7,28.1
2025-01-12 15:00:00,15,1,12.5,49.3,18.1,1.236,2.5,40.7,30.3
2025-01-12 16:00:00,16,1,37.0,49.8,6.9,1.138,0.8,0.0,2.6
2025-01-12 17:00:00,17,1,21.7,46.3,40.5,1.197,0.0,0.0,55.6
2025-01-12 18:00:00,18,1,8.7,93.2,23.0,1.252,0.0,0.0,31.8
2025-01-12 19:00:00,19,1,6.9,78.0,18.1,1.26,0.0,0.0,26.7
2025-01-12 20:00:00,20,1,22.2,97.8,16.5,1.195,0.0,0.0,22.0
2025-01-12 21:00:00,21,1,26.3,64.6,22.4,1.179,0.0,0.0,33.8
2025-01-12 22:00:00,22,1,17.6,27.3,10.8,1.214,0.0,0.0,13.0
2025-01-12 23:00:00,23,1,14.7,68.3,13.1,1.226,0.0,0.0,8.7
2025-01-13 00:00:00,0,1,20.8,57.2,37.9,1.201,0.0,0.0,58.3
2025-01-13 01:00:00,1,1,24.6,87.5,26.7,1.186,0.0,0.0,35.4
2025-01-13 02:00:00,2,1,28.4,53.5,15.2,1.171,0.0,0.0,22.3
2025-01-13 03:00:00,3,1,31.8,44.7,40.3,1.158,0.0,0.0,57.8
2025-01-13 04:00:00,4,1,25.8,33.5,43.8,1.181,0.0,0.0,65.1
2025-01-13 05:00:00,5,1,22.0,98.3,23.8,1.196,0.0,0.0,40.1
2025-01-13 06:00:00,6,1,13.8,58.2,43.2,1.23,0.0,0.0,58.0
2025-01-13 07:00:00,7,1,18.8,94.0,10.1,1.209,0.0,0.0,11.5
2025-01-13 08:00:00,8,1,27.6,94.1,23.6,1.174,0.0,0.0,31.6
2025-01-13 09:00:00,9,1,27.3,26.1,35.4,1.175,3.7,86.4,50.3
2025-01-13 10:00:00,10,1,38.5,84.7,35.5,1.133,2.4,12.5,49.5
2025-01-13 11:00:00,11,1,24.9,62.0,33.1,1.184,5.2,100.4,47.5
2025-01-13 12:00:00,12,1,10.6,54.6,37.7,1.244,7.3,156.4,58.1
2025-01-13 13:00:00,13,1,19.2,13.7,8.6,1.207,7.6,181.2,8.1
2025-01-13 14:00:00,14,1,20.5,24.0,27.7,1.202,5.5,135.1,35.4
2025-01-13 15:00:00,15,1,32.2,70.7,9.3,1.156,1.5,4.1,9.1
2025-01-13 16:00:00,16,1,36.1,14.5,21.3,1.141,2.6,60.4,26.8
2025-01-13 17:00:00,17,1,10.9,9.4,20.2,1.243,1.2,28.7,30.7
2025-01-13 18:00:00,18,1,26.1,57.9,20.6,1.18,0.0,0.0,19.4
2025-01-13 19:00:00,19,1,32.5,60.3,41.9,1.155,0.0,0.0,59.5
2025-01-13 20:00:00,20,1,17.4,93.9,38.2,1.215,0.0,0.0,52.8
2025-01-13 21:00:00,21,1,28.1,27.1,44.7,1.172,0.0,0.0,64.6
2025-01-13 22:00:00,22,1,22.9,52.7,41.0,1.192,0.0,0.0,55.9
2025-01-13 23:00:00,23,1,28.7,81.8,43.9,1.169,0.0,0.0,64.3
2025-01-14 00:00:00,0,1,27.2,14.7,15.2,1.175,0.0,0.0,13.7
2025-01-14 01:00:00,1,1,24.9,45.8,6.3,1.184,0.0,0.0,10.1
2025-01-14 02:00:00,2,1,28.2,29.9,36.2,1.171,0.0,0.0,54.8
2025-01-14 03:00:00,3,1,33.8,88.5,20.4,1.15,0.0,0.0,28.2
2025-01-14 04:00:00,4,1,18.5,51.2,27.9,1.21,0.0,0.0,39.2
2025-01-14 05:00:00,5,1,20.2,67.5,40.5,1.203,0.0,0.0,61.7
2025-01-14 06:00:00,6,1,26.0,60.4,44.1,1.18,0.0,0.0,65.4
2025-01-14 07:00:00,7,1,31.7,38.1,38.8,1.158,0.0,0.0,55.2
2025-01-14 08:00:00,8,1,32.3,29.0,20.8,1.156,1.9,33.2,29.8
2025-01-14 09:00:00,9,1,24.7,36.3,40.1,1.185,3.2,65.1,57.7
2025-01-14 10:00:00,10,1,8.5,32.3,42.4,1.253,5.1,123.6,62.7
2025-01-14 11:00:00,11,1,22.8,27.5,42.7,1.193,7.0,155.5,62.7
2025-01-14 12:00:00,12,1,25.4,35.3,26.8,1.182,8.2,190.3,33.8
2025-01-14 13:00:00,13,1,28.9,61.6,41.5,1.169,5.3,96.2,60.1
2025-01-14 14:00:00,14,1,29.1,95.5,36.0,1.168,1.9,1.2,50.9
2025-01-14 15:00:00,15,1,27.9,10.0,22.8,1.173,4.5,110.5,28.5
2025-01-14 16:00:00,16,1,30.8,90.7,10.2,1.161,0.0,0.0,12.5
2025-01-14 17:00:00,17,1,18.6,14.4,5.6,1.21,0.9,23.3,8.0
2025-01-14 18:00:00,18,1,35.2,47.7,36.4,1.145,0.0,0.0,51.1
2025-01-14 19:00:00,19,1,19.9,37.6,8.0,1.205,0.0,0.0,8.2
2025-01-14 20:00:00,20,1,36.9,83.9,11.7,1.138,0.0,0.0,11.9
2025-01-14 21:00:00,21,1,26.0,71.8,27.8,1.18,0.0,0.0,42.5
2025-01-14 22:00:00,22,1,24.7,62.4,36.2,1.185,0.0,0.0,53.0
2025-01-14 23:00:00,23,1,21.8,35.4,32.3,1.197,0.0,0.0,45.8
2025-01-15 00:00:00,0,1,22.2,61.1,35.3,1.195,0.0,0.0,47.0
2025-01-15 01:00:00,1,1,23.8,75.2,26.4,1.189,0.0,0.0,37.1
2025-01-15 02:00:00,2,1,31.2,54.8,11.0,1.16,0.0,0.0,13.2
2025-01-15 03:00:00,3,1,21.2,80.4,44.0,1.199,0.0,0.0,60.8
2025-01-15 04:00:00,4,1,27.0,82.2,31.1,1.176,0.0,0.0,48.8
2025-01-15 05:00:00,5,1,22.1,38.8,22.8,1.196,0.0,0.0,32.8
2025-01-15 06:00:00,6,1,16.5,19.3,30.2,1.219,0.0,0.0,39.1
2025-01-15 07:00:00,7,1,16.0,35.2,32.3,1.221,0.0,0.0,43.9
2025-01-15 08:00:00,8,1,34.3,66.5,22.8,1.148,0.0,0.0,32.1
2025-01-15 09:00:00,9,1,28.5,18.8,42.9,1.17,4.1,93.9,63.5
2025-01-15 10:00:00,10,1,36.9,56.4,18.6,1.138,3.8,65.8,25.1
2025-01-15 11:00:00,11,1,21.3,44.0,32.2,1.199,6.1,130.7,46.2
2025-01-15 12:00:00,12,1,18.3,9.6,18.9,1.211,9.5,232.7,25.6
2025-01-15 13:00:00,13,1,20.1,71.8,16.0,1.204,4.7,77.8,17.3
2025-01-15 14:00:00,14,1,18.2,49.6,7.6,1.212,4.2,79.9,5.7
2025-01-15 15:00:00,15,1,30.3,60.9,18.7,1.163,2.0,18.0,21.6
2025-01-15 16:00:00,16,1,39.4,86.3,36.4,1.129,0.0,0.0,52.7
2025-01-15 17:00:00,17,1,30.2,78.0,16.8,1.164,0.0,0.0,19.8
2025-01-15 18:00:00,18,1,29.9,58.4,19.0,1.165,0.0,0.0,23.4
2025-01-15 19:00:00,19,1,28.7,90.4,16.6,1.169,0.0,0.0,22.4
2025-01-15 20:00:00,20,1,27.4,64.7,8.6,1.174,0.0,0.0,9.5
2025-01-15 21:00:00,21,1,26.4,57.6,17.0,1.178,0.0,0.0,24.2
2025-01-15 22:00:00,22,1,26.9,46.6,19.2,1.176,0.0,0.0,22.4
2025-01-15 23:00:00,23,1,27.1,67.5,40.1,1.176,0.0,0.0,53.2
2025-01-16 00:00:00,0,1,36.9,66.4,31.7,1.138,0.0,0.0,42.1
2025-01-16 01:00:00,1,1,22.1,67.9,37.0,1.196,0.0,0.0,52.4
2025-01-16 02:00:00,2,1,27.1,13.7,34.9,1.176,0.0,0.0,49.9
2025-01-16 03:00:00,3,1,10.0,43.6,41.9,1.247,0.0,0.0,61.1
2025-01-16 04:00:00,4,1,22.5,59.5,28.1,1.194,0.0,0.0,37.6
2025-01-16 05:00:00,5,1,24.1,7.1,26.8,1.188,0.0,0.0,36.0
2025-01-16 06:00:00,6,1,15.5,24.7,40.9,1.223,0.0,0.0,58.4
2025-01-16 07:00:00,7,1,37.9,88.4,32.5,1.135,0.0,0.0,45.6
2025-01-16 08:00:00,8,1,23.0,82.4,5.5,1.192,0.0,0.0,9.1
2025-01-16 09:00:00,9,1,22.0,22.5,15.7,1.196,3.9,96.1,19.4
2025-01-16 10:00:00,10,1,22.4,74.9,36.7,1.194,2.9,33.1,46.6
2025-01-16 11:00:00,11,1,22.7,62.4,30.3,1.193,5.2,95.8,42.3
2025-01-16 12:00:00,12,1,15.9,64.0,11.6,1.221,6.8,142.1,10.5
2025-01-16 13:00:00,13,1,27.7,15.9,11.8,1.173,7.5,172.1,13.8
2025-01-16 14:00:00,14,1,30.2,2.3,20.7,1.164,6.6,164.2,21.6
2025-01-16 15:00:00,15,1,18.4,20.0,8.1,1.211,4.0,80.9,13.6
2025-01-16 16:00:00,16,1,28.0,18.8,33.1,1.172,2.4,56.8,46.4
2025-01-16 17:00:00,17,1,26.4,46.8,19.1,1.178,0.0,0.0,26.4
2025-01-16 18:00:00,18,1,28.8,28.3,26.3,1.169,0.0,0.0,35.5
2025-01-16 19:00:00,19,1,33.9,96.4,19.3,1.15,0.0,0.0,23.3
2025-01-16 20:00:00,20,1,25.2,12.1,21.1,1.183,0.0,0.0,29.8
2025-01-16 21:00:00,21,1,18.8,67.7,13.6,1.209,0.0,0.0,18.6
2025-01-16 22:00:00,22,1,21.7,87.0,35.2,1.197,0.0,0.0,46.9
2025-01-16 23:00:00,23,1,27.0,26.0,26.9,1.176,0.0,0.0,38.1
2025-01-17 00:00:00,0,1,21.3,89.6,38.0,1.199,0.0,0.0,58.5
2025-01-17 01:00:00,1,1,26.9,46.2,23.1,1.176,0.0,0.0,35.2
2025-01-17 02:00:00,2,1,16.5,82.2,31.4,1.219,0.0,0.0,43.0
2025-01-17 03:00:00,3,1,26.4,9.0,43.3,1.178,0.0,0.0,59.4
2025-01-17 04:00:00,4,1,28.7,61.9,7.0,1.169,0.0,0.0,10.0
2025-01-17 05:00:00,5,1,21.2,69.3,23.0,1.199,0.0,0.0,34.7
2025-01-17 06:00:00,6,1,25.0,59.1,30.3,1.184,0.0,0.0,44.3
2025-01-17 07:00:00,7,1,21.3,20.8,7.0,1.199,0.6,12.1,11.3
2025-01-17 08:00:00,8,1,22.2,21.8,26.1,1.195,2.2,47.1,38.7
2025-01-17 09:00:00,9,1,37.3,62.8,12.4,1.137,1.9,16.1,10.7
2025-01-17 10:00:00,10,1,25.8,67.5,6.2,1.181,3.3,47.1,13.1
2025-01-17 11:00:00,11,1,27.8,86.3,12.4,1.173,4.0,50.3,12.0
2025-01-17 12:00:00,12,1,29.3,81.4,33.9,1.167,5.9,113.9,52.1
2025-01-17 13:00:00,13,1,17.0,0.2,34.2,1.217,8.3,211.5,52.5
2025-01-17 14:00:00,14,1,17.1,66.1,25.9,1.216,3.4,46.4,34.0
2025-01-17 15:00:00,15,1,22.8,59.3,44.1,1.193,2.0,17.4,55.6
2025-01-17 16:00:00,16,1,17.1,51.5,42.7,1.216,0.8,0.0,61.5
2025-01-17 17:00:00,17,1,27.7,9.1,38.3,1.173,1.2,31.7,52.2
2025-01-17 18:00:00,18,1,36.6,28.8,43.4,1.14,0.0,0.0,59.4
2025-01-17 19:00:00,19,1,24.2,75.9,36.6,1.187,0.0,0.0,55.4
2025-01-17 20:00:00,20,1,25.7,4.6,28.7,1.181,0.0,0.0,36.3
2025-01-17 21:00:00,21,1,31.7,71.7,31.2,1.158,0.0,0.0,44.0
2025-01-17 22:00:00,22,1,19.4,76.9,30.3,1.207,0.0,0.0,46.1
2025-01-17 23:00:00,23,1,22.2,30.6,14.0,1.195,0.0,0.0,12.9
2025-01-18 00:00:00,0,1,17.0,32.6,43.4,1.217,0.0,0.0,62.1
2025-01-18 01:00:00,1,1,9.1,49.1,14.0,1.251,0.0,0.0,11.6
2025-01-18 02:00:00,2,1,23.0,13.4,12.8,1.192,0.0,0.0,17.9
2025-01-18 03:00:00,3,1,33.8,84.1,35.0,1.15,0.0,0.0,46.6
2025-01-18 04:00:00,4,1,18.2,84.7,44.3,1.212,0.0,0.0,62.8
2025-01-18 05:00:00,5,1,29.5,9.7,38.8,1.166,0.0,0.0,54.6
2025-01-18 06:00:00,6,1,22.2,14.5,5.1,1.195,0.0,0.0,0.7
2025-01-18 07:00:00,7,1,29.6,71.7,29.4,1.166,0.0,0.0,39.2
2025-01-18 08:00:00,8,1,13.9,45.3,42.3,1.23,1.1,8.1,58.9
2025-01-18 09:00:00,9,1,24.0,71.2,39.3,1.188,1.4,0.0,57.3
2025-01-18 10:00:00,10,1,27.0,47.5,21.9,1.176,4.3,83.2,31.1
2025-01-18 11:00:00,11,1,24.4,84.6,15.2,1.186,4.1,62.0,19.1
2025-01-18 12:00:00,12,1,23.0,24.0,22.3,1.192,8.8,210.5,27.5
2025-01-18 13:00:00,13,1,22.4,79.2,29.6,1.194,4.4,67.2,38.4
2025-01-18 14:00:00,14,1,17.3,53.9,10.4,1.215,4.0,72.2,8.9
2025-01-18 15:00:00,15,1,9.9,85.6,34.9,1.247,0.7,0.0,52.0
2025-01-18 16:00:00,16,1,-7.6,35.9,22.4,1.329,1.5,20.9,34.5
2025-01-18 17:00:00,17,1,29.4,55.7,30.1,1.167,0.0,0.0,42.4
2025-01-18 18:00:00,18,1,20.6,85.7,38.8,1.202,0.0,0.0,55.5
2025-01-18 19:00:00,19,1,15.3,8.7,10.9,1.224,0.0,2.3,13.3
2025-01-18 20:00:00,20,1,26.3,65.6,13.3,1.179,0.0,0.0,19.8
2025-01-18 21:00:00,21,1,17.2,98.4,30.6,1.216,0.0,0.0,42.9
2025-01-18 22:00:00,22,1,32.0,40.7,11.1,1.157,0.0,0.0,18.4
2025-01-18 23:00:00,23,1,33.6,35.5,27.1,1.151,0.0,0.0,33.6
2025-01-19 00:00:00,0,1,27.2,12.5,22.8,1.175,0.0,0.0,33.7
2025-01-19 01:00:00,1,1,24.3,13.0,16.1,1.187,0.0,0.5,13.3
2025-01-19 02:00:00,2,1,20.7,79.1,15.0,1.201,0.0,0.0,15.5
2025-01-19 03:00:00,3,1,27.2,54.5,22.0,1.175,0.0,0.0,27.2
2025-01-19 04:00:00,4,1,21.1,68.0,22.6,1.2,0.0,0.0,25.4
2025-01-19 05:00:00,5,1,14.7,60.6,23.7,1.226,0.0,0.0,30.4
2025-01-19 06:00:00,6,1,28.7,18.1,34.4,1.169,0.0,0.0,44.7
2025-01-19 07:00:00,7,1,32.4,59.3,21.8,1.155,0.0,0.0,27.0
2025-01-19 08:00:00,8,1,34.6,75.2,18.6,1.147,0.0,0.0,23.8
2025-01-19 09:00:00,9,1,35.2,27.6,10.6,1.145,3.6,75.8,13.2
2025-01-19 10:00:00,10,1,30.0,79.5,9.1,1.164,2.7,25.1,14.1
2025-01-19 11:00:00,11,1,34.2,39.2,43.4,1.148,6.4,149.8,61.1
2025-01-19 12:00:00,12,1,12.4,41.4,18.6,1.236,7.9,178.7,24.2
2025-01-19 13:00:00,13,1,32.2,54.3,24.8,1.156,5.6,113.4,33.6
2025-01-19 14:00:00,14,1,34.9,74.6,29.6,1.146,2.9,37.3,39.6
2025-01-19 15:00:00,15,1,13.1,21.7,36.0,1.233,3.9,86.6,50.6
2025-01-19 16:00:00,16,1,20.3,73.9,26.4,1.203,0.0,0.0,36.9
2025-01-19 17:00:00,17,1,33.0,87.8,9.7,1.153,0.0,0.0,13.5
2025-01-19 18:00:00,18,1,29.3,34.1,13.3,1.167,0.0,0.0,14.5
2025-01-19 19:00:00,19,1,27.4,22.3,24.2,1.174,0.0,0.0,34.3
2025-01-19 20:00:00,20,1,32.8,52.6,25.1,1.154,0.0,0.0,33.4
2025-01-19 21:00:00,21,1,35.1,99.0,17.1,1.145,0.0,0.0,22.2
2025-01-19 22:00:00,22,1,19.2,43.2,28.2,1.207,0.0,0.0,41.0
2025-01-19 23:00:00,23,1,21.6,24.4,42.5,1.198,0.0,0.0,57.7
2025-01-20 00:00:00,0,1,11.0,29.4,8.0,1.242,0.0,0.0,6.1
2025-01-20 01:00:00,1,1,27.5,95.4,43.0,1.174,0.0,0.0,54.8
2025-01-20 02:00:00,2,1,25.5,40.4,40.7,1.182,0.0,0.0,59.2
2025-01-20 03:00:00,3,1,38.4,28.4,25.2,1.133,0.0,0.0,27.3
2025-01-20 04:00:00,4,1,33.0,64.0,13.1,1.153,0.0,0.0,18.7
2025-01-20 05:00:00,5,1,1.8,48.8,12.5,1.284,0.0,0.0,15.9
2025-01-20 06:00:00,6,1,5.4,2.7,20.6,1.267,0.0,1.0,34.3
2025-01-20 07:00:00,7,1,14.2,69.6,7.8,1.228,0.0,0.0,9.1
2025-01-20 08:00:00,8,1,31.3,61.4,40.5,1.159,0.3,0.0,62.4
2025-01-20 09:00:00,9,1,40.3,6.2,8.2,1.126,4.7,120.9,6.4
2025-01-20 10:00:00,10,1,32.6,58.9,15.9,1.154,3.7,66.0,24.1
2025-01-20 11:00:00,11,1,16.3,61.1,30.7,1.22,5.3,106.8,41.1
2025-01-20 12:00:00,12,1,28.2,83.3,31.5,1.171,5.8,91.7,43.6
2025-01-20 13:00:00,13,1,33.0,42.1,19.7,1.153,6.2,137.2,26.0
2025-01-20 14:00:00,14,1,27.3,31.6,15.2,1.175,5.1,103.6,16.9
2025-01-20 15:00:00,15,1,33.7,12.9,15.1,1.15,4.4,103.5,16.4
2025-01-20 16:00:00,16,1,34.9,13.5,5.6,1.146,2.7,60.9,0.0
2025-01-20 17:00:00,17,1,26.3,61.7,14.9,1.179,0.0,0.0,18.2
2025-01-20 18:00:00,18,1,29.5,35.4,25.5,1.166,0.0,0.0,37.3
2025-01-20 19:00:00,19,1,14.1,49.5,7.8,1.229,0.0,0.0,11.3
2025-01-20 20:00:00,20,1,25.4,78.8,12.7,1.182,0.0,0.0,20.2
2025-01-20 21:00:00,21,1,21.9,24.0,27.2,1.196,0.0,0.0,32.9
2025-01-20 22:00:00,22,1,29.6,91.7,32.8,1.166,0.0,0.0,46.5
2025-01-20 23:00:00,23,1,24.8,3.4,9.4,1.185,0.0,1.2,12.0
2025-01-21 00:00:00,0,1,30.0,32.0,23.4,1.164,0.0,0.0,28.7
2025-01-21 01:00:00,1,1,24.6,85.1,31.9,1.186,0.0,0.0,47.1
2025-01-21 02:00:00,2,1,53.3,32.1,23.3,1.081,0.0,0.0,29.6
2025-01-21 03:00:00,3,1,14.2,17.8,11.4,1.228,0.0,0.0,17.6
2025-01-21 04:00:00,4,1,12.1,94.3,43.3,1.237,0.0,0.0,65.1
2025-01-21 05:00:00,5,1,12.1,39.0,35.0,1.237,0.0,0.0,46.8
2025-01-21 06:00:00,6,1,25.5,54.0,24.7,1.182,0.0,0.0,38.2
2025-01-21 07:00:00,7,1,17.1,62.3,37.9,1.216,0.0,0.0,56.6
2025-01-21 08:00:00,8,1,24.1,57.8,19.2,1.188,0.4,0.0,27.4
2025-01-21 09:00:00,9,1,26.8,68.8,18.8,1.177,1.6,10.4,25.0
2025-01-21 10:00:00,10,1,14.3,27.8,21.3,1.228,5.3,124.9,30.5
2025-01-21 11:00:00,11,1,9.2,80.0,10.6,1.25,4.3,59.7,13.7
2025-01-21 12:00:00,12,1,27.2,94.5,43.0,1.175,5.3,83.6,60.5
2025-01-21 13:00:00,13,1,16.2,89.5,33.7,1.22,3.9,50.8,50.7
2025-01-21 14:00:00,14,1,27.7,74.8,24.8,1.173,2.9,34.8,35.9
2025-01-21 15:00:00,15,1,22.4,6.4,42.5,1.194,4.7,113.7,60.7
2025-01-21 16:00:00,16,1,35.0,48.9,7.4,1.146,0.9,1.0,6.3
2025-01-21 17:00:00,17,1,28.6,90.1,11.9,1.17,0.0,0.0,14.6
2025-01-21 18:00:00,18,1,33.9,10.4,10.8,1.15,0.0,0.0,8.8
2025-01-21 19:00:00,19,1,29.5,59.3,21.7,1.166,0.0,0.0,28.1
2025-01-21 20:00:00,20,1,17.0,1.1,37.8,1.217,0.0,0.7,49.6
2025-01-21 21:00:00,21,1,17.8,8.7,42.2,1.213,0.0,0.0,56.7
2025-01-21 22:00:00,22,1,32.8,62.1,30.9,1.154,0.0,0.0,37.0
2025-01-21 23:00:00,23,1,35.1,22.3,13.0,1.145,0.0,0.0,15.3
2025-01-22 00:00:00,0,1,18.4,23.6,36.1,1.211,0.0,0.0,50.4
2025-01-22 01:00:00,1,1,32.2,31.1,16.1,1.156,0.0,0.0,21.1
2025-01-22 02:00:00,2,1,24.3,52.4,43.2,1.187,0.0,0.0,63.0
2025-01-22 03:00:00,3,1,33.0,31.1,30.6,1.153,0.0,0.0,41.9
2025-01-22 04:00:00,4,1,15.6,98.8,7.6,1.222,0.0,0.0,8.0
2025-01-22 05:00:00,5,1,30.9,82.3,20.4,1.161,0.0,0.0,26.3
2025-01-22 06:00:00,6,1,26.1,79.9,32.7,1.18,0.0,0.0,44.1
2025-01-22 07:00:00,7,1,49.8,64.1,18.8,1.093,0.0,0.0,26.3
2025-01-22 08:00:00,8,1,17.3,76.2,31.3,1.215,0.0,0.0,43.1
2025-01-22 09:00:00,9,1,28.3,5.5,23.8,1.171,4.7,116.6,31.2
2025-01-22 10:00:00,10,1,12.9,9.9,9.3,1.234,6.2,147.8,13.8
2025-01-22 11:00:00,11,1,26.8,63.1,39.1,1.177,5.2,103.6,59.9
2025-01-22 12:00:00,12,1,33.3,27.2,33.7,1.152,8.6,197.6,38.8
2025-01-22 13:00:00,13,1,34.9,62.0,43.2,1.146,5.2,99.0,57.7
2025-01-22 14:00:00,14,1,26.0,73.5,19.1,1.18,3.0,38.7,23.1
2025-01-22 15:00:00,15,1,42.5,6.7,41.0,1.118,4.7,113.0,61.2
2025-01-22 16:00:00,16,1,20.4,16.6,7.7,1.202,2.5,48.2,5.6
2025-01-22 17:00:00,17,1,26.4,13.0,25.7,1.178,1.0,2.5,38.5
2025-01-22 18:00:00,18,1,29.2,15.6,22.3,1.167,0.0,0.0,27.4
2025-01-22 19:00:00,19,1,35.9,18.3,38.1,1.142,0.0,0.0,54.1
2025-01-22 20:00:00,20,1,14.7,46.1,31.5,1.226,0.0,0.0,46.6
2025-01-22 21:00:00,21,1,27.8,83.0,34.3,1.173,0.0,0.0,51.0
2025-01-22 22:00:00,22,1,10.5,35.7,27.9,1.244,0.0,0.0,35.7
2025-01-22 23:00:00,23,1,22.5,75.5,30.1,1.194,0.0,0.0,47.2
2025-01-23 00:00:00,0,1,24.6,86.8,40.4,1.186,0.0,0.0,51.3
2025-01-23 01:00:00,1,1,24.4,55.9,36.2,1.186,0.0,0.0,49.2
2025-01-23 02:00:00,2,1,24.0,29.2,27.3,1.188,0.0,0.0,37.9
2025-01-23 03:00:00,3,1,17.6,78.7,20.4,1.214,0.0,0.0,28.1
2025-01-23 04:00:00,4,1,9.1,70.9,30.5,1.251,0.0,0.0,48.1
2025-01-23 05:00:00,5,1,14.7,39.0,34.9,1.226,0.0,0.0,43.5
2025-01-23 06:00:00,6,1,36.3,73.2,22.5,1.141,0.0,0.0,32.9
2025-01-23 07:00:00,7,1,31.5,47.9,35.4,1.159,0.0,0.0,46.7
2025-01-23 08:00:00,8,1,18.1,52.4,37.7,1.212,0.7,0.0,50.1
2025-01-23 09:00:00,9,1,31.2,57.1,14.5,1.16,2.1,27.0,15.1
2025-01-23 10:00:00,10,1,18.3,71.6,32.3,1.211,3.1,38.5,49.1
2025-01-23 11:00:00,11,1,24.4,73.3,40.3,1.186,4.7,79.1,56.7
2025-01-23 12:00:00,12,1,35.6,92.3,40.8,1.143,5.4,91.2,58.5
2025-01-23 13:00:00,13,1,26.8,8.7,24.9,1.177,7.9,187.6,33.5
2025-01-23 14:00:00,14,1,23.2,26.9,23.4,1.191,5.3,120.6,28.6
2025-01-23 15:00:00,15,1,27.0,97.2,33.6,1.176,0.1,0.0,49.9
2025-01-23 16:00:00,16,1,32.2,76.9,21.5,1.156,0.0,0.0,27.7
2025-01-23 17:00:00,17,1,36.0,21.8,30.7,1.142,0.6,8.3,44.7
2025-01-23 18:00:00,18,1,28.7,2.7,40.6,1.169,0.0,1.6,50.7
2025-01-23 19:00:00,19,1,22.7,53.7,22.7,1.193,0.0,0.0,35.3
2025-01-23 20:00:00,20,1,20.5,48.4,5.5,1.202,0.0,0.0,5.0
2025-01-23 21:00:00,21,1,33.2,72.7,29.8,1.152,0.0,0.0,35.3
2025-01-23 22:00:00,22,1,20.1,96.8,29.8,1.204,0.0,0.0,37.5
2025-01-23 23:00:00,23,1,24.6,64.4,24.6,1.186,0.0,0.0,33.8
2025-01-24 00:00:00,0,1,36.0,71.7,25.3,1.142,0.0,0.0,35.9
2025-01-24 01:00:00,1,1,28.4,34.3,6.4,1.171,0.0,0.0,4.1
2025-01-24 02:00:00,2,1,11.4,29.4,24.4,1.241,0.0,0.0,36.5
2025-01-24 03:00:00,3,1,21.5,74.3,44.5,1.198,0.0,0.0,65.1
2025-01-24 04:00:00,4,1,11.1,14.8,29.0,1.242,0.0,0.0,40.3
2025-01-24 05:00:00,5,1,21.5,10.5,30.9,1.198,0.0,0.0,40.5
2025-01-24 06:00:00,6,1,36.8,28.0,13.3,1.139,0.0,0.0,14.9
2025-01-24 07:00:00,7,1,27.4,44.6,26.1,1.174,0.0,0.0,33.7
2025-01-24 08:00:00,8,1,29.5,76.3,28.6,1.166,0.0,0.0,35.8
2025-01-24 09:00:00,9,1,30.6,90.4,36.2,1.162,0.5,0.0,55.1
2025-01-24 10:00:00,10,1,26.3,96.6,34.2,1.179,1.8,5.9,51.2
2025-01-24 11:00:00,11,1,45.5,56.2,29.6,1.108,5.5,110.3,40.2
2025-01-24 12:00:00,12,1,22.3,84.3,18.5,1.195,5.8,102.6,24.8
2025-01-24 13:00:00,13,1,25.3,47.3,43.2,1.183,6.0,127.3,64.3
2025-01-24 14:00:00,14,1,21.8,35.4,29.5,1.197,4.9,108.6,39.7
2025-01-24 15:00:00,15,1,15.7,8.7,32.4,1.222,4.6,113.5,41.2
2025-01-24 16:00:00,16,1,22.4,86.0,24.7,1.194,0.0,0.0,31.9
2025-01-24 17:00:00,17,1,19.9,14.1,43.2,1.205,1.0,24.9,62.3
2025-01-24 18:00:00,18,1,37.3,39.2,40.8,1.137,0.0,0.0,66.5
2025-01-24 19:00:00,19,1,27.0,81.6,30.3,1.176,0.0,0.0,42.5
2025-01-24 20:00:00,20,1,29.1,97.8,40.6,1.168,0.0,0.0,56.8
2025-01-24 21:00:00,21,1,17.7,6.1,21.6,1.214,0.0,0.0,33.9
2025-01-24 22:00:00,22,1,26.5,77.7,30.8,1.178,0.0,0.0,44.7
2025-01-24 23:00:00,23,1,21.0,29.8,11.0,1.2,0.0,0.0,14.4
2025-01-25 00:00:00,0,1,37.8,51.1,21.3,1.135,0.0,0.0,29.4
2025-01-25 01:00:00,1,1,43.0,59.1,14.2,1.117,0.0,0.0,16.5
2025-01-25 02:00:00,2,1,27.8,35.7,41.1,1.173,0.0,0.0,55.6
2025-01-25 03:00:00,3,1,19.3,94.4,30.6,1.207,0.0,0.0,36.8
2025-01-25 04:00:00,4,1,10.7,47.4,37.1,1.244,0.0,0.0,53.9
2025-01-25 05:00:00,5,1,29.3,33.0,9.6,1.167,0.0,0.0,8.0
2025-01-25 06:00:00,6,1,16.6,56.8,42.3,1.218,0.0,0.0,55.2
2025-01-25 07:00:00,7,1,27.3,77.9,31.2,1.175,0.0,0.0,44.0
2025-01-25 08:00:00,8,1,36.3,37.1,34.7,1.141,1.5,11.6,50.5
2025-01-25 09:00:00,9,1,14.3,51.4,41.0,1.228,2.4,25.0,56.8
2025-01-25 10:00:00,10,1,28.8,68.0,28.3,1.169,3.3,43.8,38.2
2025-01-25 11:00:00,11,1,26.1,17.1,18.5,1.18,7.5,185.5,24.3
2025-01-25 12:00:00,12,1,28.3,80.9,30.9,1.171,6.0,110.2,42.7
2025-01-25 13:00:00,13,1,18.3,64.3,31.5,1.211,5.1,89.0,45.5
2025-01-25 14:00:00,14,1,15.9,16.0,5.1,1.221,5.9,128.2,0.7
2025-01-25 15:00:00,15,1,22.3,51.7,39.0,1.195,2.4,38.3,55.7
2025-01-25 16:00:00,16,1,38.1,62.8,33.8,1.134,0.2,0.0,49.2
2025-01-25 17:00:00,17,1,38.5,77.3,36.5,1.133,0.0,0.0,50.8
2025-01-25 18:00:00,18,1,29.7,99.1,42.8,1.166,0.0,0.0,58.1
2025-01-25 19:00:00,19,1,38.5,1.9,40.1,1.133,0.0,0.0,57.1
2025-01-25 20:00:00,20,1,29.8,64.4,36.2,1.165,0.0,0.0,51.7
2025-01-25 21:00:00,21,1,27.5,7.9,44.1,1.174,0.0,0.0,62.9
2025-01-25 22:00:00,22,1,22.8,54.7,23.8,1.193,0.0,0.0,35.8
2025-01-25 23:00:00,23,1,29.4,13.6,43.7,1.167,0.0,0.0,61.8
2025-01-26 00:00:00,0,1,24.3,7.6,16.3,1.187,0.0,0.0,20.4
2025-01-26 01:00:00,1,1,28.6,87.9,43.0,1.17,0.0,0.0,60.5
2025-01-26 02:00:00,2,1,26.2,3.5,30.8,1.179,0.0,0.0,47.3
2025-01-26 03:00:00,3,1,30.2,34.9,12.4,1.164,0.0,0.0,15.5
2025-01-26 04:00:00,4,1,31.3,17.1,11.2,1.159,0.0,0.0,16.9
2025-01-26 05:00:00,5,1,22.1,26.4,15.4,1.196,0.0,0.0,23.6
2025-01-26 06:00:00,6,1,26.1,58.0,41.9,1.18,0.0,0.0,58.5
2025-01-26 07:00:00,7,1,3.0,81.9,28.4,1.278,0.0,0.0,38.8
2025-01-26 08:00:00,8,1,18.8,30.5,43.4,1.209,1.8,26.3,60.8
2025-01-26 09:00:00,9,1,18.7,98.5,11.0,1.209,0.1,0.0,12.3
2025-01-26 10:00:00,10,1,25.4,37.6,11.4,1.182,4.8,99.9,10.4
2025-01-26 11:00:00,11,1,23.9,75.0,29.4,1.188,4.6,83.1,38.7
2025-01-26 12:00:00,12,1,4.6,37.5,19.5,1.271,8.1,181.3,32.6
2025-01-26 13:00:00,13,1,32.0,18.9,13.8,1.157,7.4,175.7,12.8
2025-01-26 14:00:00,14,1,4.7,64.2,43.7,1.27,3.5,60.3,59.7
2025-01-26 15:00:00,15,1,12.2,86.6,9.3,1.237,0.7,0.0,11.8
2025-01-26 16:00:00,16,1,16.8,12.8,27.1,1.217,2.7,64.2,33.9
2025-01-26 17:00:00,17,1,7.7,68.8,30.0,1.257,0.0,0.0,40.8
2025-01-26 18:00:00,18,1,9.1,29.1,11.6,1.251,0.0,0.0,13.6
2025-01-26 19:00:00,19,1,27.5,33.0,15.0,1.174,0.0,0.0,17.1
2025-01-26 20:00:00,20,1,23.3,2.6,41.3,1.191,0.0,1.4,59.6
2025-01-26 21:00:00,21,1,25.5,99.3,6.3,1.182,0.0,0.0,6.8
2025-01-26 22:00:00,22,1,25.3,92.0,25.4,1.183,0.0,0.0,31.0
2025-01-26 23:00:00,23,1,18.8,94.3,8.3,1.209,0.0,0.0,11.9
2025-01-27 00:00:00,0,1,31.8,31.6,43.2,1.158,0.0,0.0,59.0
2025-01-27 01:00:00,1,1,26.5,38.5,20.5,1.178,0.0,0.0,29.8
2025-01-27 02:00:00,2,1,32.4,37.3,44.3,1.155,0.0,0.0,64.9
2025-01-27 03:00:00,3,1,25.8,35.4,28.7,1.181,0.0,0.0,39.7
2025-01-27 04:00:00,4,1,30.0,22.9,37.3,1.164,0.0,0.0,53.8
2025-01-27 05:00:00,5,1,9.0,72.3,13.5,1.251,0.0,0.0,19.7
2025-01-27 06:00:00,6,1,26.5,75.3,21.6,1.178,0.0,0.0,29.5
2025-01-27 07:00:00,7,1,28.1,12.9,33.5,1.172,1.0,21.0,43.3
2025-01-27 08:00:00,8,1,29.3,32.6,39.5,1.167,1.7,25.5,55.0
2025-01-27 09:00:00,9,1,12.7,53.9,24.0,1.235,2.3,30.7,36.9
2025-01-27 10:00:00,10,1,26.2,82.8,14.2,1.179,2.5,12.0,19.8
2025-01-27 11:00:00,11,1,44.6,55.5,11.4,1.111,5.6,110.7,12.8
2025-01-27 12:00:00,12,1,9.6,38.7,14.9,1.248,8.1,186.4,19.3
2025-01-27 13:00:00,13,1,22.6,1.6,43.5,1.194,8.3,208.7,61.5
2025-01-27 14:00:00,14,1,21.6,21.4,23.6,1.198,5.6,126.9,28.7
2025-01-27 15:00:00,15,1,17.1,76.2,35.4,1.216,1.2,0.0,52.2
2025-01-27 16:00:00,16,1,32.1,76.3,17.2,1.156,0.0,0.0,18.1
2025-01-27 17:00:00,17,1,29.2,19.0,14.5,1.167,0.7,9.7,20.6
2025-01-27 18:00:00,18,1,35.9,52.8,43.5,1.142,0.0,0.0,62.2
2025-01-27 19:00:00,19,1,29.5,84.5,23.1,1.166,0.0,0.0,31.6
2025-01-27 20:00:00,20,1,34.3,75.3,6.8,1.148,0.0,0.0,7.8
2025-01-27 21:00:00,21,1,15.4,96.5,36.9,1.223,0.0,0.0,48.6
2025-01-27 22:00:00,22,1,20.8,42.0,17.0,1.201,0.0,0.0,21.1
2025-01-27 23:00:00,23,1,17.2,31.3,10.7,1.216,0.0,0.0,10.0
2025-01-28 00:00:00,0,1,20.0,14.4,13.9,1.204,0.0,0.0,17.3
2025-01-28 01:00:00,1,1,1.2,65.8,21.6,1.287,0.0,0.0,29.5
2025-01-28 02:00:00,2,1,37.4,22.1,44.5,1.137,0.0,0.0,61.0
2025-01-28 03:00:00,3,1,24.2,80.3,32.3,1.187,0.0,0.0,49.6
2025-01-28 04:00:00,4,1,11.1,64.3,21.0,1.242,0.0,0.0,26.9
2025-01-28 05:00:00,5,1,11.9,75.3,30.7,1.238,0.0,0.0,46.1
2025-01-28 06:00:00,6,1,20.9,34.9,15.8,1.2,0.0,0.0,16.5
2025-01-28 07:00:00,7,1,11.6,24.5,5.2,1.24,0.4,4.4,3.8
2025-01-28 08:00:00,8,1,29.4,81.6,15.1,1.167,0.0,0.0,19.5
2025-01-28 09:00:00,9,1,26.6,72.8,36.5,1.178,1.4,0.0,48.1
2025-01-28 10:00:00,10,1,17.4,81.0,12.7,1.215,2.6,27.9,12.3
2025-01-28 11:00:00,11,1,32.7,19.2,39.6,1.154,7.4,172.6,64.8
2025-01-28 12:00:00,12,1,28.9,63.0,23.0,1.169,6.8,132.5,32.4
2025-01-28 13:00:00,13,1,23.9,84.7,19.8,1.188,4.1,55.5,24.7
2025-01-28 14:00:00,14,1,31.1,19.2,30.3,1.16,5.7,135.5,40.1
2025-01-28 15:00:00,15,1,20.5,67.9,21.1,1.202,1.6,10.2,28.0
2025-01-28 16:00:00,16,1,40.0,91.7,36.9,1.127,0.0,0.0,50.0
2025-01-28 17:00:00,17,1,26.2,62.4,17.8,1.179,0.0,0.0,25.8
2025-01-28 18:00:00,18,1,14.7,44.3,37.6,1.226,0.0,0.0,51.1
2025-01-28 19:00:00,19,1,19.5,59.4,34.8,1.206,0.0,0.0,47.7
2025-01-28 20:00:00,20,1,18.2,42.7,23.0,1.212,0.0,0.0,32.2
2025-01-28 21:00:00,21,1,20.7,96.6,27.2,1.201,0.0,0.0,44.8
2025-01-28 22:00:00,22,1,10.7,25.1,18.1,1.244,0.0,0.0,21.7
2025-01-28 23:00:00,23,1,50.2,33.8,5.5,1.092,0.0,0.0,6.0
2025-01-29 00:00:00,0,1,19.9,61.5,21.5,1.205,0.0,0.0,30.9
2025-01-29 01:00:00,1,1,35.1,18.3,14.7,1.145,0.0,0.0,24.3
2025-01-29 02:00:00,2,1,34.3,29.9,24.9,1.148,0.0,0.0,35.2
2025-01-29 03:00:00,3,1,24.4,48.6,42.9,1.186,0.0,0.0,61.9
2025-01-29 04:00:00,4,1,25.7,52.7,9.4,1.181,0.0,0.0,6.7
2025-01-29 05:00:00,5,1,11.9,57.3,7.2,1.238,0.0,0.0,7.4
2025-01-29 06:00:00,6,1,39.0,9.7,21.6,1.131,0.0,0.0,31.5
2025-01-29 07:00:00,7,1,31.4,3.1,17.2,1.159,1.5,36.9,19.2
2025-01-29 08:00:00,8,1,26.8,78.7,30.1,1.177,0.0,0.0,39.7
2025-01-29 09:00:00,9,1,34.3,10.6,41.0,1.148,4.5,103.4,54.8
2025-01-29 10:00:00,10,1,24.8,11.6,13.9,1.185,6.1,141.0,13.2
2025-01-29 11:00:00,11,1,36.5,12.3,35.1,1.14,7.7,190.8,49.6
2025-01-29 12:00:00,12,1,40.6,6.8,16.5,1.125,9.7,249.4,21.3
2025-01-29 13:00:00,13,1,22.6,27.3,30.7,1.194,7.0,155.8,42.5
2025-01-29 14:00:00,14,1,30.4,92.6,19.5,1.163,2.0,4.7,21.0
2025-01-29 15:00:00,15,1,24.7,49.9,37.5,1.185,2.5,40.5,54.7
2025-01-29 16:00:00,16,1,21.5,58.5,18.3,1.198,0.4,0.0,25.5
2025-01-29 17:00:00,17,1,15.4,97.5,30.3,1.223,0.0,0.0,43.3
2025-01-29 18:00:00,18,1,35.5,30.0,19.3,1.144,0.0,0.0,26.2
2025-01-29 19:00:00,19,1,38.5,81.2,41.3,1.133,0.0,0.0,61.3
2025-01-29 20:00:00,20,1,22.6,12.4,35.5,1.194,0.0,0.0,54.2
2025-01-29 21:00:00,21,1,13.6,61.3,36.8,1.231,0.0,0.0,52.7
2025-01-29 22:00:00,22,1,22.8,60.5,45.0,1.193,0.0,0.0,63.2
2025-01-29 23:00:00,23,1,29.0,39.2,23.4,1.168,0.0,0.0,31.7
2025-01-30 00:00:00,0,1,35.8,93.8,9.2,1.143,0.0,0.0,12.6
2025-01-30 01:00:00,1,1,20.3,3.8,12.1,1.203,0.0,1.9,14.7
2025-01-30 02:00:00,2,1,25.9,50.9,43.9,1.18,0.0,0.0,61.7
2025-01-30 03:00:00,3,1,31.8,14.9,16.3,1.158,0.0,0.0,18.1
2025-01-30 04:00:00,4,1,23.4,45.1,23.8,1.19,0.0,0.0,34.8
2025-01-30 05:00:00,5,1,24.1,14.0,15.2,1.188,0.0,0.0,18.5
2025-01-30 06:00:00,6,1,28.0,17.4,23.9,1.172,0.0,0.0,36.6
2025-01-30 07:00:00,7,1,34.5,48.3,44.9,1.147,0.0,0.0,64.4
2025-01-30 08:00:00,8,1,24.1,52.3,7.5,1.188,0.7,0.0,8.8
2025-01-30 09:00:00,9,1,26.9,33.4,31.3,1.176,3.3,68.5,41.9
2025-01-30 10:00:00,10,1,31.1,18.1,29.7,1.16,5.8,136.5,40.0
2025-01-30 11:00:00,11,1,37.1,56.2,26.3,1.138,5.5,106.4,40.3
2025-01-30 12:00:00,12,1,23.8,58.7,24.3,1.189,7.1,151.6,36.2
2025-01-30 13:00:00,13,1,27.3,98.3,30.3,1.175,3.4,38.1,47.4
2025-01-30 14:00:00,14,1,35.6,81.4,32.1,1.143,2.6,26.2,46.3
2025-01-30 15:00:00,15,1,20.7,23.8,31.5,1.201,3.8,80.0,42.8
2025-01-30 16:00:00,16,1,25.3,70.6,29.3,1.183,0.0,0.0,47.5
2025-01-30 17:00:00,17,1,23.7,23.7,7.7,1.189,0.5,0.0,10.9
2025-01-30 18:00:00,18,1,33.6,67.2,15.3,1.151,0.0,0.0,18.4
2025-01-30 19:00:00,19,1,26.7,8.0,39.1,1.177,0.0,0.0,52.0
2025-01-30 20:00:00,20,1,20.4,81.3,36.8,1.202,0.0,0.0,55.3
2025-01-30 21:00:00,21,1,25.0,21.3,20.0,1.184,0.0,0.0,26.3
2025-01-30 22:00:00,22,1,25.7,73.7,40.1,1.181,0.0,0.0,54.7
2025-01-30 23:00:00,23,1,26.6,10.5,42.3,1.178,0.0,0.0,56.0
2025-01-31 00:00:00,0,1,27.6,37.2,37.8,1.174,0.0,0.0,56.3
2025-01-31 01:00:00,1,1,26.0,55.3,28.1,1.18,0.0,0.0,37.4
2025-01-31 02:00:00,2,1,28.5,95.4,37.0,1.17,0.0,0.0,49.9
2025-01-31 03:00:00,3,1,25.3,47.0,18.4,1.183,0.0,0.0,29.6
2025-01-31 04:00:00,4,1,4.5,23.7,27.7,1.271,0.0,0.0,36.4
2025-01-31 05:00:00,5,1,20.7,78.2,38.2,1.201,0.0,0.0,55.0
2025-01-31 06:00:00,6,1,2.1,11.8,31.4,1.282,0.0,0.0,43.8
2025-01-31 07:00:00,7,1,21.6,80.6,26.1,1.198,0.0,0.0,37.7
2025-01-31 08:00:00,8,1,7.1,47.2,37.2,1.26,1.0,1.0,58.5
2025-01-31 09:00:00,9,1,35.6,88.9,8.0,1.143,0.6,0.0,9.6
2025-01-31 10:00:00,10,1,10.0,15.8,22.2,1.247,5.9,141.6,22.0
2025-01-31 11:00:00,11,1,19.1,69.1,40.1,1.208,4.9,79.7,57.4
2025-01-31 12:00:00,12,1,39.3,5.2,36.5,1.13,9.7,243.1,48.4
2025-01-31 13:00:00,13,1,22.3,88.8,34.8,1.195,3.9,47.5,49.7
2025-01-31 14:00:00,14,1,29.1,81.0,23.7,1.168,2.6,28.0,28.6
2025-01-31 15:00:00,15,1,12.5,45.1,12.4,1.236,2.7,43.0,14.0
2025-01-31 16:00:00,16,1,23.8,65.5,18.6,1.189,0.1,0.0,24.5
2025-01-31 17:00:00,17,1,26.9,72.8,30.9,1.176,0.0,0.0,49.3
2025-01-31 18:00:00,18,1,11.4,17.6,29.4,1.241,0.0,0.0,41.4
2025-01-31 19:00:00,19,1,8.8,79.7,19.0,1.252,0.0,0.0,26.9
2025-01-31 20:00:00,20,1,23.8,83.2,8.3,1.189,0.0,0.0,13.8
2025-01-31 21:00:00,21,1,23.2,55.8,44.9,1.191,0.0,0.0,60.7
2025-01-31 22:00:00,22,1,20.7,93.5,7.5,1.201,0.0,0.0,12.6
2025-01-31 23:00:00,23,1,32.1,49.6,38.3,1.156,0.0,0.0,51.3
2025-02-01 00:00:00,0,2,18.2,35.8,40.7,1.212,0.0,0.0,58.7
2025-02-01 01:00:00,1,2,26.3,1.3,5.1,1.179,0.0,2.8,2.1
2025-02-01 02:00:00,2,2,32.8,44.3,26.6,1.154,0.0,0.0,35.7
2025-02-01 03:00:00,3,2,38.6,91.8,16.9,1.132,0.0,0.0,22.3
2025-02-01 04:00:00,4,2,17.4,8.2,44.9,1.215,0.0,0.0,61.6
2025-02-01 05:00:00,5,2,24.3,93.7,22.6,1.187,0.0,0.0,32.4
2025-02-01 06:00:00,6,2,33.0,50.9,15.0,1.153,0.0,0.0,20.7
2025-02-01 07:00:00,7,2,20.7,9.8,44.4,1.201,1.2,22.3,66.2
2025-02-01 08:00:00,8,2,30.7,57.1,37.5,1.162,0.5,0.0,63.0
2025-02-01 09:00:00,9,2,10.7,55.9,21.0,1.244,2.2,30.4,30.1
2025-02-01 10:00:00,10,2,24.0,33.4,24.1,1.188,5.0,116.3,28.5
2025-02-01 11:00:00,11,2,19.5,59.1,30.2,1.206,5.4,106.4,40.7
2025-02-01 12:00:00,12,2,25.3,59.1,18.2,1.183,7.0,149.9,25.5
2025-02-01 13:00:00,13,2,26.3,34.8,28.9,1.179,6.6,145.2,41.0
2025-02-01 14:00:00,14,2,32.7,79.1,15.0,1.154,2.7,31.3,17.6
2025-02-01 15:00:00,15,2,19.9,70.7,31.0,1.205,1.5,4.3,46.7
2025-02-01 16:00:00,16,2,40.5,85.8,29.2,1.125,0.0,0.0,39.6
2025-02-01 17:00:00,17,2,18.8,88.7,31.7,1.209,0.0,0.0,42.8
2025-02-01 18:00:00,18,2,19.0,96.7,17.5,1.208,0.0,0.0,22.4
2025-02-01 19:00:00,19,2,18.1,91.8,41.0,1.212,0.0,0.0,57.1
2025-02-01 20:00:00,20,2,24.2,77.0,16.7,1.187,0.0,0.0,21.6
2025-02-01 21:00:00,21,2,14.5,51.8,28.6,1.227,0.0,0.0,44.0
2025-02-01 22:00:00,22,2,17.1,46.4,34.6,1.216,0.0,0.0,47.9
2025-02-01 23:00:00,23,2,19.0,69.8,24.4,1.208,0.0,0.0,35.1
2025-02-02 00:00:00,0,2,23.7,19.6,43.4,1.189,0.0,0.0,63.4
2025-02-02 01:00:00,1,2,18.4,83.6,29.3,1.211,0.0,0.0,41.7
2025-02-02 02:00:00,2,2,29.3,95.3,30.6,1.167,0.0,0.0,43.0
2025-02-02 03:00:00,3,2,36.9,9.0,22.0,1.138,0.0,0.0,32.2
2025-02-02 04:00:00,4,2,24.6,19.2,7.0,1.186,0.0,0.0,7.1
2025-02-02 05:00:00,5,2,27.0,39.6,14.5,1.176,0.0,0.0,18.9
2025-02-02 06:00:00,6,2,18.7,11.4,20.2,1.209,0.0,0.0,32.3
2025-02-02 07:00:00,7,2,22.5,69.8,32.3,1.194,0.0,0.0,45.1
2025-02-02 08:00:00,8,2,34.5,13.7,16.9,1.147,2.6,61.9,24.3
2025-02-02 09:00:00,9,2,22.7,80.0,22.7,1.193,1.0,0.0,31.6
2025-02-02 10:00:00,10,2,13.6,91.6,14.9,1.231,2.1,0.0,15.2
2025-02-02 11:00:00,11,2,25.6,5.6,14.2,1.182,8.1,211.2,18.7
2025-02-02 12:00:00,12,2,23.5,28.9,28.2,1.19,8.6,208.0,37.7
2025-02-02 13:00:00,13,2,29.2,1.6,32.4,1.167,8.3,212.1,48.0
2025-02-02 14:00:00,14,2,29.3,97.8,24.1,1.167,1.8,0.0,32.0
2025-02-02 15:00:00,15,2,30.8,93.3,14.7,1.161,0.3,0.0,15.2
2025-02-02 16:00:00,16,2,32.2,64.5,19.3,1.156,0.1,0.0,22.6
2025-02-02 17:00:00,17,2,22.5,62.2,16.5,1.194,0.0,0.0,19.8
2025-02-02 18:00:00,18,2,31.7,92.8,10.1,1.158,0.0,0.0,14.0
2025-02-02 19:00:00,19,2,14.7,55.6,29.0,1.226,0.0,0.0,36.3
2025-02-02 20:00:00,20,2,20.4,83.9,17.7,1.202,0.0,0.0,26.6
2025-02-02 21:00:00,21,2,23.4,46.0,36.5,1.19,0.0,0.0,50.6
2025-02-02 22:00:00,22,2,27.0,1.5,30.3,1.176,0.0,3.9,45.1
2025-02-02 23:00:00,23,2,30.2,27.7,22.3,1.164,0.0,0.0,28.9
2025-02-03 00:00:00,0,2,23.2,91.2,17.3,1.191,0.0,0.0,26.6
2025-02-03 01:00:00,1,2,38.8,89.7,42.4,1.132,0.0,0.0,60.7
2025-02-03 02:00:00,2,2,28.9,72.5,11.7,1.169,0.0,0.0,19.2
2025-02-03 03:00:00,3,2,28.2,42.8,27.8,1.171,0.0,0.0,38.9
2025-02-03 04:00:00,4,2,30.4,14.3,35.1,1.163,0.0,0.0,47.8
2025-02-03 05:00:00,5,2,11.3,37.4,32.7,1.241,0.0,0.0,49.5
2025-02-03 06:00:00,6,2,15.6,93.1,32.3,1.222,0.0,0.0,45.5
2025-02-03 07:00:00,7,2,34.5,73.3,9.7,1.147,0.0,0.0,11.9
2025-02-03 08:00:00,8,2,29.6,58.1,17.4,1.166,0.4,0.0,26.2
2025-02-03 09:00:00,9,2,28.4,81.3,20.5,1.171,0.9,0.0,26.5
2025-02-03 10:00:00,10,2,28.4,46.0,13.5,1.171,4.4,77.2,18.2
2025-02-03 11:00:00,11,2,33.4,92.0,16.0,1.151,3.7,44.2,24.2
2025-02-03 12:00:00,12,2,17.4,31.5,24.1,1.215,8.4,198.0,32.1
2025-02-03 13:00:00,13,2,30.4,43.7,6.4,1.163,6.1,133.9,10.0
2025-02-03 14:00:00,14,2,31.5,88.2,8.3,1.159,2.3,15.9,16.0
2025-02-03 15:00:00,15,2,25.2,40.4,11.4,1.183,3.0,64.6,11.7
2025-02-03 16:00:00,16,2,24.0,74.7,41.4,1.188,0.0,0.0,60.0
2025-02-03 17:00:00,17,2,19.2,10.2,22.0,1.207,1.2,14.0,31.0
2025-02-03 18:00:00,18,2,32.7,64.8,23.3,1.154,0.0,0.0,35.0
2025-02-03 19:00:00,19,2,10.8,88.2,28.6,1.243,0.0,0.0,44.3
2025-02-03 20:00:00,20,2,14.7,84.2,37.1,1.226,0.0,0.0,49.1
2025-02-03 21:00:00,21,2,22.8,78.8,27.0,1.193,0.0,0.0,33.6
2025-02-03 22:00:00,22,2,22.1,73.8,42.7,1.196,0.0,0.0,65.0
2025-02-03 23:00:00,23,2,26.8,93.0,25.9,1.177,0.0,0.0,33.0
2025-02-04 00:00:00,0,2,14.1,48.7,16.4,1.229,0.0,0.0,21.9
2025-02-04 01:00:00,1,2,24.8,97.2,21.0,1.185,0.0,0.0,32.0
2025-02-04 02:00:00,2,2,31.7,47.3,19.2,1.158,0.0,0.0,24.7
2025-02-04 03:00:00,3,2,36.4,88.4,6.0,1.14,0.0,0.0,4.0
2025-02-04 04:00:00,4,2,30.6,52.1,18.0,1.162,0.0,0.0,22.0
2025-02-04 05:00:00,5,2,38.2,72.7,18.0,1.134,0.0,0.0,17.9
2025-02-04 06:00:00,6,2,18.1,23.0,38.5,1.212,0.0,0.0,56.1
2025-02-04 07:00:00,7,2,39.9,31.7,36.2,1.128,0.1,0.0,49.1
2025-02-04 08:00:00,8,2,20.2,74.7,10.4,1.203,0.0,0.0,16.5
2025-02-04 09:00:00,9,2,30.8,46.1,20.0,1.161,2.7,51.7,26.7
2025-02-04 10:00:00,10,2,29.5,16.4,33.9,1.166,5.8,140.2,47.8
2025-02-04 11:00:00,11,2,23.4,0.3,9.5,1.19,8.3,205.8,3.4
2025-02-04 12:00:00,12,2,32.2,54.4,12.5,1.156,7.3,160.4,17.5
2025-02-04 13:00:00,13,2,25.0,51.2,37.5,1.184,5.8,121.3,54.6
2025-02-04 14:00:00,14,2,27.3,82.8,32.4,1.175,2.5,23.4,48.8
2025-02-04 15:00:00,15,2,19.3,70.1,18.6,1.207,1.5,0.0,22.8
2025-02-04 16:00:00,16,2,26.1,78.7,22.6,1.18,0.0,0.0,30.0
2025-02-04 17:00:00,17,2,19.5,40.8,25.3,1.206,0.0,0.0,40.2
2025-02-04 18:00:00,18,2,25.1,17.1,28.5,1.184,0.0,0.0,41.9
2025-02-04 19:00:00,19,2,26.9,25.3,31.8,1.176,0.0,0.0,45.8
2025-02-04 20:00:00,20,2,30.4,99.0,23.5,1.163,0.0,0.0,35.6
2025-02-04 21:00:00,21,2,32.9,0.2,11.4,1.153,0.0,0.3,16.5
2025-02-04 22:00:00,22,2,21.1,65.2,21.4,1.2,0.0,0.0,35.5
2025-02-04 23:00:00,23,2,22.6,21.1,33.0,1.194,0.0,0.0,40.3
2025-02-05 00:00:00,0,2,15.9,2.3,10.8,1.221,0.0,0.0,16.6
2025-02-05 01:00:00,1,2,14.1,58.5,36.2,1.229,0.0,0.0,51.4
2025-02-05 02:00:00,2,2,45.2,35.3,9.4,1.109,0.0,0.0,8.6
2025-02-05 03:00:00,3,2,24.2,46.4,35.3,1.187,0.0,0.0,50.5
2025-02-05 04:00:00,4,2,33.2,15.0,24.2,1.152,0.0,0.0,27.1
2025-02-05 05:00:00,5,2,33.3,64.6,42.9,1.152,0.0,0.0,63.9
2025-02-05 06:00:00,6,2,35.3,57.5,29.5,1.144,0.0,0.0,41.9
2025-02-05 07:00:00,7,2,36.1,58.5,16.6,1.141,0.0,0.0,23.0
2025-02-05 08:00:00,8,2,16.7,56.6,41.9,1.218,0.5,0.0,61.7
2025-02-05 09:00:00,9,2,23.3,25.8,20.8,1.191,3.7,77.6,31.5
2025-02-05 10:00:00,10,2,28.5,19.1,44.2,1.17,5.7,134.0,62.9
2025-02-05 11:00:00,11,2,30.6,81.3,35.9,1.162,4.3,59.0,51.9
2025-02-05 12:00:00,12,2,12.5,14.0,33.8,1.236,9.3,223.7,48.7
2025-02-05 13:00:00,13,2,32.9,23.2,40.9,1.153,7.2,169.7,63.2
2025-02-05 14:00:00,14,2,23.6,79.4,36.5,1.19,2.7,32.1,50.2
2025-02-05 15:00:00,15,2,20.8,76.4,30.7,1.201,1.2,0.0,44.2
2025-02-05 16:00:00,16,2,14.3,40.2,18.4,1.228,1.3,6.0,22.3
2025-02-05 17:00:00,17,2,27.6,48.0,37.1,1.174,0.0,0.0,52.9
2025-02-05 18:00:00,18,2,26.5,11.3,9.0,1.178,0.0,0.0,8.0
2025-02-05 19:00:00,19,2,25.9,91.5,19.0,1.18,0.0,0.0,29.2
2025-02-05 20:00:00,20,2,19.3,80.1,24.5,1.207,0.0,0.0,35.6
2025-02-05 21:00:00,21,2,33.0,0.2,22.3,1.153,0.0,7.6,34.3
2025-02-05 22:00:00,22,2,14.6,19.3,5.5,1.227,0.0,0.0,10.4
2025-02-05 23:00:00,23,2,26.4,71.8,35.8,1.178,0.0,0.0,46.7
2025-02-06 00:00:00,0,2,22.6,88.5,19.9,1.194,0.0,0.0,29.0
2025-02-06 01:00:00,1,2,22.8,76.5,12.6,1.193,0.0,0.0,16.8
2025-02-06 02:00:00,2,2,32.8,97.8,27.5,1.154,0.0,0.0,35.2
2025-02-06 03:00:00,3,2,40.8,78.6,16.0,1.124,0.0,0.0,22.0
2025-02-06 04:00:00,4,2,25.0,35.4,15.1,1.184,0.0,0.0,17.2
2025-02-06 05:00:00,5,2,9.0,61.7,12.3,1.251,0.0,0.0,16.0
2025-02-06 06:00:00,6,2,21.3,69.9,29.6,1.199,0.0,0.0,43.2
2025-02-06 07:00:00,7,2,26.2,40.2,26.2,1.179,0.0,0.0,36.5
2025-02-06 08:00:00,8,2,22.2,91.7,42.0,1.195,0.0,0.0,54.4
2025-02-06 09:00:00,9,2,16.9,9.1,6.7,1.217,4.5,109.7,3.6
2025-02-06 10:00:00,10,2,32.1,33.6,29.0,1.156,5.0,99.9,32.0
2025-02-06 11:00:00,11,2,29.4,96.7,23.1,1.167,3.5,43.4,29.9
2025-02-06 12:00:00,12,2,34.4,43.5,16.0,1.148,7.8,175.3,21.8
2025-02-06 13:00:00,13,2,19.9,14.6,38.3,1.205,7.6,182.6,53.0
2025-02-06 14:00:00,14,2,30.2,0.4,20.1,1.164,6.6,160.3,17.9
2025-02-06 15:00:00,15,2,31.2,69.1,39.2,1.16,1.5,1.0,57.8
2025-02-06 16:00:00,16,2,21.4,26.9,36.4,1.198,2.0,38.0,49.3
2025-02-06 17:00:00,17,2,37.3,37.9,15.2,1.137,0.0,0.0,19.5
2025-02-06 18:00:00,18,2,31.2,79.1,31.4,1.16,0.0,0.0,40.8
2025-02-06 19:00:00,19,2,31.8,41.0,22.6,1.158,0.0,0.0,29.1
2025-02-06 20:00:00,20,2,33.7,81.3,24.3,1.15,0.0,0.0,31.3
2025-02-06 21:00:00,21,2,28.9,82.9,10.2,1.169,0.0,0.0,10.6
2025-02-06 22:00:00,22,2,23.6,74.4,5.6,1.19,0.0,0.0,8.4
2025-02-06 23:00:00,23,2,35.4,79.5,31.1,1.144,0.0,0.0,47.4
2025-02-07 00:00:00,0,2,25.1,18.5,36.3,1.184,0.0,2.5,55.2
2025-02-07 01:00:00,1,2,31.7,24.9,9.6,1.158,0.0,0.0,8.5
2025-02-07 02:00:00,2,2,29.3,65.3,13.7,1.167,0.0,0.0,16.8
2025-02-07 03:00:00,3,2,22.9,88.1,7.3,1.192,0.0,0.0,10.7
2025-02-07 04:00:00,4,2,27.2,55.8,35.1,1.175,0.0,0.0,54.6
2025-02-07 05:00:00,5,2,17.4,99.4,34.5,1.215,0.0,0.0,48.2
2025-02-07 06:00:00,6,2,20.7,69.5,41.2,1.201,0.0,0.0,63.8
2025-02-07 07:00:00,7,2,31.4,34.7,31.6,1.159,0.0,0.0,46.8
2025-02-07 08:00:00,8,2,27.9,89.0,8.4,1.173,0.0,0.0,10.9
2025-02-07 09:00:00,9,2,12.0,71.8,21.9,1.238,1.4,0.0,28.2
2025-02-07 10:00:00,10,2,25.0,38.2,20.5,1.184,4.8,100.4,24.7
2025-02-07 11:00:00,11,2,24.4,26.4,19.2,1.186,7.0,165.0,19.4
2025-02-07 12:00:00,12,2,15.0,83.7,21.7,1.225,5.8,105.0,28.4
2025-02-07 13:00:00,13,2,32.6,49.7,36.7,1.154,5.8,122.7,54.0
2025-02-07 14:00:00,14,2,32.4,93.4,41.4,1.155,2.0,12.7,59.2
2025-02-07 15:00:00,15,2,19.7,7.7,35.5,1.205,4.6,103.6,48.6
2025-02-07 16:00:00,16,2,31.6,97.6,11.6,1.158,0.0,0.0,10.6
2025-02-07 17:00:00,17,2,30.8,71.3,27.9,1.161,0.0,0.0,37.3
2025-02-07 18:00:00,18,2,31.0,88.8,12.6,1.161,0.0,0.0,17.3
2025-02-07 19:00:00,19,2,14.0,22.2,12.9,1.229,0.0,0.0,16.7
2025-02-07 20:00:00,20,2,23.2,35.9,8.1,1.191,0.0,0.0,10.7
2025-02-07 21:00:00,21,2,43.4,87.5,5.8,1.115,0.0,0.0,4.8
2025-02-07 22:00:00,22,2,21.4,36.1,12.5,1.198,0.0,0.0,15.2
2025-02-07 23:00:00,23,2,22.9,10.8,11.8,1.192,0.0,0.0,16.1
2025-02-08 00:00:00,0,2,20.9,44.8,43.9,1.2,0.0,0.0,61.7
2025-02-08 01:00:00,1,2,30.2,31.0,15.2,1.164,0.0,0.0,15.1
2025-02-08 02:00:00,2,2,17.0,44.4,37.5,1.217,0.0,0.0,55.3
2025-02-08 03:00:00,3,2,40.1,62.6,9.0,1.127,0.0,0.0,6.0
2025-02-08 04:00:00,4,2,19.5,68.9,34.1,1.206,0.0,0.0,53.0
2025-02-08 05:00:00,5,2,26.1,70.6,24.5,1.18,0.0,0.0,33.4
2025-02-08 06:00:00,6,2,22.1,16.4,36.1,1.196,0.0,0.0,52.4
2025-02-08 07:00:00,7,2,42.6,45.5,39.4,1.118,0.0,0.0,55.8
2025-02-08 08:00:00,8,2,31.7,82.7,19.4,1.158,0.0,0.0,22.5
2025-02-08 09:00:00,9,2,29.6,62.5,26.4,1.166,1.9,8.3,34.7
2025-02-08 10:00:00,10,2,31.3,2.3,21.7,1.159,6.6,165.0,29.3
2025-02-08 11:00:00,11,2,31.0,58.5,12.1,1.161,5.4,107.7,11.0
2025-02-08 12:00:00,12,2,32.8,83.8,13.2,1.154,5.8,103.0,14.9
2025-02-08 13:00:00,13,2,22.5,53.6,8.6,1.194,5.7,115.2,5.6
2025-02-08 14:00:00,14,2,18.2,4.8,15.3,1.212,6.4,158.2,22.8
2025-02-08 15:00:00,15,2,23.7,64.8,41.7,1.189,1.8,10.0,58.9
2025-02-08 16:00:00,16,2,28.1,52.6,20.0,1.172,0.7,0.0,25.1
2025-02-08 17:00:00,17,2,36.1,68.5,22.5,1.141,0.0,0.0,31.0
2025-02-08 18:00:00,18,2,38.1,99.4,35.6,1.134,0.0,0.0,54.3
2025-02-08 19:00:00,19,2,25.1,8.9,43.9,1.184,0.0,0.0,57.1
2025-02-08 20:00:00,20,2,29.7,70.8,7.1,1.166,0.0,0.0,8.8
2025-02-08 21:00:00,21,2,16.9,56.6,5.3,1.217,0.0,0.0,5.0
2025-02-08 22:00:00,22,2,31.1,61.8,13.3,1.16,0.0,0.0,17.8
2025-02-08 23:00:00,23,2,9.1,3.6,43.3,1.251,0.0,0.0,64.9
2025-02-09 00:00:00,0,2,24.0,56.7,30.4,1.188,0.0,0.0,40.1
2025-02-09 01:00:00,1,2,20.6,78.6,18.4,1.202,0.0,0.0,31.9
2025-02-09 02:00:00,2,2,23.1,65.8,21.9,1.192,0.0,0.0,32.0
2025-02-09 03:00:00,3,2,15.4,28.6,23.9,1.223,0.0,0.0,33.3
2025-02-09 04:00:00,4,2,13.9,1.3,12.9,1.23,0.0,4.7,19.4
2025-02-09 05:00:00,5,2,12.4,80.5,13.6,1.236,0.0,0.0,19.4
2025-02-09 06:00:00,6,2,33.5,86.8,5.5,1.151,0.0,0.0,5.7
2025-02-09 07:00:00,7,2,24.8,90.0,8.5,1.185,0.0,0.0,7.7
2025-02-09 08:00:00,8,2,21.9,16.3,31.1,1.196,2.5,51.0,42.8
2025-02-09 09:00:00,9,2,31.8,68.2,36.9,1.158,1.6,4.3,51.5
2025-02-09 10:00:00,10,2,35.4,75.8,38.1,1.144,2.9,34.7,50.9
2025-02-09 11:00:00,11,2,31.9,76.3,15.7,1.157,4.5,75.3,19.6
2025-02-09 12:00:00,12,2,31.6,54.6,6.1,1.158,7.3,161.4,1.9
2025-02-09 13:00:00,13,2,33.1,54.6,6.7,1.153,5.6,109.2,3.2
2025-02-09 14:00:00,14,2,25.4,1.2,37.2,1.182,6.6,169.2,51.0
2025-02-09 15:00:00,15,2,30.6,76.3,10.5,1.162,1.2,0.0,16.4
2025-02-09 16:00:00,16,2,15.0,60.1,36.9,1.225,0.3,0.0,52.4
2025-02-09 17:00:00,17,2,28.8,56.8,39.8,1.169,0.0,0.0,58.2
2025-02-09 18:00:00,18,2,22.4,29.6,31.0,1.194,0.0,0.0,40.1
2025-02-09 19:00:00,19,2,25.8,23.0,31.2,1.181,0.0,0.0,43.2
2025-02-09 20:00:00,20,2,32.0,48.1,23.7,1.157,0.0,0.0,25.9
2025-02-09 21:00:00,21,2,30.2,79.2,39.2,1.164,0.0,0.0,54.7
2025-02-09 22:00:00,22,2,27.0,61.1,7.9,1.176,0.0,0.0,12.0
2025-02-09 23:00:00,23,2,28.6,35.6,18.1,1.17,0.0,0.0,20.3
2025-02-10 00:00:00,0,2,19.4,0.6,30.0,1.207,0.0,2.5,43.8
2025-02-10 01:00:00,1,2,31.1,23.5,41.3,1.16,0.0,0.0,56.0
2025-02-10 02:00:00,2,2,19.1,76.0,42.4,1.208,0.0,0.0,58.4
2025-02-10 03:00:00,3,2,15.2,93.4,22.6,1.224,0.0,0.0,32.4
2025-02-10 04:00:00,4,2,14.7,77.8,24.2,1.226,0.0,0.0,34.3
2025-02-10 05:00:00,5,2,33.5,64.1,42.1,1.151,0.0,0.0,62.2
2025-02-10 06:00:00,6,2,22.1,58.1,19.2,1.196,0.0,0.0,24.3
2025-02-10 07:00:00,7,2,16.6,54.8,29.4,1.218,0.0,0.0,43.0
2025-02-10 08:00:00,8,2,24.1,88.6,20.3,1.188,0.0,0.0,30.7
2025-02-10 09:00:00,9,2,24.8,46.3,13.7,1.185,2.7,27.4,20.2
2025-02-10 10:00:00,10,2,22.9,89.8,44.5,1.192,2.2,9.6,62.5
2025-02-10 11:00:00,11,2,17.2,54.6,6.5,1.216,5.6,109.9,6.7
2025-02-10 12:00:00,12,2,29.7,72.4,32.8,1.166,6.4,119.5,46.9
2025-02-10 13:00:00,13,2,39.7,72.2,44.9,1.128,4.7,82.2,62.9
2025-02-10 14:00:00,14,2,28.0,51.6,18.3,1.172,4.1,84.9,24.8
2025-02-10 15:00:00,15,2,28.5,65.6,8.0,1.17,1.7,0.6,12.7
2025-02-10 16:00:00,16,2,9.2,55.1,18.6,1.25,0.6,0.0,21.4
2025-02-10 17:00:00,17,2,28.5,85.1,10.9,1.17,0.0,0.0,18.1
2025-02-10 18:00:00,18,2,24.6,98.1,8.1,1.186,0.0,0.0,11.0
2025-02-10 19:00:00,19,2,32.0,38.8,24.3,1.157,0.0,0.0,31.8
2025-02-10 20:00:00,20,2,13.7,10.1,35.0,1.231,0.0,0.0,49.9
2025-02-10 21:00:00,21,2,5.9,73.4,34.9,1.265,0.0,0.0,56.0
2025-02-10 22:00:00,22,2,18.2,60.5,36.0,1.212,0.0,0.0,53.9
2025-02-10 23:00:00,23,2,10.4,28.2,17.7,1.245,0.0,0.0,26.4
2025-02-11 00:00:00,0,2,39.1,77.3,43.8,1.13,0.0,0.0,66.2
2025-02-11 01:00:00,1,2,18.3,50.9,10.6,1.211,0.0,0.0,7.0
2025-02-11 02:00:00,2,2,23.7,69.7,16.5,1.189,0.0,0.0,24.6
2025-02-11 03:00:00,3,2,39.7,69.9,26.6,1.128,0.0,0.0,34.1
2025-02-11 04:00:00,4,2,12.7,14.3,5.9,1.235,0.0,0.0,7.0
2025-02-11 05:00:00,5,2,14.7,31.5,19.0,1.226,0.0,0.0,22.3
2025-02-11 06:00:00,6,2,23.6,19.8,22.0,1.19,0.0,0.0,30.8
2025-02-11 07:00:00,7,2,21.8,43.2,8.9,1.197,0.0,0.0,7.0
2025-02-11 08:00:00,8,2,13.7,17.0,15.1,1.231,2.5,54.2,23.7
2025-02-11 09:00:00,9,2,28.6,95.2,21.6,1.17,0.2,0.0,28.7
2025-02-11 10:00:00,10,2,13.8,46.5,40.4,1.23,4.3,77.8,61.7
2025-02-11 11:00:00,11,2,13.3,53.4,29.5,1.232,5.7,117.8,42.3
2025-02-11 12:00:00,12,2,31.0,84.0,30.7,1.161,5.8,99.3,43.4
2025-02-11 13:00:00,13,2,21.6,48.5,20.0,1.198,5.9,125.9,26.4
2025-02-11 14:00:00,14,2,16.8,53.9,25.1,1.217,4.0,69.8,34.4
2025-02-11 15:00:00,15,2,28.8,39.8,32.5,1.169,3.0,56.7,45.1
2025-02-11 16:00:00,16,2,25.1,74.6,33.6,1.184,0.0,0.0,46.4
2025-02-11 17:00:00,17,2,19.1,50.9,40.4,1.208,0.0,0.0,62.9
2025-02-11 18:00:00,18,2,23.3,78.4,34.8,1.191,0.0,0.0,50.2
2025-02-11 19:00:00,19,2,35.9,86.8,19.9,1.142,0.0,0.0,27.6
2025-02-11 20:00:00,20,2,22.8,50.2,17.8,1.193,0.0,0.0,24.6
2025-02-11 21:00:00,21,2,8.9,58.6,25.6,1.252,0.0,0.0,33.3
2025-02-11 22:00:00,22,2,31.2,53.4,28.3,1.16,0.0,0.0,40.6
2025-02-11 23:00:00,23,2,37.1,25.9,5.1,1.138,0.0,0.0,0.0
2025-02-12 00:00:00,0,2,22.4,57.9,19.7,1.194,0.0,0.0,28.3
2025-02-12 01:00:00,1,2,27.3,11.4,41.3,1.175,0.0,0.0,60.0
2025-02-12 02:00:00,2,2,16.6,10.0,15.8,1.218,0.0,5.1,18.5
2025-02-12 03:00:00,3,2,25.7,48.4,5.7,1.181,0.0,0.0,5.4
2025-02-12 04:00:00,4,2,26.6,86.8,5.2,1.178,0.0,0.0,6.5
2025-02-12 05:00:00,5,2,10.1,26.2,29.6,1.246,0.0,0.0,40.5
2025-02-12 06:00:00,6,2,33.5,31.7,24.0,1.151,0.0,0.0,33.9
2025-02-12 07:00:00,7,2,29.3,4.9,36.2,1.167,1.4,31.0,43.5
2025-02-12 08:00:00,8,2,39.3,90.0,8.8,1.13,0.0,0.0,8.1
2025-02-12 09:00:00,9,2,21.8,12.1,19.5,1.197,4.4,112.7,25.4
2025-02-12 10:00:00,10,2,30.3,76.1,33.4,1.163,2.9,28.7,51.8
2025-02-12 11:00:00,11,2,20.3,92.8,32.0,1.203,3.7,32.9,45.0
2025-02-12 12:00:00,12,2,23.1,70.2,39.9,1.192,6.5,125.7,59.1
2025-02-12 13:00:00,13,2,23.3,36.2,11.3,1.191,6.5,150.4,18.0
2025-02-12 14:00:00,14,2,25.4,68.3,18.2,1.182,3.3,54.8,19.2
2025-02-12 15:00:00,15,2,19.3,89.2,17.4,1.207,0.5,0.0,22.6
2025-02-12 16:00:00,16,2,20.3,5.1,9.0,1.203,3.1,64.0,8.9
2025-02-12 17:00:00,17,2,31.8,91.0,22.5,1.158,0.0,0.0,29.0
2025-02-12 18:00:00,18,2,13.9,67.7,36.7,1.23,0.0,0.0,46.8
2025-02-12 19:00:00,19,2,35.9,99.6,43.4,1.142,0.0,0.0,62.2
2025-02-12 20:00:00,20,2,44.1,30.5,6.0,1.113,0.0,0.0,7.5
2025-02-12 21:00:00,21,2,45.3,36.3,23.6,1.108,0.0,0.0,34.0
2025-02-12 22:00:00,22,2,31.0,37.6,25.9,1.161,0.0,0.0,38.7
2025-02-12 23:00:00,23,2,19.4,41.4,42.8,1.207,0.0,0.0,66.1
2025-02-13 00:00:00,0,2,15.7,4.6,43.7,1.222,0.0,0.0,62.4
2025-02-13 01:00:00,1,2,29.9,15.9,44.9,1.165,0.0,0.0,66.1
2025-02-13 02:00:00,2,2,27.2,60.2,21.4,1.175,0.0,0.0,27.0
2025-02-13 03:00:00,3,2,24.2,83.1,32.4,1.187,0.0,0.0,43.1
2025-02-13 04:00:00,4,2,21.1,94.7,44.5,1.2,0.0,0.0,64.9
2025-02-13 05:00:00,5,2,32.2,47.2,5.8,1.156,0.0,0.0,6.5
2025-02-13 06:00:00,6,2,26.6,6.3,43.6,1.178,0.0,0.0,68.3
2025-02-13 07:00:00,7,2,36.0,88.6,13.8,1.142,0.0,0.0,20.8
2025-02-13 08:00:00,8,2,15.6,64.7,27.3,1.222,0.1,0.0,45.6
2025-02-13 09:00:00,9,2,18.1,41.0,38.5,1.212,3.0,42.7,57.1
2025-02-13 10:00:00,10,2,21.3,85.7,41.3,1.199,2.4,18.4,60.8
2025-02-13 11:00:00,11,2,22.7,35.9,31.3,1.193,6.5,144.9,48.6
2025-02-13 12:00:00,12,2,40.0,29.6,29.5,1.127,8.5,207.1,44.9
2025-02-13 13:00:00,13,2,22.3,57.8,23.2,1.195,5.4,104.7,37.1
2025-02-13 14:00:00,14,2,21.3,63.3,39.0,1.199,3.5,51.8,52.2
2025-02-13 15:00:00,15,2,26.1,25.3,14.3,1.18,3.7,78.9,17.6
2025-02-13 16:00:00,16,2,18.6,93.7,42.2,1.21,0.0,0.0,59.1
2025-02-13 17:00:00,17,2,32.6,11.9,26.2,1.154,1.1,19.6,36.2
2025-02-13 18:00:00,18,2,38.0,13.0,30.6,1.134,0.0,0.0,38.0
2025-02-13 19:00:00,19,2,25.5,77.6,40.5,1.182,0.0,0.0,56.0
2025-02-13 20:00:00,20,2,23.2,99.6,38.9,1.191,0.0,0.0,56.6
2025-02-13 21:00:00,21,2,20.1,48.1,20.4,1.204,0.0,0.0,33.6
2025-02-13 22:00:00,22,2,25.9,93.8,40.7,1.18,0.0,0.0,58.1
2025-02-13 23:00:00,23,2,25.4,52.0,43.1,1.182,0.0,0.0,65.2
2025-02-14 00:00:00,0,2,24.9,27.1,37.7,1.184,0.0,0.0,56.3
2025-02-14 01:00:00,1,2,14.1,63.8,14.2,1.229,0.0,0.0,19.9
2025-02-14 02:00:00,2,2,30.6,13.9,5.7,1.162,0.0,0.0,10.4
2025-02-14 03:00:00,3,2,28.1,81.8,33.0,1.172,0.0,0.0,46.0
2025-02-14 04:00:00,4,2,23.8,19.6,26.8,1.189,0.0,0.0,37.1
2025-02-14 05:00:00,5,2,22.1,7.3,41.8,1.196,0.0,0.0,61.6
2025-02-14 06:00:00,6,2,32.4,97.8,31.3,1.155,0.0,0.0,40.5
2025-02-14 07:00:00,7,2,20.9,29.7,36.0,1.2,0.2,0.0,54.7
2025-02-14 08:00:00,8,2,12.1,28.4,42.2,1.237,1.9,32.9,63.6
2025-02-14 09:00:00,9,2,22.3,90.5,44.6,1.195,0.5,0.0,66.9
2025-02-14 10:00:00,10,2,6.2,71.5,39.4,1.264,3.1,42.8,56.7
2025-02-14 11:00:00,11,2,31.6,94.9,9.8,1.158,3.6,37.0,10.4
2025-02-14 12:00:00,12,2,36.7,84.6,43.6,1.139,5.8,109.1,62.8
2025-02-14 13:00:00,13,2,10.4,85.9,7.2,1.245,4.0,60.9,5.5
2025-02-14 14:00:00,14,2,27.6,15.4,38.1,1.174,5.9,127.1,58.1
2025-02-14 15:00:00,15,2,15.7,65.2,5.4,1.222,1.7,9.9,7.3
2025-02-14 16:00:00,16,2,22.3,44.7,21.0,1.195,1.1,0.0,28.8
2025-02-14 17:00:00,17,2,19.7,37.5,18.0,1.205,0.0,0.0,25.5
2025-02-14 18:00:00,18,2,20.3,27.6,25.0,1.203,0.0,0.0,32.3
2025-02-14 19:00:00,19,2,16.9,22.4,29.5,1.217,0.0,0.0,44.0
2025-02-14 20:00:00,20,2,33.8,77.7,42.4,1.15,0.0,0.0,59.7
2025-02-14 21:00:00,21,2,24.3,13.7,11.5,1.187,0.0,0.0,14.5
2025-02-14 22:00:00,22,2,41.2,89.4,34.2,1.123,0.0,0.0,48.3
2025-02-14 23:00:00,23,2,23.5,28.9,25.3,1.19,0.0,0.0,31.7
2025-02-15 00:00:00,0,2,25.6,5.6,16.3,1.182,0.0,0.0,24.8
2025-02-15 01:00:00,1,2,12.4,71.1,13.6,1.236,0.0,0.0,19.0
2025-02-15 02:00:00,2,2,28.1,22.9,20.3,1.172,0.0,0.0,19.0
2025-02-15 03:00:00,3,2,22.3,86.6,25.5,1.195,0.0,0.0,33.1
2025-02-15 04:00:00,4,2,19.0,34.2,29.7,1.208,0.0,0.0,41.8
2025-02-15 05:00:00,5,2,14.1,11.9,16.8,1.229,0.0,0.0,20.1
2025-02-15 06:00:00,6,2,27.0,26.8,6.5,1.176,0.0,0.0,10.8
2025-02-15 07:00:00,7,2,18.4,90.2,14.3,1.211,0.0,0.0,18.4
2025-02-15 08:00:00,8,2,32.7,56.6,41.4,1.154,0.5,0.0,56.9
2025-02-15 09:00:00,9,2,32.0,6.9,20.1,1.157,4.7,112.2,22.3
2025-02-15 10:00:00,10,2,23.8,82.5,42.0,1.189,2.5,20.9,54.3
2025-02-15 11:00:00,11,2,33.5,28.7,30.5,1.151,6.9,156.3,45.2
2025-02-15 12:00:00,12,2,25.9,4.4,39.2,1.18,9.8,243.8,54.0
2025-02-15 13:00:00,13,2,34.9,47.4,17.2,1.146,6.0,128.7,23.6
2025-02-15 14:00:00,14,2,16.1,9.9,35.5,1.22,6.2,149.7,58.1
2025-02-15 15:00:00,15,2,26.3,36.9,21.4,1.179,3.2,63.1,26.1
2025-02-15 16:00:00,16,2,20.3,89.7,34.1,1.203,0.0,0.0,53.7
2025-02-15 17:00:00,17,2,28.4,68.8,42.9,1.171,0.0,0.0,61.2
2025-02-15 18:00:00,18,2,23.7,28.2,32.7,1.189,0.0,0.0,43.2
2025-02-15 19:00:00,19,2,21.1,58.0,23.9,1.2,0.0,0.0,32.0
2025-02-15 20:00:00,20,2,32.9,9.4,6.2,1.153,0.0,0.0,6.4
2025-02-15 21:00:00,21,2,21.4,65.0,36.6,1.198,0.0,0.0,55.6
2025-02-15 22:00:00,22,2,33.8,2.1,35.9,1.15,0.0,0.0,48.2
2025-02-15 23:00:00,23,2,19.9,25.6,31.5,1.205,0.0,0.0,40.2
2025-02-16 00:00:00,0,2,27.6,74.0,18.6,1.174,0.0,0.0,25.1
2025-02-16 01:00:00,1,2,2.2,49.0,39.0,1.282,0.0,0.0,55.8
2025-02-16 02:00:00,2,2,24.9,77.7,29.2,1.184,0.0,0.0,45.6
2025-02-16 03:00:00,3,2,25.7,7.0,42.3,1.181,0.0,0.0,60.1
2025-02-16 04:00:00,4,2,14.1,15.3,26.9,1.229,0.0,0.0,36.1
2025-02-16 05:00:00,5,2,20.7,97.0,13.8,1.201,0.0,0.0,18.4
2025-02-16 06:00:00,6,2,25.1,65.5,9.0,1.184,0.0,0.0,8.1
2025-02-16 07:00:00,7,2,10.9,13.1,37.2,1.243,1.0,12.8,49.6
2025-02-16 08:00:00,8,2,22.9,64.2,43.6,1.192,0.1,0.0,60.0
2025-02-16 09:00:00,9,2,23.6,18.2,5.3,1.19,4.1,96.4,10.6
2025-02-16 10:00:00,10,2,20.9,97.0,8.4,1.2,1.8,0.0,11.4
2025-02-16 11:00:00,11,2,18.6,58.3,36.4,1.21,5.4,110.2,50.7
2025-02-16 12:00:00,12,2,22.2,22.4,31.2,1.195,8.9,216.4,41.8
2025-02-16 13:00:00,13,2,27.3,66.2,28.3,1.175,5.0,100.0,41.8
2025-02-16 14:00:00,14,2,30.2,27.1,33.1,1.164,5.3,115.0,50.9
2025-02-16 15:00:00,15,2,11.2,75.9,39.8,1.241,1.2,0.0,51.6
2025-02-16 16:00:00,16,2,27.1,83.8,21.2,1.176,0.0,0.0,29.4
2025-02-16 17:00:00,17,2,41.0,32.8,30.2,1.124,0.0,0.0,45.6
2025-02-16 18:00:00,18,2,20.8,55.0,36.7,1.201,0.0,0.0,61.6
2025-02-16 19:00:00,19,2,29.1,23.0,33.0,1.168,0.0,0.0,49.8
2025-02-16 20:00:00,20,2,40.7,35.5,36.1,1.125,0.0,0.0,56.5
2025-02-16 21:00:00,21,2,16.5,96.2,8.4,1.219,0.0,0.0,8.6
2025-02-16 22:00:00,22,2,31.1,74.4,5.8,1.16,0.0,0.0,4.7
2025-02-16 23:00:00,23,2,23.4,81.4,6.0,1.19,0.0,0.0,5.9
2025-02-17 00:00:00,0,2,41.0,88.9,38.1,1.124,0.0,0.0,49.2
2025-02-17 01:00:00,1,2,15.7,63.3,43.6,1.222,0.0,0.0,60.8
2025-02-17 02:00:00,2,2,25.7,13.0,14.7,1.181,0.0,0.0,21.2
2025-02-17 03:00:00,3,2,28.8,39.6,10.1,1.169,0.0,0.0,10.2
2025-02-17 04:00:00,4,2,27.3,77.2,29.1,1.175,0.0,0.0,39.8
2025-02-17 05:00:00,5,2,23.6,69.1,33.1,1.19,0.0,0.0,48.5
2025-02-17 06:00:00,6,2,27.9,77.6,18.4,1.173,0.0,0.0,28.7
2025-02-17 07:00:00,7,2,29.9,19.1,32.6,1.165,0.7,0.0,46.2
2025-02-17 08:00:00,8,2,21.5,69.4,36.6,1.198,0.0,0.0,60.9
2025-02-17 09:00:00,9,2,22.2,73.1,36.6,1.195,1.3,0.0,55.9
2025-02-17 10:00:00,10,2,29.9,32.3,42.6,1.165,5.1,110.4,70.0
2025-02-17 11:00:00,11,2,26.0,42.4,7.1,1.18,6.2,138.2,5.2
2025-02-17 12:00:00,12,2,23.0,28.0,25.6,1.192,8.6,203.1,37.3
2025-02-17 13:00:00,13,2,17.0,93.2,20.1,1.217,3.7,39.4,26.0
2025-02-17 14:00:00,14,2,22.6,75.5,31.1,1.194,2.9,36.0,44.6
2025-02-17 15:00:00,15,2,18.9,93.7,34.8,1.209,0.3,0.0,48.5
2025-02-17 16:00:00,16,2,24.8,90.7,25.6,1.185,0.0,0.0,29.0
2025-02-17 17:00:00,17,2,-3.1,88.0,9.0,1.307,0.0,0.0,13.8
2025-02-17 18:00:00,18,2,30.6,2.2,23.0,1.162,0.0,0.0,25.5
2025-02-17 19:00:00,19,2,10.4,50.0,14.2,1.245,0.0,0.0,18.9
2025-02-17 20:00:00,20,2,42.9,59.5,8.0,1.117,0.0,0.0,10.6
2025-02-17 21:00:00,21,2,22.6,90.7,17.6,1.194,0.0,0.0,19.2
2025-02-17 22:00:00,22,2,20.6,89.1,28.9,1.202,0.0,0.0,34.8
2025-02-17 23:00:00,23,2,36.2,90.9,36.7,1.141,0.0,0.0,46.3
2025-02-18 00:00:00,0,2,18.7,51.2,33.3,1.209,0.0,0.0,48.8
2025-02-18 01:00:00,1,2,15.2,73.3,24.3,1.224,0.0,0.0,26.7
2025-02-18 02:00:00,2,2,14.3,86.0,14.5,1.228,0.0,0.0,21.7
2025-02-18 03:00:00,3,2,21.9,98.7,24.0,1.196,0.0,0.0,32.7
2025-02-18 04:00:00,4,2,23.4,5.3,18.0,1.19,0.0,0.2,23.8
2025-02-18 05:00:00,5,2,32.0,88.5,26.9,1.157,0.0,0.0,37.8
2025-02-18 06:00:00,6,2,20.7,47.2,42.5,1.201,0.0,0.0,65.1
2025-02-18 07:00:00,7,2,35.6,16.2,21.9,1.143,0.9,18.3,22.5
2025-02-18 08:00:00,8,2,35.9,69.2,21.4,1.142,0.0,0.0,30.4
2025-02-18 09:00:00,9,2,20.8,51.7,43.2,1.201,2.4,33.0,63.1
2025-02-18 10:00:00,10,2,31.2,20.5,27.7,1.16,5.6,130.5,38.9
2025-02-18 11:00:00,11,2,22.0,11.4,35.6,1.196,7.8,191.3,50.1
2025-02-18 12:00:00,12,2,19.8,46.6,17.2,1.205,7.7,166.9,21.6
2025-02-18 13:00:00,13,2,20.6,80.9,11.7,1.202,4.3,61.0,14.0
2025-02-18 14:00:00,14,2,28.5,37.7,34.0,1.17,4.8,109.6,43.2
2025-02-18 15:00:00,15,2,28.4,48.6,36.7,1.171,2.6,51.2,48.8
2025-02-18 16:00:00,16,2,16.9,75.1,31.6,1.217,0.0,0.0,41.1
2025-02-18 17:00:00,17,2,17.8,8.6,24.6,1.213,1.2,18.7,42.4
2025-02-18 18:00:00,18,2,21.8,84.3,41.6,1.197,0.0,0.0,60.7
2025-02-18 19:00:00,19,2,25.3,74.3,18.7,1.183,0.0,0.0,20.6
2025-02-18 20:00:00,20,2,22.8,24.8,30.7,1.193,0.0,0.0,48.0
2025-02-18 21:00:00,21,2,20.1,91.0,29.8,1.204,0.0,0.0,38.7
2025-02-18 22:00:00,22,2,32.2,79.3,13.7,1.156,0.0,0.0,12.9
2025-02-18 23:00:00,23,2,21.8,54.3,37.7,1.197,0.0,0.0,54.1
2025-02-19 00:00:00,0,2,19.9,51.3,9.2,1.205,0.0,0.0,9.5
2025-02-19 01:00:00,1,2,26.8,32.7,11.4,1.177,0.0,0.0,13.8
2025-02-19 02:00:00,2,2,21.1,28.5,32.8,1.2,0.0,0.0,45.6
2025-02-19 03:00:00,3,2,30.2,31.5,16.7,1.164,0.0,0.0,20.9
2025-02-19 04:00:00,4,2,25.0,93.7,20.3,1.184,0.0,0.0,27.7
2025-02-19 05:00:00,5,2,26.4,97.9,43.3,1.178,0.0,0.0,63.9
2025-02-19 06:00:00,6,2,28.8,81.2,12.2,1.169,0.0,0.0,9.8
2025-02-19 07:00:00,7,2,25.7,98.9,18.2,1.181,0.0,0.0,24.8
2025-02-19 08:00:00,8,2,27.3,71.6,19.3,1.175,0.0,0.0,27.3
2025-02-19 09:00:00,9,2,25.2,83.7,12.5,1.183,0.8,0.0,18.9
2025-02-19 10:00:00,10,2,19.7,18.7,29.0,1.205,5.7,132.7,38.2
2025-02-19 11:00:00,11,2,28.6,31.7,37.6,1.17,6.7,153.3,56.7
2025-02-19 12:00:00,12,2,27.3,34.5,16.2,1.175,8.3,194.5,20.1
2025-02-19 13:00:00,13,2,25.5,61.4,17.2,1.182,5.3,103.3,20.5
2025-02-19 14:00:00,14,2,14.5,83.5,16.9,1.227,2.5,23.3,23.3
2025-02-19 15:00:00,15,2,25.5,90.4,9.7,1.182,0.5,0.0,12.8
2025-02-19 16:00:00,16,2,18.1,19.0,7.3,1.212,2.4,51.4,10.4
2025-02-19 17:00:00,17,2,27.6,46.8,6.1,1.174,0.0,0.0,8.8
2025-02-19 18:00:00,18,2,31.2,11.6,19.8,1.16,0.0,1.1,24.1
2025-02-19 19:00:00,19,2,20.9,21.6,39.9,1.2,0.0,0.0,58.2
2025-02-19 20:00:00,20,2,24.1,75.1,22.8,1.188,0.0,0.0,31.2
2025-02-19 21:00:00,21,2,13.4,59.5,30.0,1.232,0.0,0.0,48.8
2025-02-19 22:00:00,22,2,29.8,39.5,36.7,1.165,0.0,0.0,52.1
2025-02-19 23:00:00,23,2,36.7,76.2,36.7,1.139,0.0,0.0,49.4
2025-02-20 00:00:00,0,2,26.5,18.0,9.3,1.178,0.0,0.0,10.2
2025-02-20 01:00:00,1,2,13.8,18.1,8.2,1.23,0.0,0.0,12.3
2025-02-20 02:00:00,2,2,39.7,18.2,7.4,1.128,0.0,0.0,10.1
2025-02-20 03:00:00,3,2,22.0,62.2,29.4,1.196,0.0,0.0,45.3
2025-02-20 04:00:00,4,2,36.1,65.6,27.4,1.141,0.0,0.0,37.2
2025-02-20 05:00:00,5,2,8.1,17.5,41.1,1.255,0.0,0.0,59.9
2025-02-20 06:00:00,6,2,28.2,15.3,37.5,1.171,0.0,0.0,53.9
2025-02-20 07:00:00,7,2,24.8,6.7,21.4,1.185,1.3,29.1,22.4
2025-02-20 08:00:00,8,2,23.1,14.5,10.7,1.192,2.6,57.4,12.0
2025-02-20 09:00:00,9,2,30.6,99.3,27.9,1.162,0.0,0.0,40.1
2025-02-20 10:00:00,10,2,37.3,86.3,43.0,1.137,2.4,15.2,62.5
2025-02-20 11:00:00,11,2,28.4,77.6,11.0,1.171,4.5,75.9,13.0
2025-02-20 12:00:00,12,2,25.1,63.2,32.9,1.184,6.8,136.5,47.0
2025-02-20 13:00:00,13,2,30.4,0.4,16.0,1.163,8.3,206.2,20.0
2025-02-20 14:00:00,14,2,14.1,11.9,36.0,1.229,6.1,141.2,51.1
2025-02-20 15:00:00,15,2,31.0,3.0,24.2,1.161,4.8,118.1,32.7
2025-02-20 16:00:00,16,2,35.3,80.7,24.4,1.144,0.0,0.0,34.3
2025-02-20 17:00:00,17,2,37.9,98.3,33.1,1.135,0.0,0.0,49.0
2025-02-20 18:00:00,18,2,28.6,64.6,42.0,1.17,0.0,0.0,52.7
2025-02-20 19:00:00,19,2,23.1,20.9,37.5,1.192,0.0,0.0,54.1
2025-02-20 20:00:00,20,2,10.0,5.4,35.6,1.247,0.0,3.4,50.2
2025-02-20 21:00:00,21,2,29.3,90.9,16.5,1.167,0.0,0.0,23.2
2025-02-20 22:00:00,22,2,12.6,6.2,7.1,1.235,0.0,0.0,8.2
2025-02-20 23:00:00,23,2,32.8,49.0,11.2,1.154,0.0,0.0,11.4
2025-02-21 00:00:00,0,2,20.3,2.4,33.3,1.203,0.0,0.0,47.8
2025-02-21 01:00:00,1,2,41.7,59.3,45.0,1.121,0.0,0.0,66.8
2025-02-21 02:00:00,2,2,31.7,68.4,32.4,1.158,0.0,0.0,42.5
2025-02-21 03:00:00,3,2,28.2,22.2,29.9,1.171,0.0,0.0,41.1
2025-02-21 04:00:00,4,2,16.9,52.3,14.5,1.217,0.0,0.0,24.2
2025-02-21 05:00:00,5,2,31.1,6.9,9.7,1.16,0.0,0.0,14.2
2025-02-21 06:00:00,6,2,37.0,89.9,38.5,1.138,0.0,0.0,52.7
2025-02-21 07:00:00,7,2,28.0,56.0,27.5,1.172,0.0,0.0,36.4
2025-02-21 08:00:00,8,2,32.1,78.9,31.8,1.156,0.0,0.0,43.9
2025-02-21 09:00:00,9,2,28.4,36.4,13.1,1.171,3.2,65.1,19.0
2025-02-21 10:00:00,10,2,24.6,40.9,9.4,1.186,4.6,99.8,9.2
2025-02-21 11:00:00,11,2,33.1,24.4,38.1,1.153,7.1,155.8,52.4
2025-02-21 12:00:00,12,2,31.6,8.8,37.2,1.158,9.6,243.5,46.4
2025-02-21 13:00:00,13,2,32.9,88.2,43.6,1.153,3.9,56.1,60.4
2025-02-21 14:00:00,14,2,21.4,92.4,43.3,1.198,2.0,5.9,63.4
2025-02-21 15:00:00,15,2,22.3,47.1,33.6,1.195,2.6,34.3,44.4
2025-02-21 16:00:00,16,2,17.1,61.3,35.3,1.216,0.3,0.0,50.5
2025-02-21 17:00:00,17,2,17.8,99.8,12.4,1.213,0.0,0.0,14.5
2025-02-21 18:00:00,18,2,30.4,92.9,35.7,1.163,0.0,0.0,48.6
2025-02-21 19:00:00,19,2,24.1,93.2,43.7,1.188,0.0,0.0,60.5
2025-02-21 20:00:00,20,2,22.3,57.0,11.2,1.195,0.0,0.0,14.3
2025-02-21 21:00:00,21,2,22.4,21.0,34.9,1.194,0.0,0.0,48.2
2025-02-21 22:00:00,22,2,26.1,90.8,25.5,1.18,0.0,0.0,33.0
2025-02-21 23:00:00,23,2,22.2,36.1,12.8,1.195,0.0,0.0,12.2
2025-02-22 00:00:00,0,2,29.8,22.6,29.2,1.165,0.0,0.0,41.9
2025-02-22 01:00:00,1,2,35.9,93.3,26.6,1.142,0.0,0.0,38.8
2025-02-22 02:00:00,2,2,30.5,96.3,41.6,1.162,0.0,0.0,64.0
2025-02-22 03:00:00,3,2,22.6,77.2,41.5,1.194,0.0,0.0,61.1
2025-02-22 04:00:00,4,2,23.5,36.6,9.7,1.19,0.0,0.0,13.3
2025-02-22 05:00:00,5,2,30.8,9.7,10.8,1.161,0.0,0.0,6.3
2025-02-22 06:00:00,6,2,16.7,22.9,35.6,1.218,0.0,0.0,47.8
2025-02-22 07:00:00,7,2,31.3,25.5,20.2,1.159,0.4,0.0,27.6
2025-02-22 08:00:00,8,2,22.7,88.0,28.1,1.193,0.0,0.0,38.0
2025-02-22 09:00:00,9,2,26.5,64.5,11.7,1.178,1.8,4.6,14.6
2025-02-22 10:00:00,10,2,13.7,24.1,21.7,1.231,5.5,122.0,37.6
2025-02-22 11:00:00,11,2,23.7,9.0,20.4,1.189,7.9,197.0,31.2
2025-02-22 12:00:00,12,2,27.7,39.8,15.2,1.173,8.0,178.9,28.4
2025-02-22 13:00:00,13,2,30.6,93.9,41.2,1.162,3.6,44.7,55.8
2025-02-22 14:00:00,14,2,15.7,93.3,22.1,1.222,2.0,1.3,34.1
2025-02-22 15:00:00,15,2,13.5,22.8,34.9,1.231,3.9,92.5,53.2
2025-02-22 16:00:00,16,2,14.8,82.1,44.3,1.226,0.0,0.0,66.5
2025-02-22 17:00:00,17,2,9.3,75.4,37.8,1.25,0.0,0.0,52.4
2025-02-22 18:00:00,18,2,27.2,97.0,10.9,1.175,0.0,0.0,12.5
2025-02-22 19:00:00,19,2,14.0,71.6,32.0,1.229,0.0,0.0,44.3
2025-02-22 20:00:00,20,2,20.8,99.7,44.2,1.201,0.0,0.0,62.8
2025-02-22 21:00:00,21,2,19.1,45.3,39.3,1.208,0.0,0.0,54.1
2025-02-22 22:00:00,22,2,29.7,57.0,25.0,1.166,0.0,0.0,34.5
2025-02-22 23:00:00,23,2,29.5,8.0,26.4,1.166,0.0,0.0,39.4
2025-02-23 00:00:00,0,2,34.3,65.4,13.1,1.148,0.0,0.0,14.0
2025-02-23 01:00:00,1,2,35.1,31.8,24.0,1.145,0.0,0.0,32.2
2025-02-23 02:00:00,2,2,26.4,93.6,27.0,1.178,0.0,0.0,38.1
2025-02-23 03:00:00,3,2,25.3,64.4,12.6,1.183,0.0,0.0,17.1
2025-02-23 04:00:00,4,2,22.2,35.6,16.8,1.195,0.0,0.0,22.9
2025-02-23 05:00:00,5,2,22.9,88.1,18.0,1.192,0.0,0.0,20.6
2025-02-23 06:00:00,6,2,45.4,54.7,31.2,1.108,0.0,0.0,45.8
2025-02-23 07:00:00,7,2,31.3,49.8,11.0,1.159,0.0,0.0,15.9
2025-02-23 08:00:00,8,2,28.9,8.3,13.5,1.169,2.9,64.3,20.3
2025-02-23 09:00:00,9,2,41.9,39.7,12.7,1.12,3.0,58.3,17.0
2025-02-23 10:00:00,10,2,11.1,16.3,14.5,1.242,5.9,135.5,17.1
2025-02-23 11:00:00,11,2,21.4,81.9,9.6,1.198,4.2,70.8,9.9
2025-02-23 12:00:00,12,2,18.7,14.8,12.8,1.209,9.3,227.9,19.4
2025-02-23 13:00:00,13,2,26.9,16.5,30.7,1.176,7.5,186.5,42.1
2025-02-23 14:00:00,14,2,31.3,6.4,7.1,1.159,6.3,150.6,11.3
2025-02-23 15:00:00,15,2,43.6,62.7,18.0,1.114,1.9,10.2,23.5
2025-02-23 16:00:00,16,2,15.6,31.1,40.5,1.222,1.8,31.1,56.2
2025-02-23 17:00:00,17,2,15.3,51.1,13.0,1.224,0.0,0.0,19.9
2025-02-23 18:00:00,18,2,27.2,38.8,5.9,1.175,0.0,0.0,8.6
2025-02-23 19:00:00,19,2,10.4,35.9,20.1,1.245,0.0,0.0,26.8
2025-02-23 20:00:00,20,2,41.7,43.7,15.7,1.121,0.0,0.0,22.3
2025-02-23 21:00:00,21,2,6.1,34.4,17.1,1.264,0.0,0.0,20.4
2025-02-23 22:00:00,22,2,28.7,96.3,23.9,1.169,0.0,0.0,31.1
2025-02-23 23:00:00,23,2,28.7,39.1,12.1,1.169,0.0,0.0,16.5
2025-02-24 00:00:00,0,2,14.8,0.7,6.1,1.226,0.0,0.0,8.3
2025-02-24 01:00:00,1,2,19.0,90.5,15.4,1.208,0.0,0.0,18.9
2025-02-24 02:00:00,2,2,34.5,79.2,25.3,1.147,0.0,0.0,35.2
2025-02-24 03:00:00,3,2,7.9,30.1,7.0,1.256,0.0,0.0,6.5
2025-02-24 04:00:00,4,2,25.2,57.6,33.4,1.183,0.0,0.0,51.8
2025-02-24 05:00:00,5,2,19.4,20.8,16.6,1.207,0.0,0.0,24.6
2025-02-24 06:00:00,6,2,22.7,63.5,11.3,1.193,0.0,0.0,14.5
2025-02-24 07:00:00,7,2,30.4,78.9,41.3,1.163,0.0,0.0,59.8
2025-02-24 08:00:00,8,2,26.4,57.0,6.6,1.178,0.5,0.0,12.2
2025-02-24 09:00:00,9,2,27.8,47.3,38.1,1.173,2.6,27.9,57.9
2025-02-24 10:00:00,10,2,25.6,80.3,27.2,1.182,2.7,21.7,37.1
2025-02-24 11:00:00,11,2,13.0,75.3,24.5,1.234,4.6,77.7,40.3
2025-02-24 12:00:00,12,2,39.0,68.0,16.9,1.131,6.6,131.0,18.6
2025-02-24 13:00:00,13,2,18.7,73.6,8.9,1.209,4.7,80.3,15.4
2025-02-24 14:00:00,14,2,28.8,70.7,25.4,1.169,3.1,38.3,37.0
2025-02-24 15:00:00,15,2,17.2,92.0,21.0,1.216,0.4,0.0,25.5
2025-02-24 16:00:00,16,2,28.6,50.0,39.5,1.17,0.8,0.0,61.4
2025-02-24 17:00:00,17,2,30.1,87.5,13.7,1.164,0.0,0.0,22.4
2025-02-24 18:00:00,18,2,21.2,51.8,14.5,1.199,0.0,0.0,16.8
2025-02-24 19:00:00,19,2,27.4,17.8,7.8,1.174,0.0,0.0,10.1
2025-02-24 20:00:00,20,2,20.5,73.4,14.0,1.202,0.0,0.0,22.3
2025-02-24 21:00:00,21,2,27.1,86.2,28.0,1.176,0.0,0.0,38.6
2025-02-24 22:00:00,22,2,38.0,31.2,21.0,1.134,0.0,0.0,24.7
2025-02-24 23:00:00,23,2,25.7,76.7,44.8,1.181,0.0,0.0,62.7
2025-02-25 00:00:00,0,2,19.9,95.1,33.7,1.205,0.0,0.0,49.2
2025-02-25 01:00:00,1,2,21.2,7.8,25.8,1.199,0.0,0.0,43.7
2025-02-25 02:00:00,2,2,5.5,39.9,29.3,1.267,0.0,0.0,40.6
2025-02-25 03:00:00,3,2,35.3,21.2,17.8,1.144,0.0,0.0,24.0
2025-02-25 04:00:00,4,2,15.6,8.4,37.1,1.222,0.0,0.9,53.1
2025-02-25 05:00:00,5,2,23.1,14.7,13.0,1.192,0.0,0.0,13.5
2025-02-25 06:00:00,6,2,19.9,67.1,44.8,1.205,0.0,0.0,65.3
2025-02-25 07:00:00,7,2,32.8,94.1,42.3,1.154,0.0,0.0,63.6
2025-02-25 08:00:00,8,2,33.2,34.0,21.8,1.152,1.6,21.6,24.3
2025-02-25 09:00:00,9,2,25.3,3.0,39.4,1.183,4.8,124.4,56.5
2025-02-25 10:00:00,10,2,29.3,84.9,19.7,1.167,2.4,14.4,25.3
2025-02-25 11:00:00,11,2,27.6,18.0,39.4,1.174,7.4,174.4,54.6
2025-02-25 12:00:00,12,2,28.2,93.9,19.0,1.171,5.3,83.3,26.0
2025-02-25 13:00:00,13,2,22.1,98.9,19.7,1.196,3.4,36.7,24.5
2025-02-25 14:00:00,14,2,19.1,48.8,36.9,1.208,4.2,80.9,52.9
2025-02-25 15:00:00,15,2,22.5,80.3,9.0,1.194,1.0,0.0,17.1
2025-02-25 16:00:00,16,2,18.0,40.1,44.3,1.212,1.3,10.6,59.8
2025-02-25 17:00:00,17,2,17.8,78.5,29.7,1.213,0.0,0.0,38.8
2025-02-25 18:00:00,18,2,19.5,55.4,11.3,1.206,0.0,0.0,11.6
2025-02-25 19:00:00,19,2,28.1,99.2,28.2,1.172,0.0,0.0,41.0
2025-02-25 20:00:00,20,2,41.9,95.0,6.5,1.12,0.0,0.0,5.5
2025-02-25 21:00:00,21,2,22.5,63.9,23.5,1.194,0.0,0.0,34.8
2025-02-25 22:00:00,22,2,19.8,90.2,32.1,1.205,0.0,0.0,43.9
2025-02-25 23:00:00,23,2,19.4,98.6,39.9,1.207,0.0,0.0,52.4
2025-02-26 00:00:00,0,2,32.8,81.0,12.9,1.154,0.0,0.0,16.9
2025-02-26 01:00:00,1,2,25.8,62.2,22.3,1.181,0.0,0.0,26.6
2025-02-26 02:00:00,2,2,30.4,70.4,21.7,1.163,0.0,0.0,26.7
2025-02-26 03:00:00,3,2,31.6,91.1,22.3,1.158,0.0,0.0,33.2
2025-02-26 04:00:00,4,2,21.0,59.6,34.9,1.2,0.0,0.0,47.5
2025-02-26 05:00:00,5,2,37.0,66.5,13.5,1.138,0.0,0.0,15.0
2025-02-26 06:00:00,6,2,22.7,63.5,44.9,1.193,0.0,0.0,68.7
2025-02-26 07:00:00,7,2,15.2,35.4,16.0,1.224,0.0,0.0,22.8
2025-02-26 08:00:00,8,2,22.3,26.0,40.2,1.195,2.0,34.5,61.1
2025-02-26 09:00:00,9,2,13.1,64.9,6.8,1.233,1.8,14.4,9.9
2025-02-26 10:00:00,10,2,34.5,89.1,40.8,1.147,2.2,8.4,56.7
2025-02-26 11:00:00,11,2,23.0,84.1,24.3,1.192,4.1,64.0,32.8
2025-02-26 12:00:00,12,2,18.9,66.7,10.2,1.209,6.7,130.0,19.1
2025-02-26 13:00:00,13,2,12.7,29.8,32.9,1.235,6.8,160.2,44.0
2025-02-26 14:00:00,14,2,32.2,24.6,36.0,1.156,5.4,120.6,53.2
2025-02-26 15:00:00,15,2,13.4,85.7,41.0,1.232,0.7,0.0,57.9
2025-02-26 16:00:00,16,2,17.9,43.0,11.5,1.213,1.2,6.4,10.8
2025-02-26 17:00:00,17,2,25.0,23.4,10.9,1.184,0.5,6.1,8.3
2025-02-26 18:00:00,18,2,21.9,24.4,15.3,1.196,0.0,0.0,17.0
2025-02-26 19:00:00,19,2,28.9,46.7,5.8,1.169,0.0,0.0,9.0
2025-02-26 20:00:00,20,2,20.6,88.7,30.8,1.202,0.0,0.0,47.1
2025-02-26 21:00:00,21,2,25.1,47.4,14.2,1.184,0.0,0.0,15.5
2025-02-26 22:00:00,22,2,29.1,30.7,41.4,1.168,0.0,0.0,63.8
2025-02-26 23:00:00,23,2,36.1,25.0,43.7,1.141,0.0,0.0,63.9
2025-02-27 00:00:00,0,2,24.7,50.7,30.7,1.185,0.0,0.0,39.9
2025-02-27 01:00:00,1,2,20.6,79.0,41.9,1.202,0.0,0.0,59.6
2025-02-27 02:00:00,2,2,26.4,55.4,37.2,1.178,0.0,0.0,55.6
2025-02-27 03:00:00,3,2,29.3,74.2,31.8,1.167,0.0,0.0,49.7
2025-02-27 04:00:00,4,2,26.6,88.1,23.1,1.178,0.0,0.0,29.5
2025-02-27 05:00:00,5,2,29.7,34.7,16.8,1.166,0.0,0.0,21.0
2025-02-27 06:00:00,6,2,10.8,44.1,9.0,1.243,0.0,0.0,8.8
2025-02-27 07:00:00,7,2,35.6,98.5,12.2,1.143,0.0,0.0,13.9
2025-02-27 08:00:00,8,2,8.3,14.4,13.8,1.254,2.6,45.9,18.2
2025-02-27 09:00:00,9,2,25.4,70.5,44.4,1.182,1.5,7.6,63.9
2025-02-27 10:00:00,10,2,39.2,0.6,40.0,1.13,6.6,159.9,52.3
2025-02-27 11:00:00,11,2,29.8,74.8,24.2,1.165,4.6,67.8,36.0
2025-02-27 12:00:00,12,2,32.7,68.6,39.6,1.154,6.6,125.2,58.6
2025-02-27 13:00:00,13,2,20.0,82.8,31.9,1.204,4.2,61.9,40.4
2025-02-27 14:00:00,14,2,32.9,65.7,11.9,1.153,3.4,44.7,18.0
2025-02-27 15:00:00,15,2,19.4,89.3,35.8,1.207,0.5,0.0,51.6
2025-02-27 16:00:00,16,2,7.3,25.1,25.6,1.259,2.1,32.5,35.8
2025-02-27 17:00:00,17,2,17.1,37.7,31.5,1.216,0.0,0.0,49.0
2025-02-27 18:00:00,18,2,13.9,38.0,17.3,1.23,0.0,0.0,21.6
2025-02-27 19:00:00,19,2,18.8,34.3,39.7,1.209,0.0,0.0,57.5
2025-02-27 20:00:00,20,2,22.0,25.6,5.9,1.196,0.0,0.0,6.8
2025-02-27 21:00:00,21,2,24.9,98.3,29.1,1.184,0.0,0.0,40.5
2025-02-27 22:00:00,22,2,19.3,28.7,38.2,1.207,0.0,0.0,58.0
2025-02-27 23:00:00,23,2,24.2,60.6,42.5,1.187,0.0,0.0,61.0
2025-02-28 00:00:00,0,2,34.5,36.4,17.1,1.147,0.0,0.0,21.1
2025-02-28 01:00:00,1,2,20.5,25.8,25.1,1.202,0.0,0.0,34.1
2025-02-28 02:00:00,2,2,24.1,10.3,16.3,1.188,0.0,0.0,21.8
2025-02-28 03:00:00,3,2,23.4,24.4,14.1,1.19,0.0,0.0,16.3
2025-02-28 04:00:00,4,2,39.7,89.0,31.0,1.128,0.0,0.0,44.4
2025-02-28 05:00:00,5,2,27.9,53.2,37.9,1.173,0.0,0.0,57.4
2025-02-28 06:00:00,6,2,2.5,56.6,11.3,1.281,0.0,0.0,12.3
2025-02-28 07:00:00,7,2,41.7,64.2,15.2,1.121,0.0,0.0,21.1
2025-02-28 08:00:00,8,2,34.2,20.1,23.7,1.148,2.3,52.0,30.1
2025-02-28 09:00:00,9,2,14.2,35.7,27.3,1.228,3.2,60.0,39.0
2025-02-28 10:00:00,10,2,17.1,86.0,12.4,1.216,2.4,13.7,10.0
2025-02-28 11:00:00,11,2,24.3,30.6,33.2,1.187,6.8,148.7,49.2
2025-02-28 12:00:00,12,2,32.0,7.2,20.2,1.157,9.6,224.6,24.5
2025-02-28 13:00:00,13,2,23.5,28.5,8.8,1.19,6.9,162.3,11.0
2025-02-28 14:00:00,14,2,29.9,33.5,41.7,1.165,5.0,114.6,54.9
2025-02-28 15:00:00,15,2,12.6,16.0,20.9,1.235,4.2,94.4,25.8
2025-02-28 16:00:00,16,2,18.7,94.0,41.6,1.209,0.0,0.0,57.0
2025-02-28 17:00:00,17,2,40.6,29.9,38.0,1.125,0.2,0.0,54.4
2025-02-28 18:00:00,18,2,27.1,23.3,8.3,1.176,0.0,0.0,6.1
2025-02-28 19:00:00,19,2,26.3,29.4,10.5,1.179,0.0,0.0,10.6
2025-02-28 20:00:00,20,2,26.4,91.2,22.1,1.178,0.0,0.0,30.8
2025-02-28 21:00:00,21,2,20.0,48.6,20.4,1.204,0.0,0.0,30.2
2025-02-28 22:00:00,22,2,22.9,69.6,16.4,1.192,0.0,0.0,17.8
2025-02-28 23:00:00,23,2,23.1,20.3,26.6,1.192,0.0,0.0,34.2
2025-03-01 00:00:00,0,3,11.6,9.7,27.5,1.24,0.0,1.6,38.7
2025-03-01 01:00:00,1,3,20.9,85.1,33.1,1.2,0.0,0.0,38.1
2025-03-01 02:00:00,2,3,13.6,34.5,22.3,1.231,0.0,0.0,28.9
2025-03-01 03:00:00,3,3,17.3,67.9,41.6,1.215,0.0,0.0,55.9
2025-03-01 04:00:00,4,3,18.4,20.0,34.3,1.211,0.0,0.0,44.4
2025-03-01 05:00:00,5,3,20.6,94.9,19.3,1.202,0.0,0.0,27.4
2025-03-01 06:00:00,6,3,30.7,20.1,29.3,1.162,0.0,0.0,43.8
2025-03-01 07:00:00,7,3,32.1,69.5,21.8,1.156,0.0,0.0,34.4
2025-03-01 08:00:00,8,3,14.7,47.4,17.2,1.226,1.0,0.0,16.8
2025-03-01 09:00:00,9,3,18.5,95.9,23.8,1.21,0.2,0.0,29.0
2025-03-01 10:00:00,10,3,22.0,87.4,39.1,1.196,2.3,19.6,56.0
2025-03-01 11:00:00,11,3,22.5,80.0,28.9,1.194,4.3,68.6,37.7
2025-03-01 12:00:00,12,3,32.1,14.3,29.7,1.156,9.3,236.7,41.6
2025-03-01 13:00:00,13,3,25.6,70.3,9.5,1.182,4.8,81.1,10.0
2025-03-01 14:00:00,14,3,40.3,86.7,35.6,1.126,2.3,17.7,49.9
2025-03-01 15:00:00,15,3,21.5,41.4,28.6,1.198,2.9,54.9,40.4
2025-03-01 16:00:00,16,3,22.4,63.2,42.4,1.194,0.2,0.0,57.2
2025-03-01 17:00:00,17,3,17.7,82.0,9.7,1.214,0.0,0.0,9.0
2025-03-01 18:00:00,18,3,25.1,82.7,28.4,1.184,0.0,0.0,38.5
2025-03-01 19:00:00,19,3,30.8,17.0,38.0,1.161,0.0,0.0,52.7
2025-03-01 20:00:00,20,3,33.8,62.5,34.0,1.15,0.0,0.0,51.1
2025-03-01 21:00:00,21,3,27.0,3.5,24.6,1.176,0.0,0.0,33.3
2025-03-01 22:00:00,22,3,33.3,3.0,33.7,1.152,0.0,0.0,47.3
2025-03-01 23:00:00,23,3,20.9,88.3,12.9,1.2,0.0,0.0,14.7
2025-03-02 00:00:00,0,3,21.6,14.3,38.6,1.198,0.0,0.0,50.5
2025-03-02 01:00:00,1,3,38.9,18.9,44.4,1.131,0.0,0.0,63.1
2025-03-02 02:00:00,2,3,24.0,58.7,41.1,1.188,0.0,0.0,59.5
2025-03-02 03:00:00,3,3,30.4,33.8,14.7,1.163,0.0,0.0,18.7
2025-03-02 04:00:00,4,3,21.3,57.9,30.1,1.199,0.0,0.0,42.6
2025-03-02 05:00:00,5,3,8.6,56.0,44.4,1.253,0.0,0.0,60.3
2025-03-02 06:00:00,6,3,18.2,84.6,28.9,1.212,0.0,0.0,40.4
2025-03-02 07:00:00,7,3,24.3,18.5,7.5,1.187,0.7,10.3,10.5
2025-03-02 08:00:00,8,3,19.3,53.8,39.9,1.207,0.6,0.0,57.7
2025-03-02 09:00:00,9,3,17.2,79.8,21.6,1.216,1.0,0.0,28.8
2025-03-02 10:00:00,10,3,25.5,28.5,28.6,1.182,5.2,118.8,46.3
2025-03-02 11:00:00,11,3,27.3,1.7,10.3,1.175,8.2,203.1,11.6
2025-03-02 12:00:00,12,3,24.8,31.1,8.2,1.185,8.4,192.4,5.7
2025-03-02 13:00:00,13,3,21.8,5.9,33.9,1.197,8.0,199.1,49.3
2025-03-02 14:00:00,14,3,26.4,49.3,23.7,1.178,4.2,76.6,28.2
2025-03-02 15:00:00,15,3,23.1,92.5,25.0,1.192,0.4,0.0,35.1
2025-03-02 16:00:00,16,3,16.5,31.9,24.2,1.219,1.7,23.5,30.6
2025-03-02 17:00:00,17,3,42.1,10.1,37.3,1.12,1.2,32.4,55.7
2025-03-02 18:00:00,18,3,22.4,98.7,16.1,1.194,0.0,0.0,9.5
2025-03-02 19:00:00,19,3,36.8,85.1,16.2,1.139,0.0,0.0,15.9
2025-03-02 20:00:00,20,3,34.4,4.2,26.8,1.148,0.0,2.0,33.4
2025-03-02 21:00:00,21,3,5.6,56.4,21.9,1.266,0.0,0.0,28.6
2025-03-02 22:00:00,22,3,23.5,59.9,26.5,1.19,0.0,0.0,34.4
2025-03-02 23:00:00,23,3,30.2,45.9,43.1,1.164,0.0,0.0,60.1
2025-03-03 00:00:00,0,3,26.0,26.2,23.5,1.18,0.0,0.0,25.9
2025-03-03 01:00:00,1,3,27.9,30.7,18.6,1.173,0.0,0.0,30.7
2025-03-03 02:00:00,2,3,15.0,46.5,24.2,1.225,0.0,0.0,39.1
2025-03-03 03:00:00,3,3,16.3,75.2,11.9,1.22,0.0,0.0,10.7
2025-03-03 04:00:00,4,3,14.0,73.5,39.3,1.229,0.0,0.0,57.2
2025-03-03 05:00:00,5,3,24.8,86.7,41.8,1.185,0.0,0.0,58.3
2025-03-03 06:00:00,6,3,25.1,66.6,28.2,1.184,0.0,0.0,33.7
2025-03-03 07:00:00,7,3,13.8,77.7,31.9,1.23,0.0,0.0,47.2
2025-03-03 08:00:00,8,3,26.5,3.1,15.1,1.178,3.2,80.6,18.1
2025-03-03 09:00:00,9,3,17.4,79.7,35.7,1.215,1.0,0.0,54.2
2025-03-03 10:00:00,10,3,28.3,61.3,22.9,1.171,3.6,58.5,35.3
2025-03-03 11:00:00,11,3,38.9,49.5,7.8,1.131,5.9,126.7,5.4
2025-03-03 12:00:00,12,3,24.8,54.3,38.4,1.185,7.3,150.7,56.0
2025-03-03 13:00:00,13,3,34.4,44.8,15.1,1.148,6.1,135.1,17.4
2025-03-03 14:00:00,14,3,30.5,62.8,7.7,1.162,3.5,57.3,11.5
2025-03-03 15:00:00,15,3,14.9,55.9,23.1,1.225,2.2,34.3,29.8
2025-03-03 16:00:00,16,3,17.4,28.2,16.5,1.215,1.9,21.9,24.9
2025-03-03 17:00:00,17,3,37.9,58.3,26.3,1.135,0.0,0.0,32.3
2025-03-03 18:00:00,18,3,14.4,99.8,13.9,1.228,0.0,0.0,18.9
2025-03-03 19:00:00,19,3,19.7,4.2,38.2,1.205,0.0,0.0,59.1
2025-03-03 20:00:00,20,3,19.9,37.2,37.6,1.205,0.0,0.0,55.2
2025-03-03 21:00:00,21,3,32.1,80.8,27.8,1.156,0.0,0.0,37.5
2025-03-03 22:00:00,22,3,23.3,45.3,9.5,1.191,0.0,0.0,16.4
2025-03-03 23:00:00,23,3,7.7,73.6,24.1,1.257,0.0,0.0,31.2
2025-03-04 00:00:00,0,3,21.3,64.1,15.1,1.199,0.0,0.0,24.2
2025-03-04 01:00:00,1,3,12.0,99.2,13.1,1.238,0.0,0.0,12.2
2025-03-04 02:00:00,2,3,3.1,48.8,30.8,1.278,0.0,0.0,43.4
2025-03-04 03:00:00,3,3,51.2,89.3,40.3,1.088,0.0,0.0,57.2
2025-03-04 04:00:00,4,3,28.1,26.9,20.4,1.172,0.0,0.0,30.8
2025-03-04 05:00:00,5,3,24.7,82.1,21.9,1.185,0.0,0.0,29.2
2025-03-04 06:00:00,6,3,22.7,48.7,39.0,1.193,0.0,0.0,52.6
2025-03-04 07:00:00,7,3,25.5,50.9,22.1,1.182,0.0,0.0,32.5
2025-03-04 08:00:00,8,3,29.1,42.3,31.3,1.168,1.2,14.8,38.5
2025-03-04 09:00:00,9,3,23.3,55.4,6.8,1.191,2.2,26.3,3.1
2025-03-04 10:00:00,10,3,18.9,51.5,10.4,1.209,4.1,79.8,10.1
2025-03-04 11:00:00,11,3,35.0,27.6,32.5,1.146,7.0,159.9,44.5
2025-03-04 12:00:00,12,3,25.0,56.8,13.3,1.184,7.2,145.8,20.2
2025-03-04 13:00:00,13,3,26.4,40.1,36.2,1.178,6.3,150.2,48.9
2025-03-04 14:00:00,14,3,28.1,77.5,27.4,1.172,2.8,30.8,38.8
2025-03-04 15:00:00,15,3,32.3,35.2,35.5,1.156,3.2,64.3,51.6
2025-03-04 16:00:00,16,3,31.8,90.0,28.8,1.158,0.0,0.0,44.3
2025-03-04 17:00:00,17,3,39.9,1.1,39.5,1.128,1.6,42.0,50.2
2025-03-04 18:00:00,18,3,35.7,37.6,15.3,1.143,0.0,0.0,22.0
2025-03-04 19:00:00,19,3,22.3,72.1,28.7,1.195,0.0,0.0,41.3
2025-03-04 20:00:00,20,3,30.5,85.2,38.8,1.162,0.0,0.0,55.7
2025-03-04 21:00:00,21,3,39.7,90.1,11.2,1.128,0.0,0.0,14.3
2025-03-04 22:00:00,22,3,26.7,56.0,21.3,1.177,0.0,0.0,30.7
2025-03-04 23:00:00,23,3,26.6,98.2,11.6,1.178,0.0,0.0,14.2
2025-03-05 00:00:00,0,3,16.5,68.5,17.9,1.219,0.0,0.0,22.2
2025-03-05 01:00:00,1,3,17.1,84.2,36.3,1.216,0.0,0.0,50.4
2025-03-05 02:00:00,2,3,21.7,21.3,12.8,1.197,0.0,0.0,17.6
2025-03-05 03:00:00,3,3,12.2,2.5,29.8,1.237,0.0,0.0,42.4
2025-03-05 04:00:00,4,3,29.0,14.3,26.3,1.168,0.0,0.0,42.6
2025-03-05 05:00:00,5,3,15.0,63.0,33.8,1.225,0.0,0.0,47.0
2025-03-05 06:00:00,6,3,20.3,46.3,42.9,1.203,0.0,0.0,63.6
2025-03-05 07:00:00,7,3,24.9,53.6,16.1,1.184,0.0,0.0,14.6
2025-03-05 08:00:00,8,3,32.7,12.6,32.7,1.154,2.7,61.0,40.6
2025-03-05 09:00:00,9,3,13.7,87.3,32.5,1.231,0.6,0.0,40.3
2025-03-05 10:00:00,10,3,14.0,53.8,40.1,1.229,4.0,76.9,54.2
2025-03-05 11:00:00,11,3,18.1,28.5,28.7,1.212,6.9,155.2,41.8
2025-03-05 12:00:00,12,3,12.0,83.8,18.3,1.238,5.8,108.9,24.7
2025-03-05 13:00:00,13,3,27.3,40.1,34.7,1.175,6.3,133.2,51.2
2025-03-05 14:00:00,14,3,17.8,34.0,16.6,1.213,5.0,109.0,23.8
2025-03-05 15:00:00,15,3,22.9,57.5,15.3,1.192,2.1,13.0,15.5
2025-03-05 16:00:00,16,3,28.0,69.6,38.6,1.172,0.0,0.0,53.2
2025-03-05 17:00:00,17,3,17.1,24.1,31.3,1.216,0.5,0.0,42.4
2025-03-05 18:00:00,18,3,24.1,0.5,8.0,1.188,0.0,0.0,6.5
2025-03-05 19:00:00,19,3,35.0,67.4,31.9,1.146,0.0,0.0,47.1
2025-03-05 20:00:00,20,3,21.0,38.4,18.9,1.2,0.0,0.0,25.4
2025-03-05 21:00:00,21,3,22.1,6.6,9.8,1.196,0.0,0.0,17.4
2025-03-05 22:00:00,22,3,22.2,56.7,6.0,1.195,0.0,0.0,3.6
2025-03-05 23:00:00,23,3,23.6,91.2,33.8,1.19,0.0,0.0,47.4
2025-03-06 00:00:00,0,3,35.0,39.6,15.0,1.146,0.0,0.0,15.2
2025-03-06 01:00:00,1,3,24.2,88.4,7.1,1.187,0.0,0.0,5.4
2025-03-06 02:00:00,2,3,33.2,44.3,17.1,1.152,0.0,0.0,21.6
2025-03-06 03:00:00,3,3,18.4,79.3,25.5,1.211,0.0,0.0,37.3
2025-03-06 04:00:00,4,3,28.7,8.8,8.3,1.169,0.0,0.0,6.8
2025-03-06 05:00:00,5,3,28.7,69.4,32.3,1.169,0.0,0.0,43.4
2025-03-06 06:00:00,6,3,24.8,53.3,14.8,1.185,0.0,0.0,20.8
2025-03-06 07:00:00,7,3,24.2,85.3,16.3,1.187,0.0,0.0,23.0
2025-03-06 08:00:00,8,3,39.7,30.1,10.8,1.128,1.8,27.1,14.9
2025-03-06 09:00:00,9,3,34.0,39.0,6.8,1.149,3.0,60.3,11.2
2025-03-06 10:00:00,10,3,8.5,20.9,43.3,1.253,5.6,130.7,60.6
2025-03-06 11:00:00,11,3,22.0,32.5,31.2,1.196,6.7,152.2,42.6
2025-03-06 12:00:00,12,3,43.2,24.7,37.2,1.116,8.8,210.6,50.3
2025-03-06 13:00:00,13,3,19.5,35.6,36.7,1.206,6.6,157.8,51.0
2025-03-06 14:00:00,14,3,14.0,74.3,38.1,1.229,3.0,34.9,54.6
2025-03-06 15:00:00,15,3,22.6,57.7,9.2,1.194,2.1,21.5,10.3
2025-03-06 16:00:00,16,3,34.1,20.8,37.5,1.149,2.3,40.7,55.5
2025-03-06 17:00:00,17,3,41.2,96.5,32.8,1.123,0.0,0.0,42.5
2025-03-06 18:00:00,18,3,29.1,8.7,11.4,1.168,0.0,0.2,12.7
2025-03-06 19:00:00,19,3,19.3,66.1,13.3,1.207,0.0,0.0,18.1
2025-03-06 20:00:00,20,3,30.3,64.8,27.3,1.163,0.0,0.0,41.4
2025-03-06 21:00:00,21,3,22.5,25.1,38.7,1.194,0.0,0.0,53.0
2025-03-06 22:00:00,22,3,29.0,19.6,16.8,1.168,0.0,0.0,24.2
2025-03-06 23:00:00,23,3,8.8,66.9,21.1,1.252,0.0,0.0,26.9
2025-03-07 00:00:00,0,3,32.9,39.3,5.2,1.153,0.0,0.0,6.9
2025-03-07 01:00:00,1,3,31.7,19.9,36.6,1.158,0.0,0.0,53.3
2025-03-07 02:00:00,2,3,15.8,80.8,38.1,1.222,0.0,0.0,53.3
2025-03-07 03:00:00,3,3,29.1,13.4,12.0,1.168,0.0,0.0,12.4
2025-03-07 04:00:00,4,3,24.7,84.6,35.6,1.185,0.0,0.0,48.7
2025-03-07 05:00:00,5,3,17.7,88.4,7.9,1.214,0.0,0.0,8.3
2025-03-07 06:00:00,6,3,24.9,19.8,30.5,1.184,0.0,0.0,41.8
2025-03-07 07:00:00,7,3,23.7,3.9,26.4,1.189,1.5,46.0,40.8
2025-03-07 08:00:00,8,3,29.4,63.6,22.4,1.167,0.2,0.0,24.4
2025-03-07 09:00:00,9,3,34.6,85.4,9.3,1.147,0.7,0.0,13.3
2025-03-07 10:00:00,10,3,15.1,38.6,12.4,1.225,4.7,98.3,17.1
2025-03-07 11:00:00,11,3,12.3,16.7,8.7,1.237,7.5,179.0,9.4
2025-03-07 12:00:00,12,3,17.7,28.6,31.0,1.214,8.6,198.4,41.0
2025-03-07 13:00:00,13,3,18.0,34.0,34.4,1.212,6.6,147.0,48.2
2025-03-07 14:00:00,14,3,27.4,3.7,27.2,1.174,6.5,163.1,35.9
2025-03-07 15:00:00,15,3,26.6,71.7,38.6,1.178,1.4,0.0,59.0
2025-03-07 16:00:00,16,3,31.3,83.6,43.1,1.159,0.0,0.0,57.4
2025-03-07 17:00:00,17,3,31.0,97.7,29.1,1.161,0.0,0.0,39.6
2025-03-07 18:00:00,18,3,24.9,79.1,14.2,1.184,0.0,0.0,15.7
2025-03-07 19:00:00,19,3,22.5,87.5,33.4,1.194,0.0,0.0,40.8
2025-03-07 20:00:00,20,3,29.1,45.3,14.9,1.168,0.0,0.0,29.6
2025-03-07 21:00:00,21,3,3.3,30.8,24.1,1.277,0.0,0.0,33.7
2025-03-07 22:00:00,22,3,22.9,68.4,29.7,1.192,0.0,0.0,40.7
2025-03-07 23:00:00,23,3,42.5,40.7,40.8,1.118,0.0,0.0,60.1
2025-03-08 00:00:00,0,3,13.1,98.5,41.7,1.233,0.0,0.0,58.3
2025-03-08 01:00:00,1,3,27.4,49.9,39.2,1.174,0.0,0.0,56.5
2025-03-08 02:00:00,2,3,25.6,9.8,5.1,1.182,0.0,5.5,9.6
2025-03-08 03:00:00,3,3,33.7,93.9,13.4,1.15,0.0,0.0,19.7
2025-03-08 04:00:00,4,3,12.1,38.5,44.8,1.237,0.0,0.0,68.7
2025-03-08 05:00:00,5,3,18.4,36.8,32.1,1.211,0.0,0.0,45.5
2025-03-08 06:00:00,6,3,21.4,39.6,12.8,1.198,0.0,0.0,24.0
2025-03-08 07:00:00,7,3,42.8,41.7,37.1,1.117,0.0,0.0,52.1
2025-03-08 08:00:00,8,3,41.3,20.2,9.1,1.123,2.3,41.9,11.4
2025-03-08 09:00:00,9,3,33.9,90.7,19.4,1.15,0.5,0.0,24.3
2025-03-08 10:00:00,10,3,29.6,42.3,37.2,1.166,4.6,91.1,52.3
2025-03-08 11:00:00,11,3,26.5,22.3,12.7,1.178,7.2,173.7,12.6
2025-03-08 12:00:00,12,3,34.9,12.9,43.1,1.146,9.4,219.1,59.5
2025-03-08 13:00:00,13,3,23.5,73.9,18.5,1.19,4.6,76.4,25.1
2025-03-08 14:00:00,14,3,27.0,42.4,6.9,1.176,4.5,97.6,7.5
2025-03-08 15:00:00,15,3,15.9,72.8,43.4,1.221,1.4,0.0,58.5
2025-03-08 16:00:00,16,3,13.5,7.9,24.5,1.231,2.9,73.7,35.7
2025-03-08 17:00:00,17,3,25.3,85.8,22.6,1.183,0.0,0.0,34.4
2025-03-08 18:00:00,18,3,34.8,37.8,31.4,1.146,0.0,0.0,47.4
2025-03-08 19:00:00,19,3,30.9,98.8,31.1,1.161,0.0,0.0,43.6
2025-03-08 20:00:00,20,3,29.3,44.2,12.2,1.167,0.0,0.0,12.6
2025-03-08 21:00:00,21,3,20.7,81.6,13.6,1.201,0.0,0.0,15.5
2025-03-08 22:00:00,22,3,8.5,17.6,33.0,1.253,0.0,0.0,47.9
2025-03-08 23:00:00,23,3,8.8,30.5,25.0,1.252,0.0,0.0,30.4
2025-03-09 00:00:00,0,3,21.9,98.8,26.7,1.196,0.0,0.0,37.5
2025-03-09 01:00:00,1,3,32.5,75.7,39.4,1.155,0.0,0.0,55.0
2025-03-09 02:00:00,2,3,25.2,65.6,8.6,1.183,0.0,0.0,9.0
2025-03-09 03:00:00,3,3,27.1,45.5,29.4,1.176,0.0,0.0,39.9
2025-03-09 04:00:00,4,3,23.0,9.0,38.9,1.192,0.0,0.0,53.8
2025-03-09 05:00:00,5,3,27.4,56.5,36.3,1.174,0.0,0.0,46.7
2025-03-09 06:00:00,6,3,14.5,72.8,36.7,1.227,0.0,0.0,54.4
2025-03-09 07:00:00,7,3,13.0,26.8,13.2,1.234,0.3,0.0,18.4
2025-03-09 08:00:00,8,3,17.8,36.4,10.4,1.213,1.5,14.5,16.0
2025-03-09 09:00:00,9,3,26.1,41.7,37.3,1.18,2.9,56.3,51.2
2025-03-09 10:00:00,10,3,41.4,12.6,18.7,1.122,6.0,140.1,27.8
2025-03-09 11:00:00,11,3,13.3,29.1,11.8,1.232,6.9,144.9,15.0
2025-03-09 12:00:00,12,3,32.0,38.2,40.9,1.157,8.1,179.8,54.1
2025-03-09 13:00:00,13,3,28.4,61.3,30.0,1.171,5.3,103.5,47.2
2025-03-09 14:00:00,14,3,33.4,83.3,11.9,1.151,2.5,25.4,17.1
2025-03-09 15:00:00,15,3,27.4,70.3,9.8,1.174,1.5,8.7,13.9
2025-03-09 16:00:00,16,3,24.8,84.9,20.3,1.185,0.0,0.0,29.2
2025-03-09 17:00:00,17,3,31.2,65.2,35.5,1.16,0.0,0.0,50.8
2025-03-09 18:00:00,18,3,19.8,76.0,26.3,1.205,0.0,0.0,40.5
2025-03-09 19:00:00,19,3,19.0,40.1,27.7,1.208,0.0,0.0,38.1
2025-03-09 20:00:00,20,3,11.2,26.2,32.3,1.241,0.0,0.0,48.0
2025-03-09 21:00:00,21,3,26.9,54.4,25.7,1.176,0.0,0.0,38.8
2025-03-09 22:00:00,22,3,32.6,46.4,30.4,1.154,0.0,0.0,41.3
2025-03-09 23:00:00,23,3,19.1,75.3,29.1,1.208,0.0,0.0,39.6
2025-03-10 00:00:00,0,3,25.1,54.9,29.9,1.184,0.0,0.0,38.8
2025-03-10 01:00:00,1,3,22.3,20.7,31.2,1.195,0.0,0.0,46.9
2025-03-10 02:00:00,2,3,35.1,25.4,35.4,1.145,0.0,0.0,46.0
2025-03-10 03:00:00,3,3,22.8,27.4,20.0,1.193,0.0,0.0,28.9
2025-03-10 04:00:00,4,3,35.1,22.8,25.1,1.145,0.0,0.0,32.3
2025-03-10 05:00:00,5,3,23.9,52.4,24.3,1.188,0.0,0.0,28.9
2025-03-10 06:00:00,6,3,27.5,64.9,27.5,1.174,0.0,0.0,36.4
2025-03-10 07:00:00,7,3,19.2,66.7,24.0,1.207,0.0,0.0,35.2
2025-03-10 08:00:00,8,3,28.0,35.3,10.3,1.172,1.6,29.6,12.6
2025-03-10 09:00:00,9,3,31.4,22.4,18.6,1.159,3.9,80.3,27.1
2025-03-10 10:00:00,10,3,3.8,67.1,38.5,1.275,3.3,45.9,56.0
2025-03-10 11:00:00,11,3,27.5,50.5,26.8,1.174,5.8,118.5,35.8
2025-03-10 12:00:00,12,3,31.4,61.6,41.2,1.159,6.9,139.6,51.6
2025-03-10 13:00:00,13,3,25.9,99.3,43.7,1.18,3.4,41.6,61.9
2025-03-10 14:00:00,14,3,35.6,31.4,32.9,1.143,5.1,114.0,43.5
2025-03-10 15:00:00,15,3,20.8,52.3,5.0,1.201,2.4,37.3,5.5
2025-03-10 16:00:00,16,3,33.4,18.7,23.4,1.151,2.4,51.1,26.2
2025-03-10 17:00:00,17,3,23.6,57.5,5.9,1.19,0.0,0.0,5.2
2025-03-10 18:00:00,18,3,14.7,81.8,25.6,1.226,0.0,0.0,34.5
2025-03-10 19:00:00,19,3,17.5,1.5,39.4,1.214,0.0,0.0,53.6
2025-03-10 20:00:00,20,3,27.1,23.3,16.9,1.176,0.0,0.0,16.8
2025-03-10 21:00:00,21,3,13.0,92.4,20.9,1.234,0.0,0.0,31.9
2025-03-10 22:00:00,22,3,18.7,68.0,36.5,1.209,0.0,0.0,58.6
2025-03-10 23:00:00,23,3,13.1,46.3,9.2,1.233,0.0,0.0,4.7
2025-03-11 00:00:00,0,3,14.9,45.3,21.4,1.225,0.0,0.0,29.3
2025-03-11 01:00:00,1,3,18.3,88.4,39.7,1.211,0.0,0.0,61.2
2025-03-11 02:00:00,2,3,20.0,77.6,22.8,1.204,0.0,0.0,34.3
2025-03-11 03:00:00,3,3,23.8,58.1,22.8,1.189,0.0,0.0,32.1
2025-03-11 04:00:00,4,3,16.3,19.1,19.0,1.22,0.0,0.0,22.5
2025-03-11 05:00:00,5,3,29.4,86.5,29.9,1.167,0.0,0.0,39.3
2025-03-11 06:00:00,6,3,23.6,89.7,32.6,1.19,0.0,0.0,48.6
2025-03-11 07:00:00,7,3,19.4,39.1,33.3,1.207,0.0,0.0,49.4
2025-03-11 08:00:00,8,3,31.1,18.1,34.8,1.16,2.4,57.1,50.1
2025-03-11 09:00:00,9,3,34.1,43.0,31.5,1.149,2.8,49.1,47.0
2025-03-11 10:00:00,10,3,28.5,49.8,9.2,1.17,4.2,80.8,8.0
2025-03-11 11:00:00,11,3,20.6,62.3,13.8,1.202,5.2,101.8,12.2
2025-03-11 12:00:00,12,3,29.0,29.8,10.9,1.168,8.5,200.8,20.4
2025-03-11 13:00:00,13,3,17.7,62.9,45.0,1.214,5.2,96.8,63.0
2025-03-11 14:00:00,14,3,14.0,97.6,26.4,1.229,1.8,3.3,35.1
2025-03-11 15:00:00,15,3,12.5,95.3,41.3,1.236,0.2,0.0,54.0
2025-03-11 16:00:00,16,3,33.8,61.4,44.5,1.15,0.3,0.0,65.9
2025-03-11 17:00:00,17,3,34.3,97.4,29.3,1.148,0.0,0.0,41.5
2025-03-11 18:00:00,18,3,28.3,94.9,38.6,1.171,0.0,0.0,57.5
2025-03-11 19:00:00,19,3,21.4,12.8,17.0,1.198,0.0,0.0,21.2
2025-03-11 20:00:00,20,3,27.3,5.1,35.1,1.175,0.0,0.0,52.4
2025-03-11 21:00:00,21,3,38.4,21.6,42.7,1.133,0.0,0.0,62.7
2025-03-11 22:00:00,22,3,6.0,40.5,10.9,1.265,0.0,0.0,14.1
2025-03-11 23:00:00,23,3,20.2,19.8,38.4,1.203,0.0,0.0,55.6
2025-03-12 00:00:00,0,3,28.4,57.9,22.3,1.171,0.0,0.0,31.7
2025-03-12 01:00:00,1,3,29.9,62.6,19.9,1.165,0.0,0.0,29.0
2025-03-12 02:00:00,2,3,27.7,12.9,32.1,1.173,0.0,0.0,43.4
2025-03-12 03:00:00,3,3,24.7,97.3,44.0,1.185,0.0,0.0,65.3
2025-03-12 04:00:00,4,3,19.4,78.3,28.8,1.207,0.0,0.0,41.3
2025-03-12 05:00:00,5,3,31.5,77.6,29.1,1.159,0.0,0.0,39.1
2025-03-12 06:00:00,6,3,32.0,2.0,12.2,1.157,0.0,0.9,15.3
2025-03-12 07:00:00,7,3,18.1,33.0,21.5,1.212,0.0,0.0,31.1
2025-03-12 08:00:00,8,3,15.9,40.1,9.5,1.221,1.3,13.4,10.8
2025-03-12 09:00:00,9,3,25.7,96.7,38.1,1.181,0.2,0.0,57.3
2025-03-12 10:00:00,10,3,20.7,20.5,31.7,1.201,5.6,137.5,45.3
2025-03-12 11:00:00,11,3,32.3,25.0,14.5,1.156,7.1,159.8,17.2
2025-03-12 12:00:00,12,3,35.3,83.8,42.1,1.144,5.8,103.8,58.1
2025-03-12 13:00:00,13,3,27.1,5.6,6.4,1.176,8.1,200.1,10.2
2025-03-12 14:00:00,14,3,32.2,7.1,43.6,1.156,6.3,150.2,62.9
2025-03-12 15:00:00,15,3,23.3,48.7,26.9,1.191,2.6,31.7,38.7
2025-03-12 16:00:00,16,3,24.9,22.3,6.8,1.184,2.2,43.4,9.5
2025-03-12 17:00:00,17,3,15.8,66.3,15.0,1.222,0.0,0.0,18.1
2025-03-12 18:00:00,18,3,22.8,20.1,44.7,1.193,0.0,0.0,61.6
2025-03-12 19:00:00,19,3,29.2,28.0,14.0,1.167,0.0,0.0,16.8
2025-03-12 20:00:00,20,3,26.2,39.7,35.7,1.179,0.0,0.0,49.2
2025-03-12 21:00:00,21,3,34.0,83.3,35.8,1.149,0.0,0.0,46.5
2025-03-12 22:00:00,22,3,21.8,15.3,36.6,1.197,0.0,0.0,60.3
2025-03-12 23:00:00,23,3,27.7,20.5,40.7,1.173,0.0,0.0,64.0
2025-03-13 00:00:00,0,3,20.3,83.5,13.4,1.203,0.0,0.0,19.1
2025-03-13 01:00:00,1,3,17.7,7.0,37.4,1.214,0.0,5.7,52.6
2025-03-13 02:00:00,2,3,31.0,18.3,14.6,1.161,0.0,0.0,20.8
2025-03-13 03:00:00,3,3,39.1,97.1,36.1,1.13,0.0,0.0,48.4
2025-03-13 04:00:00,4,3,29.5,39.6,8.1,1.166,0.0,0.0,5.8
2025-03-13 05:00:00,5,3,21.1,8.5,26.8,1.2,0.0,0.0,38.4
2025-03-13 06:00:00,6,3,24.7,33.1,35.7,1.185,0.0,0.0,51.8
2025-03-13 07:00:00,7,3,29.0,6.0,13.6,1.168,1.4,27.1,24.8
2025-03-13 08:00:00,8,3,17.3,92.1,20.6,1.215,0.0,0.0,25.2
2025-03-13 09:00:00,9,3,19.9,48.0,20.4,1.205,2.6,51.3,31.9
2025-03-13 10:00:00,10,3,33.8,5.8,9.0,1.15,6.4,160.1,7.2
2025-03-13 11:00:00,11,3,37.7,50.2,33.3,1.136,5.8,119.8,46.4
2025-03-13 12:00:00,12,3,21.6,11.6,32.7,1.198,9.4,228.0,45.1
2025-03-13 13:00:00,13,3,18.3,59.3,31.8,1.211,5.4,104.9,38.9
2025-03-13 14:00:00,14,3,26.2,51.9,7.1,1.179,4.1,77.7,11.7
2025-03-13 15:00:00,15,3,25.0,35.4,44.8,1.184,3.2,59.6,62.4
2025-03-13 16:00:00,16,3,4.8,9.3,31.2,1.27,2.9,73.1,45.1
2025-03-13 17:00:00,17,3,25.2,97.7,7.0,1.183,0.0,0.0,5.4
2025-03-13 18:00:00,18,3,32.6,1.2,12.8,1.154,0.0,0.0,12.9
2025-03-13 19:00:00,19,3,24.7,41.8,18.0,1.185,0.0,0.0,28.8
2025-03-13 20:00:00,20,3,37.6,4.5,12.6,1.136,0.0,0.7,15.6
2025-03-13 21:00:00,21,3,23.0,97.0,37.2,1.192,0.0,0.0,49.5
2025-03-13 22:00:00,22,3,19.4,92.6,26.2,1.207,0.0,0.0,38.5
2025-03-13 23:00:00,23,3,25.4,50.0,6.6,1.182,0.0,0.0,7.7
2025-03-14 00:00:00,0,3,28.6,84.5,13.1,1.17,0.0,0.0,17.7
2025-03-14 01:00:00,1,3,36.0,73.5,39.1,1.142,0.0,0.0,59.0
2025-03-14 02:00:00,2,3,15.6,64.2,43.2,1.222,0.0,0.0,54.8
2025-03-14 03:00:00,3,3,16.5,96.5,37.2,1.219,0.0,0.0,50.5
2025-03-14 04:00:00,4,3,22.9,16.4,33.7,1.192,0.0,0.0,42.8
2025-03-14 05:00:00,5,3,31.2,76.8,25.3,1.16,0.0,0.0,40.1
2025-03-14 06:00:00,6,3,30.6,78.3,12.9,1.162,0.0,0.0,21.7
2025-03-14 07:00:00,7,3,36.3,36.2,19.5,1.141,0.0,0.0,20.6
2025-03-14 08:00:00,8,3,33.5,86.5,18.7,1.151,0.0,0.0,25.6
2025-03-14 09:00:00,9,3,8.2,68.8,26.4,1.255,1.6,7.3,36.8
2025-03-14 10:00:00,10,3,20.5,9.3,7.1,1.202,6.2,143.1,13.2
2025-03-14 11:00:00,11,3,30.8,68.1,41.8,1.161,4.9,85.7,56.6
2025-03-14 12:00:00,12,3,28.8,89.1,23.0,1.169,5.5,97.8,31.7
2025-03-14 13:00:00,13,3,21.9,46.2,44.5,1.196,6.0,129.1,67.2
2025-03-14 14:00:00,14,3,16.2,6.0,44.9,1.22,6.4,156.0,64.4
2025-03-14 15:00:00,15,3,24.4,18.8,38.5,1.186,4.1,103.5,51.7
2025-03-14 16:00:00,16,3,22.7,45.3,41.6,1.193,1.1,4.9,57.4
2025-03-14 17:00:00,17,3,17.9,92.6,38.1,1.213,0.0,0.0,58.0
2025-03-14 18:00:00,18,3,41.0,5.6,43.4,1.124,0.0,2.1,64.2
2025-03-14 19:00:00,19,3,30.7,93.7,42.5,1.162,0.0,0.0,63.9
2025-03-14 20:00:00,20,3,26.3,35.0,14.6,1.179,0.0,0.0,16.4
2025-03-14 21:00:00,21,3,20.8,41.0,7.8,1.201,0.0,0.0,8.5
2025-03-14 22:00:00,22,3,25.9,25.0,13.6,1.18,0.0,0.0,15.0
2025-03-14 23:00:00,23,3,24.8,88.6,37.1,1.185,0.0,0.0,54.3
2025-03-15 00:00:00,0,3,28.6,24.6,41.8,1.17,0.0,0.0,57.5
2025-03-15 01:00:00,1,3,13.4,67.8,7.1,1.232,0.0,0.0,12.3
2025-03-15 02:00:00,2,3,18.8,10.1,39.4,1.209,0.0,0.0,52.7
2025-03-15 03:00:00,3,3,26.7,21.3,10.0,1.177,0.0,0.0,16.1
2025-03-15 04:00:00,4,3,24.7,19.3,35.8,1.185,0.0,0.0,51.5
2025-03-15 05:00:00,5,3,19.1,81.2,8.6,1.208,0.0,0.0,6.5
2025-03-15 06:00:00,6,3,19.2,46.5,6.1,1.207,0.0,0.0,12.8
2025-03-15 07:00:00,7,3,18.3,82.3,21.9,1.211,0.0,0.0,29.8
2025-03-15 08:00:00,8,3,27.3,36.0,39.5,1.175,1.5,23.3,60.7
2025-03-15 09:00:00,9,3,15.3,80.0,43.6,1.224,1.0,0.0,64.7
2025-03-15 10:00:00,10,3,26.0,70.4,38.1,1.18,3.1,41.4,53.0
2025-03-15 11:00:00,11,3,28.5,23.1,15.0,1.17,7.2,169.0,21.1
2025-03-15 12:00:00,12,3,27.5,89.6,23.9,1.174,5.5,89.1,31.9
2025-03-15 13:00:00,13,3,25.2,95.5,14.3,1.183,3.6,38.2,22.0
2025-03-15 14:00:00,14,3,20.5,90.3,16.0,1.202,2.2,12.5,24.2
2025-03-15 15:00:00,15,3,7.1,43.5,25.7,1.26,2.8,55.4,36.2
2025-03-15 16:00:00,16,3,24.1,68.3,8.7,1.188,0.0,0.0,7.6
2025-03-15 17:00:00,17,3,16.1,75.5,11.1,1.22,0.0,0.0,13.6
2025-03-15 18:00:00,18,3,32.9,40.5,39.0,1.153,0.0,0.0,58.0
2025-03-15 19:00:00,19,3,40.3,61.1,21.9,1.126,0.0,0.0,26.1
2025-03-15 20:00:00,20,3,27.4,61.9,45.0,1.174,0.0,0.0,70.0
2025-03-15 21:00:00,21,3,24.7,74.4,21.2,1.185,0.0,0.0,26.8
2025-03-15 22:00:00,22,3,32.1,83.1,6.7,1.156,0.0,0.0,4.0
2025-03-15 23:00:00,23,3,31.2,1.8,12.9,1.16,0.0,0.0,13.4
2025-03-16 00:00:00,0,3,41.5,44.7,18.3,1.122,0.0,0.0,24.7
2025-03-16 01:00:00,1,3,32.5,24.6,36.0,1.155,0.0,0.0,43.1
2025-03-16 02:00:00,2,3,25.6,1.1,43.3,1.182,0.0,6.3,62.1
2025-03-16 03:00:00,3,3,13.2,63.1,28.8,1.233,0.0,0.0,38.4
2025-03-16 04:00:00,4,3,26.7,77.4,28.3,1.177,0.0,0.0,35.4
2025-03-16 05:00:00,5,3,23.9,88.7,33.0,1.188,0.0,0.0,42.7
2025-03-16 06:00:00,6,3,36.0,44.2,11.5,1.142,0.0,0.0,8.6
2025-03-16 07:00:00,7,3,27.2,67.5,11.8,1.175,0.0,0.0,15.2
2025-03-16 08:00:00,8,3,27.7,0.3,29.7,1.173,3.3,84.0,38.9
2025-03-16 09:00:00,9,3,22.9,29.4,41.5,1.192,3.5,61.4,57.1
2025-03-16 10:00:00,10,3,17.0,46.7,34.5,1.217,4.3,78.4,53.4
2025-03-16 11:00:00,11,3,23.1,72.9,25.7,1.192,4.7,88.0,32.7
2025-03-16 12:00:00,12,3,25.9,26.2,27.2,1.18,8.7,200.4,33.8
2025-03-16 13:00:00,13,3,31.4,37.7,18.8,1.159,6.4,137.4,21.4
2025-03-16 14:00:00,14,3,25.5,97.3,17.8,1.182,1.8,0.0,19.2
2025-03-16 15:00:00,15,3,24.7,75.3,34.1,1.185,1.2,0.0,47.2
2025-03-16 16:00:00,16,3,24.9,4.9,32.9,1.184,3.1,72.4,41.3
2025-03-16 17:00:00,17,3,12.7,55.1,26.2,1.235,0.0,0.0,36.8
2025-03-16 18:00:00,18,3,35.6,39.8,19.2,1.143,0.0,0.0,24.5
2025-03-16 19:00:00,19,3,20.0,81.8,28.4,1.204,0.0,0.0,43.0
2025-03-16 20:00:00,20,3,20.3,44.0,30.1,1.203,0.0,0.0,40.5
2025-03-16 21:00:00,21,3,26.2,22.4,37.7,1.179,0.0,0.0,59.9
2025-03-16 22:00:00,22,3,22.1,19.2,24.1,1.196,0.0,0.0,31.9
2025-03-16 23:00:00,23,3,16.6,89.7,27.8,1.218,0.0,0.0,42.7
2025-03-17 00:00:00,0,3,37.5,63.7,11.5,1.136,0.0,0.0,11.8
2025-03-17 01:00:00,1,3,19.7,80.7,35.0,1.205,0.0,0.0,56.0
2025-03-17 02:00:00,2,3,12.6,43.1,16.9,1.235,0.0,0.0,25.3
2025-03-17 03:00:00,3,3,36.3,9.2,37.7,1.141,0.0,0.0,52.6
2025-03-17 04:00:00,4,3,35.5,45.3,40.3,1.144,0.0,0.0,55.9
2025-03-17 05:00:00,5,3,19.4,75.2,15.5,1.207,0.0,0.0,21.1
2025-03-17 06:00:00,6,3,24.7,71.3,30.5,1.185,0.0,0.0,40.7
2025-03-17 07:00:00,7,3,34.7,83.4,25.0,1.147,0.0,0.0,35.1
2025-03-17 08:00:00,8,3,34.7,97.8,22.2,1.147,0.0,0.0,27.8
2025-03-17 09:00:00,9,3,22.9,31.7,16.0,1.192,3.4,74.6,21.7
2025-03-17 10:00:00,10,3,22.4,63.9,37.7,1.194,3.5,55.7,48.3
2025-03-17 11:00:00,11,3,33.7,73.5,38.2,1.15,4.7,82.5,54.5
2025-03-17 12:00:00,12,3,26.8,18.1,17.6,1.177,9.1,216.3,22.0
2025-03-17 13:00:00,13,3,26.4,14.4,16.4,1.178,7.6,188.6,18.2
2025-03-17 14:00:00,14,3,5.5,89.1,28.9,1.267,2.2,20.4,42.6
2025-03-17 15:00:00,15,3,18.7,53.8,26.1,1.209,2.3,30.9,39.2
2025-03-17 16:00:00,16,3,28.9,52.1,42.8,1.169,0.7,0.0,64.5
2025-03-17 17:00:00,17,3,19.1,68.8,32.4,1.208,0.0,0.0,46.6
2025-03-17 18:00:00,18,3,24.8,19.2,36.9,1.185,0.0,0.0,58.1
2025-03-17 19:00:00,19,3,18.1,34.9,40.4,1.212,0.0,0.0,52.7
2025-03-17 20:00:00,20,3,28.4,70.5,13.9,1.171,0.0,0.0,14.9
2025-03-17 21:00:00,21,3,17.8,83.8,20.9,1.213,0.0,0.0,29.8
2025-03-17 22:00:00,22,3,41.0,20.2,12.3,1.124,0.0,0.0,12.5
2025-03-17 23:00:00,23,3,18.7,85.2,13.3,1.209,0.0,0.0,16.7
2025-03-18 00:00:00,0,3,14.5,92.9,36.3,1.227,0.0,0.0,53.4
2025-03-18 01:00:00,1,3,38.6,12.6,12.3,1.132,0.0,0.0,16.1
2025-03-18 02:00:00,2,3,22.1,22.7,41.0,1.196,0.0,0.0,60.1
2025-03-18 03:00:00,3,3,35.5,66.9,25.1,1.144,0.0,0.0,36.3
2025-03-18 04:00:00,4,3,29.6,58.6,41.6,1.166,0.0,0.0,55.5
2025-03-18 05:00:00,5,3,28.0,15.4,13.5,1.172,0.0,0.0,16.9
2025-03-18 06:00:00,6,3,19.0,63.8,7.6,1.208,0.0,0.0,7.8
2025-03-18 07:00:00,7,3,5.9,33.4,34.5,1.265,0.0,0.0,45.9
2025-03-18 08:00:00,8,3,13.9,55.6,41.5,1.23,0.6,0.0,55.5
2025-03-18 09:00:00,9,3,13.9,6.1,5.5,1.23,4.7,117.8,5.4
2025-03-18 10:00:00,10,3,19.1,68.5,8.1,1.208,3.2,59.7,10.5
2025-03-18 11:00:00,11,3,32.5,20.6,34.6,1.155,7.3,170.8,50.7
2025-03-18 12:00:00,12,3,17.4,95.1,13.9,1.215,5.2,77.4,21.0
2025-03-18 13:00:00,13,3,26.7,6.4,19.2,1.177,8.0,198.9,22.4
2025-03-18 14:00:00,14,3,22.6,68.6,30.3,1.194,3.2,53.0,44.6
2025-03-18 15:00:00,15,3,22.7,40.0,35.2,1.193,3.0,49.1,50.1
2025-03-18 16:00:00,16,3,27.7,71.5,42.4,1.173,0.0,0.0,59.7
2025-03-18 17:00:00,17,3,19.4,90.1,24.5,1.207,0.0,0.0,31.7
2025-03-18 18:00:00,18,3,19.1,71.2,13.5,1.208,0.0,0.0,15.9
2025-03-18 19:00:00,19,3,26.0,21.8,10.9,1.18,0.0,0.0,17.8
2025-03-18 20:00:00,20,3,16.1,90.6,11.5,1.22,0.0,0.0,8.9
2025-03-18 21:00:00,21,3,24.0,93.8,30.3,1.188,0.0,0.0,45.3
2025-03-18 22:00:00,22,3,19.1,41.8,24.0,1.208,0.0,0.0,35.0
2025-03-18 23:00:00,23,3,25.3,5.8,7.1,1.183,0.0,0.0,9.7
2025-03-19 00:00:00,0,3,33.3,31.5,38.9,1.152,0.0,0.0,49.4
2025-03-19 01:00:00,1,3,12.1,4.8,24.5,1.237,0.0,1.5,37.9
2025-03-19 02:00:00,2,3,39.3,58.1,18.2,1.13,0.0,0.0,20.8
2025-03-19 03:00:00,3,3,29.8,23.9,33.8,1.165,0.0,0.0,54.5
2025-03-19 04:00:00,4,3,29.9,29.2,30.9,1.165,0.0,0.0,46.0
2025-03-19 05:00:00,5,3,27.9,79.1,40.5,1.173,0.0,0.0,64.4
2025-03-19 06:00:00,6,3,23.9,83.5,42.9,1.188,0.0,0.0,64.8
2025-03-19 07:00:00,7,3,33.7,25.6,8.2,1.15,0.4,0.0,16.8
2025-03-19 08:00:00,8,3,24.1,81.4,13.5,1.188,0.0,0.0,19.0
2025-03-19 09:00:00,9,3,16.7,6.3,21.8,1.218,4.7,114.0,24.2
2025-03-19 10:00:00,10,3,35.6,99.4,33.9,1.143,1.7,0.0,45.4
2025-03-19 11:00:00,11,3,34.3,67.4,28.5,1.148,5.0,90.7,40.3
2025-03-19 12:00:00,12,3,19.7,64.7,38.1,1.205,6.8,129.5,56.9
2025-03-19 13:00:00,13,3,27.7,3.7,11.2,1.173,8.1,200.4,16.8
2025-03-19 14:00:00,14,3,39.0,32.8,33.8,1.131,5.0,108.8,48.8
2025-03-19 15:00:00,15,3,17.8,74.0,38.6,1.213,1.3,1.7,54.1
2025-03-19 16:00:00,16,3,32.8,25.4,24.7,1.154,2.1,45.5,31.9
2025-03-19 17:00:00,17,3,20.9,91.0,18.7,1.2,0.0,0.0,22.5
2025-03-19 18:00:00,18,3,26.1,8.9,17.9,1.18,0.0,1.7,21.6
2025-03-19 19:00:00,19,3,24.7,29.3,23.4,1.185,0.0,0.0,29.9
2025-03-19 20:00:00,20,3,31.4,27.3,38.8,1.159,0.0,0.0,50.8
2025-03-19 21:00:00,21,3,31.2,99.1,17.0,1.16,0.0,0.0,20.7
2025-03-19 22:00:00,22,3,16.8,11.7,16.4,1.217,0.0,0.0,26.8
2025-03-19 23:00:00,23,3,7.4,26.7,29.3,1.258,0.0,0.0,38.3
2025-03-20 00:00:00,0,3,38.7,96.7,38.2,1.132,0.0,0.0,51.2
2025-03-20 01:00:00,1,3,44.6,29.4,42.7,1.111,0.0,0.0,59.6
2025-03-20 02:00:00,2,3,35.0,97.8,15.9,1.146,0.0,0.0,21.6
2025-03-20 03:00:00,3,3,27.2,30.2,20.0,1.175,0.0,0.0,25.2
2025-03-20 04:00:00,4,3,12.9,28.1,11.3,1.234,0.0,0.0,12.3
2025-03-20 05:00:00,5,3,25.0,46.9,29.1,1.184,0.0,0.0,37.9
2025-03-20 06:00:00,6,3,30.6,35.7,29.0,1.162,0.0,0.0,41.0
2025-03-20 07:00:00,7,3,41.3,34.0,38.1,1.123,0.0,0.0,49.8
2025-03-20 08:00:00,8,3,37.1,63.9,9.2,1.138,0.1,0.0,12.1
2025-03-20 09:00:00,9,3,8.9,18.5,28.6,1.252,4.1,95.4,37.0
2025-03-20 10:00:00,10,3,19.4,64.1,28.9,1.207,3.5,56.6,41.3
2025-03-20 11:00:00,11,3,25.4,35.4,30.7,1.182,6.6,151.6,39.6
2025-03-20 12:00:00,12,3,34.4,22.9,37.6,1.148,8.9,214.9,56.0
2025-03-20 13:00:00,13,3,25.8,41.6,26.9,1.181,6.3,132.9,37.2
2025-03-20 14:00:00,14,3,29.4,21.5,39.4,1.167,5.6,131.8,51.7
2025-03-20 15:00:00,15,3,25.5,12.2,16.7,1.182,4.4,104.0,19.3
2025-03-20 16:00:00,16,3,21.1,51.5,42.7,1.2,0.8,0.0,63.0
2025-03-20 17:00:00,17,3,27.1,67.7,26.8,1.176,0.0,0.0,35.1
2025-03-20 18:00:00,18,3,45.2,99.3,15.6,1.109,0.0,0.0,13.9
2025-03-20 19:00:00,19,3,16.8,2.7,24.2,1.217,0.0,0.0,32.9
2025-03-20 20:00:00,20,3,26.6,68.6,34.4,1.178,0.0,0.0,51.0
2025-03-20 21:00:00,21,3,15.2,6.6,25.5,1.224,0.0,0.0,38.2
2025-03-20 22:00:00,22,3,43.0,98.0,35.3,1.117,0.0,0.0,47.8
2025-03-20 23:00:00,23,3,29.9,3.1,37.4,1.165,0.0,4.9,59.6
2025-03-21 00:00:00,0,3,25.4,10.2,26.4,1.182,0.0,0.0,37.0
2025-03-21 01:00:00,1,3,14.5,1.3,20.0,1.227,0.0,4.6,27.8
2025-03-21 02:00:00,2,3,19.2,90.3,9.7,1.207,0.0,0.0,8.9
2025-03-21 03:00:00,3,3,28.3,67.9,19.8,1.171,0.0,0.0,33.6
2025-03-21 04:00:00,4,3,26.0,82.3,7.9,1.18,0.0,0.0,8.5
2025-03-21 05:00:00,5,3,16.0,38.6,42.8,1.221,0.0,0.0,60.5
2025-03-21 06:00:00,6,3,23.5,5.7,39.3,1.19,0.0,0.0,59.9
2025-03-21 07:00:00,7,3,35.0,6.0,11.8,1.146,1.4,28.9,17.4
2025-03-21 08:00:00,8,3,22.0,72.1,33.7,1.196,0.0,0.0,47.2
2025-03-21 09:00:00,9,3,36.9,46.4,26.6,1.138,2.7,42.3,35.1
2025-03-21 10:00:00,10,3,26.0,9.2,22.7,1.18,6.2,147.3,30.4
2025-03-21 11:00:00,11,3,30.0,49.8,35.9,1.164,5.8,112.5,55.2
2025-03-21 12:00:00,12,3,21.6,0.7,40.0,1.198,10.0,245.6,61.4
2025-03-21 13:00:00,13,3,31.6,93.6,40.3,1.158,3.7,45.9,61.2
2025-03-21 14:00:00,14,3,22.5,7.9,24.2,1.194,6.3,153.0,36.4
2025-03-21 15:00:00,15,3,25.9,93.4,21.4,1.18,0.3,0.0,30.0
2025-03-21 16:00:00,16,3,24.0,80.3,39.3,1.188,0.0,0.0,54.6
2025-03-21 17:00:00,17,3,15.4,4.3,38.6,1.223,1.5,46.2,57.8
2025-03-21 18:00:00,18,3,43.6,20.0,6.7,1.114,0.0,0.0,4.7
2025-03-21 19:00:00,19,3,18.0,10.5,17.8,1.212,0.0,0.0,23.4
2025-03-21 20:00:00,20,3,21.2,88.0,32.9,1.199,0.0,0.0,44.4
2025-03-21 21:00:00,21,3,39.9,72.8,24.6,1.128,0.0,0.0,33.0
2025-03-21 22:00:00,22,3,24.0,86.5,29.1,1.188,0.0,0.0,42.6
2025-03-21 23:00:00,23,3,31.9,74.0,36.8,1.157,0.0,0.0,52.3
2025-03-22 00:00:00,0,3,36.9,12.8,34.4,1.138,0.0,0.0,45.0
2025-03-22 01:00:00,1,3,35.9,52.1,42.4,1.142,0.0,0.0,56.5
2025-03-22 02:00:00,2,3,23.6,10.2,7.0,1.19,0.0,0.0,7.6
2025-03-22 03:00:00,3,3,21.8,24.5,21.2,1.197,0.0,0.0,36.3
2025-03-22 04:00:00,4,3,35.2,80.9,40.9,1.145,0.0,0.0,58.5
2025-03-22 05:00:00,5,3,38.9,26.1,43.7,1.131,0.0,0.0,59.5
2025-03-22 06:00:00,6,3,28.8,7.8,9.8,1.169,0.0,0.0,11.7
2025-03-22 07:00:00,7,3,25.6,37.8,38.4,1.182,0.0,0.0,56.0
2025-03-22 08:00:00,8,3,37.9,56.1,35.1,1.135,0.5,0.0,52.5
2025-03-22 09:00:00,9,3,23.6,64.4,6.3,1.19,1.8,19.9,6.3
2025-03-22 10:00:00,10,3,34.5,55.6,10.6,1.147,3.9,71.2,8.3
2025-03-22 11:00:00,11,3,28.6,51.1,35.6,1.17,5.8,121.2,49.4
2025-03-22 12:00:00,12,3,28.5,35.7,12.9,1.17,8.2,180.7,14.5
2025-03-22 13:00:00,13,3,30.7,20.4,7.6,1.162,7.3,182.2,1.6
2025-03-22 14:00:00,14,3,21.1,7.9,23.6,1.2,6.3,150.5,36.6
2025-03-22 15:00:00,15,3,19.1,77.0,11.3,1.208,1.2,0.0,13.2
2025-03-22 16:00:00,16,3,31.7,34.6,5.4,1.158,1.6,27.5,3.0
2025-03-22 17:00:00,17,3,16.4,88.2,18.8,1.219,0.0,0.0,31.6
2025-03-22 18:00:00,18,3,15.8,79.9,5.3,1.222,0.0,0.0,5.7
2025-03-22 19:00:00,19,3,34.9,46.3,32.4,1.146,0.0,0.0,44.3
2025-03-22 20:00:00,20,3,24.3,72.7,10.8,1.187,0.0,0.0,13.2
2025-03-22 21:00:00,21,3,28.2,83.7,31.2,1.171,0.0,0.0,46.6
2025-03-22 22:00:00,22,3,25.9,21.3,12.3,1.18,0.0,0.0,12.2
2025-03-22 23:00:00,23,3,18.3,29.3,26.3,1.211,0.0,0.0,32.6
2025-03-23 00:00:00,0,3,14.3,37.4,11.8,1.228,0.0,0.0,19.0
2025-03-23 01:00:00,1,3,22.0,89.5,26.5,1.196,0.0,0.0,35.8
2025-03-23 02:00:00,2,3,23.0,12.7,5.8,1.192,0.0,0.0,3.5
2025-03-23 03:00:00,3,3,25.0,24.4,7.4,1.184,0.0,0.0,4.2
2025-03-23 04:00:00,4,3,26.8,90.1,40.8,1.177,0.0,0.0,58.8
2025-03-23 05:00:00,5,3,28.8,68.6,19.2,1.169,0.0,0.0,23.7
2025-03-23 06:00:00,6,3,26.1,27.4,6.3,1.18,0.0,0.0,1.4
2025-03-23 07:00:00,7,3,21.2,97.7,24.5,1.199,0.0,0.0,35.7
2025-03-23 08:00:00,8,3,18.1,51.9,36.4,1.212,0.7,0.0,53.6
2025-03-23 09:00:00,9,3,26.6,52.8,38.6,1.178,2.4,31.8,56.2
2025-03-23 10:00:00,10,3,29.3,56.8,17.3,1.167,3.8,65.4,17.0
2025-03-23 11:00:00,11,3,23.6,41.5,7.7,1.19,6.3,142.5,13.3
2025-03-23 12:00:00,12,3,23.7,2.3,29.5,1.189,9.9,242.4,47.6
2025-03-23 13:00:00,13,3,33.2,52.4,8.3,1.152,5.7,106.3,11.0
2025-03-23 14:00:00,14,3,25.1,99.7,5.9,1.184,1.7,0.0,3.6
2025-03-23 15:00:00,15,3,39.2,27.0,23.5,1.13,3.6,67.6,35.6
2025-03-23 16:00:00,16,3,29.9,87.4,32.7,1.165,0.0,0.0,43.5
2025-03-23 17:00:00,17,3,26.7,14.2,17.3,1.177,1.0,23.1,26.7
2025-03-23 18:00:00,18,3,22.0,51.8,29.2,1.196,0.0,0.0,39.8
2025-03-23 19:00:00,19,3,12.9,30.0,31.5,1.234,0.0,0.0,45.7
2025-03-23 20:00:00,20,3,30.0,20.8,23.3,1.164,0.0,0.0,31.0
2025-03-23 21:00:00,21,3,25.5,73.2,38.3,1.182,0.0,0.0,50.8
2025-03-23 22:00:00,22,3,24.8,34.0,19.9,1.185,0.0,0.0,26.8
2025-03-23 23:00:00,23,3,32.0,57.0,20.4,1.157,0.0,0.0,30.5
2025-03-24 00:00:00,0,3,34.4,67.8,13.2,1.148,0.0,0.0,18.2
2025-03-24 01:00:00,1,3,10.8,46.3,24.2,1.243,0.0,0.0,31.2
2025-03-24 02:00:00,2,3,17.5,19.1,39.9,1.214,0.0,0.0,60.9
2025-03-24 03:00:00,3,3,25.7,73.3,27.3,1.181,0.0,0.0,32.4
2025-03-24 04:00:00,4,3,31.3,8.4,9.6,1.159,0.0,0.3,16.2
2025-03-24 05:00:00,5,3,21.8,89.9,28.9,1.197,0.0,0.0,43.2
2025-03-24 06:00:00,6,3,24.8,3.1,26.3,1.185,0.0,0.0,30.8
2025-03-24 07:00:00,7,3,18.0,47.5,44.5,1.212,0.0,0.0,62.2
2025-03-24 08:00:00,8,3,25.5,18.3,30.2,1.182,2.4,45.5,40.4
2025-03-24 09:00:00,9,3,24.2,46.4,44.3,1.187,2.7,50.8,64.7
2025-03-24 10:00:00,10,3,35.3,38.0,20.8,1.144,4.8,101.6,25.0
2025-03-24 11:00:00,11,3,23.6,94.2,43.8,1.19,3.6,32.8,65.0
2025-03-24 12:00:00,12,3,26.3,45.8,12.5,1.179,7.7,160.9,12.3
2025-03-24 13:00:00,13,3,34.5,9.3,32.0,1.147,7.9,184.3,44.4
2025-03-24 14:00:00,14,3,24.3,20.2,22.9,1.187,5.7,121.4,29.2
2025-03-24 15:00:00,15,3,36.4,96.0,35.9,1.14,0.2,0.0,47.6
2025-03-24 16:00:00,16,3,18.5,47.4,39.1,1.21,1.0,4.0,59.9
2025-03-24 17:00:00,17,3,28.8,99.9,32.8,1.169,0.0,0.0,50.0
2025-03-24 18:00:00,18,3,49.6,10.8,26.8,1.094,0.0,0.0,38.8
2025-03-24 19:00:00,19,3,15.4,67.1,42.4,1.223,0.0,0.0,57.8
2025-03-24 20:00:00,20,3,29.6,22.5,42.1,1.166,0.0,0.0,56.5
2025-03-24 21:00:00,21,3,31.0,88.0,19.5,1.161,0.0,0.0,25.2
2025-03-24 22:00:00,22,3,28.2,12.3,43.3,1.171,0.0,0.0,58.4
2025-03-24 23:00:00,23,3,20.6,81.1,41.6,1.202,0.0,0.0,57.1
2025-03-25 00:00:00,0,3,15.8,72.6,23.5,1.222,0.0,0.0,35.3
2025-03-25 01:00:00,1,3,23.9,97.5,13.4,1.188,0.0,0.0,21.6
2025-03-25 02:00:00,2,3,21.8,65.9,32.5,1.197,0.0,0.0,42.9
2025-03-25 03:00:00,3,3,8.9,81.3,26.4,1.252,0.0,0.0,34.1
2025-03-25 04:00:00,4,3,45.9,44.0,42.8,1.106,0.0,0.0,59.9
2025-03-25 05:00:00,5,3,18.3,64.2,43.9,1.211,0.0,0.0,62.5
2025-03-25 06:00:00,6,3,16.0,19.1,28.0,1.221,0.0,0.0,42.6
2025-03-25 07:00:00,7,3,26.6,5.4,9.7,1.178,1.4,31.2,9.1
2025-03-25 08:00:00,8,3,26.0,55.2,21.2,1.18,0.6,0.0,32.1
2025-03-25 09:00:00,9,3,31.2,54.2,36.9,1.16,2.3,35.8,49.9
2025-03-25 10:00:00,10,3,27.3,26.8,11.7,1.175,5.3,113.6,11.3
2025-03-25 11:00:00,11,3,35.4,12.7,25.7,1.144,7.7,190.5,32.6
2025-03-25 12:00:00,12,3,26.6,86.3,23.9,1.178,5.7,87.8,35.7
2025-03-25 13:00:00,13,3,24.7,28.3,22.9,1.185,6.9,155.2,23.8
2025-03-25 14:00:00,14,3,30.2,84.9,16.8,1.164,2.4,20.9,22.4
2025-03-25 15:00:00,15,3,25.5,25.4,8.3,1.182,3.7,79.5,7.6
2025-03-25 16:00:00,16,3,20.0,55.0,37.2,1.204,0.6,0.0,53.5
2025-03-25 17:00:00,17,3,24.6,13.6,40.6,1.186,1.0,16.4,57.5
2025-03-25 18:00:00,18,3,29.0,58.0,44.3,1.168,0.0,0.0,61.3
2025-03-25 19:00:00,19,3,30.6,4.8,12.4,1.162,0.0,0.0,18.6
2025-03-25 20:00:00,20,3,18.4,70.4,10.1,1.211,0.0,0.0,18.2
2025-03-25 21:00:00,21,3,35.3,77.6,33.3,1.144,0.0,0.0,45.0
2025-03-25 22:00:00,22,3,21.0,77.9,13.1,1.2,0.0,0.0,16.2
2025-03-25 23:00:00,23,3,21.8,43.7,10.4,1.197,0.0,0.0,11.4
2025-03-26 00:00:00,0,3,27.5,4.0,23.6,1.174,0.0,0.0,29.9
2025-03-26 01:00:00,1,3,33.3,46.1,20.2,1.152,0.0,0.0,22.2
2025-03-26 02:00:00,2,3,12.2,39.7,41.5,1.237,0.0,0.0,56.1
2025-03-26 03:00:00,3,3,34.1,83.9,9.1,1.149,0.0,0.0,8.1
2025-03-26 04:00:00,4,3,23.8,51.1,22.1,1.189,0.0,0.0,32.7
2025-03-26 05:00:00,5,3,10.2,42.2,18.5,1.246,0.0,0.0,24.0
2025-03-26 06:00:00,6,3,22.2,31.4,24.3,1.195,0.0,0.0,33.9
2025-03-26 07:00:00,7,3,33.5,33.3,35.6,1.151,0.0,0.0,49.1
2025-03-26 08:00:00,8,3,9.3,31.6,9.9,1.25,1.8,26.2,10.5
2025-03-26 09:00:00,9,3,20.8,25.6,8.3,1.201,3.7,77.0,9.3
2025-03-26 10:00:00,10,3,10.1,26.8,18.6,1.246,5.3,126.3,23.7
2025-03-26 11:00:00,11,3,31.8,34.1,40.4,1.158,6.6,145.3,59.8
2025-03-26 12:00:00,12,3,26.8,25.8,44.3,1.177,8.7,211.1,62.2
2025-03-26 13:00:00,13,3,27.5,37.6,27.9,1.174,6.5,148.5,34.8
2025-03-26 14:00:00,14,3,14.1,30.9,7.9,1.229,5.1,115.9,11.0
2025-03-26 15:00:00,15,3,30.9,74.6,31.4,1.161,1.3,0.0,44.2
2025-03-26 16:00:00,16,3,20.5,35.9,18.9,1.202,1.5,20.6,28.0
2025-03-26 17:00:00,17,3,38.0,61.4,31.2,1.134,0.0,0.0,44.2
2025-03-26 18:00:00,18,3,32.0,80.2,15.5,1.157,0.0,0.0,19.6
2025-03-26 19:00:00,19,3,17.0,68.7,43.9,1.217,0.0,0.0,63.7
2025-03-26 20:00:00,20,3,35.2,66.0,39.8,1.145,0.0,0.0,56.4
2025-03-26 21:00:00,21,3,31.4,4.6,39.1,1.159,0.0,4.5,55.9
2025-03-26 22:00:00,22,3,18.1,80.1,28.6,1.212,0.0,0.0,40.9
2025-03-26 23:00:00,23,3,23.7,48.4,24.5,1.189,0.0,0.0,31.1
2025-03-27 00:00:00,0,3,22.3,86.8,36.4,1.195,0.0,0.0,57.3
2025-03-27 01:00:00,1,3,23.6,34.3,22.2,1.19,0.0,0.0,27.5
2025-03-27 02:00:00,2,3,22.5,2.7,36.1,1.194,0.0,0.8,53.3
2025-03-27 03:00:00,3,3,26.8,68.4,11.0,1.177,0.0,0.0,10.0
2025-03-27 04:00:00,4,3,31.9,57.1,6.1,1.157,0.0,0.0,7.8
2025-03-27 05:00:00,5,3,20.4,93.3,10.0,1.202,0.0,0.0,11.5
2025-03-27 06:00:00,6,3,29.3,63.4,16.4,1.167,0.0,0.0,19.9
2025-03-27 07:00:00,7,3,26.3,18.1,10.9,1.179,0.8,7.8,8.2
2025-03-27 08:00:00,8,3,35.5,16.3,6.9,1.144,2.5,51.5,4.8
2025-03-27 09:00:00,9,3,29.6,20.9,34.5,1.166,4.0,92.1,49.2
2025-03-27 10:00:00,10,3,37.5,79.9,42.7,1.136,2.7,24.0,62.6
2025-03-27 11:00:00,11,3,19.7,99.0,28.7,1.205,3.4,35.5,44.4
2025-03-27 12:00:00,12,3,32.4,83.9,39.9,1.155,5.8,104.5,52.1
2025-03-27 13:00:00,13,3,31.1,7.4,26.8,1.16,8.0,194.5,32.8
2025-03-27 14:00:00,14,3,23.0,17.5,18.1,1.192,5.8,132.2,22.5
2025-03-27 15:00:00,15,3,21.5,26.5,15.6,1.198,3.7,80.6,21.3
2025-03-27 16:00:00,16,3,31.7,51.8,27.7,1.158,0.7,0.0,41.3
2025-03-27 17:00:00,17,3,26.5,97.0,29.2,1.178,0.0,0.0,41.7
2025-03-27 18:00:00,18,3,25.6,20.5,11.9,1.182,0.0,0.0,13.5
2025-03-27 19:00:00,19,3,23.8,66.2,13.7,1.189,0.0,0.0,18.7
2025-03-27 20:00:00,20,3,26.7,17.9,34.9,1.177,0.0,0.0,54.6
2025-03-27 21:00:00,21,3,23.7,4.3,9.2,1.189,0.0,0.0,12.0
2025-03-27 22:00:00,22,3,23.9,89.0,37.9,1.188,0.0,0.0,55.2
2025-03-27 23:00:00,23,3,35.6,47.4,33.2,1.143,0.0,0.0,41.6
2025-03-28 00:00:00,0,3,27.9,30.5,5.1,1.173,0.0,0.0,7.6
2025-03-28 01:00:00,1,3,20.3,95.3,38.5,1.203,0.0,0.0,58.6
2025-03-28 02:00:00,2,3,16.4,26.1,25.7,1.219,0.0,0.0,37.2
2025-03-28 03:00:00,3,3,18.8,56.6,9.7,1.209,0.0,0.0,8.9
2025-03-28 04:00:00,4,3,33.2,74.2,34.3,1.152,0.0,0.0,49.5
2025-03-28 05:00:00,5,3,33.9,73.1,28.2,1.15,0.0,0.0,40.6
2025-03-28 06:00:00,6,3,25.9,2.8,16.0,1.18,0.0,0.0,21.8
2025-03-28 07:00:00,7,3,34.4,97.4,30.3,1.148,0.0,0.0,43.0
2025-03-28 08:00:00,8,3,35.5,87.6,21.8,1.144,0.0,0.0,29.7
2025-03-28 09:00:00,9,3,37.1,77.3,24.0,1.138,1.1,0.0,30.8
2025-03-28 10:00:00,10,3,24.0,60.0,19.5,1.188,3.7,53.9,29.1
2025-03-28 11:00:00,11,3,50.4,47.0,43.6,1.091,6.0,120.1,63.0
2025-03-28 12:00:00,12,3,18.0,26.6,40.2,1.212,8.7,211.4,56.2
2025-03-28 13:00:00,13,3,36.2,40.6,20.9,1.141,6.3,137.5,26.1
2025-03-28 14:00:00,14,3,8.9,13.6,16.1,1.252,6.0,137.7,19.6
2025-03-28 15:00:00,15,3,29.5,87.1,25.7,1.166,0.6,0.0,36.9
2025-03-28 16:00:00,16,3,28.7,54.5,6.5,1.169,0.6,0.0,8.5
2025-03-28 17:00:00,17,3,30.9,27.2,44.7,1.161,0.3,0.0,68.6
2025-03-28 18:00:00,18,3,15.0,21.2,31.5,1.225,0.0,0.0,44.4
2025-03-28 19:00:00,19,3,34.0,88.5,5.5,1.149,0.0,0.0,7.6
2025-03-28 20:00:00,20,3,40.5,12.6,42.9,1.125,0.0,0.0,53.0
2025-03-28 21:00:00,21,3,15.1,73.1,34.9,1.225,0.0,0.0,47.2
2025-03-28 22:00:00,22,3,27.6,84.4,31.4,1.174,0.0,0.0,45.6
2025-03-28 23:00:00,23,3,22.5,65.1,34.1,1.194,0.0,0.0,49.8
2025-03-29 00:00:00,0,3,33.8,58.1,11.4,1.15,0.0,0.0,8.8
2025-03-29 01:00:00,1,3,22.3,29.1,30.2,1.195,0.0,0.0,45.5
2025-03-29 02:00:00,2,3,22.2,20.9,22.4,1.195,0.0,0.0,29.4
2025-03-29 03:00:00,3,3,47.8,61.4,24.4,1.1,0.0,0.0,30.0
2025-03-29 04:00:00,4,3,33.1,46.1,17.5,1.153,0.0,0.0,21.9
2025-03-29 05:00:00,5,3,36.3,41.9,11.0,1.141,0.0,0.0,12.5
2025-03-29 06:00:00,6,3,27.8,93.5,34.5,1.173,0.0,0.0,43.4
2025-03-29 07:00:00,7,3,31.1,65.6,9.2,1.16,0.0,0.0,16.6
2025-03-29 08:00:00,8,3,42.9,71.3,22.3,1.117,0.0,0.0,30.9
2025-03-29 09:00:00,9,3,39.4,21.9,38.2,1.129,3.9,90.2,55.1
2025-03-29 10:00:00,10,3,17.9,56.8,9.7,1.213,3.8,64.6,7.5
2025-03-29 11:00:00,11,3,17.4,57.2,40.8,1.215,5.5,106.1,58.5
2025-03-29 12:00:00,12,3,17.4,26.3,32.2,1.215,8.7,202.6,43.3
2025-03-29 13:00:00,13,3,10.2,40.4,23.5,1.246,6.3,142.5,31.4
2025-03-29 14:00:00,14,3,32.3,59.1,7.3,1.156,3.7,61.7,8.6
2025-03-29 15:00:00,15,3,27.7,63.7,41.6,1.173,1.8,19.0,56.0
2025-03-29 16:00:00,16,3,29.2,92.3,10.0,1.167,0.0,0.0,8.9
2025-03-29 17:00:00,17,3,32.9,87.7,35.5,1.153,0.0,0.0,52.8
2025-03-29 18:00:00,18,3,21.3,53.0,10.7,1.199,0.0,0.0,17.4
2025-03-29 19:00:00,19,3,18.1,92.4,31.5,1.212,0.0,0.0,49.9
2025-03-29 20:00:00,20,3,24.0,8.7,33.6,1.188,0.0,0.0,42.5
2025-03-29 21:00:00,21,3,10.4,30.9,28.4,1.245,0.0,0.0,36.6
2025-03-29 22:00:00,22,3,13.9,1.9,27.5,1.23,0.0,3.4,33.6
2025-03-29 23:00:00,23,3,35.6,24.1,11.8,1.143,0.0,0.0,8.7
2025-03-30 00:00:00,0,3,30.5,12.1,33.7,1.162,0.0,0.0,48.8
2025-03-30 01:00:00,1,3,24.3,50.2,44.7,1.187,0.0,0.0,67.8
2025-03-30 02:00:00,2,3,26.2,52.4,32.8,1.179,0.0,0.0,40.4
2025-03-30 03:00:00,3,3,20.4,55.1,37.9,1.202,0.0,0.0,51.8
2025-03-30 04:00:00,4,3,19.3,36.1,26.9,1.207,0.0,0.0,35.7
2025-03-30 05:00:00,5,3,43.2,6.4,17.9,1.116,0.0,0.0,26.1
2025-03-30 06:00:00,6,3,0.6,68.6,42.6,1.289,0.0,0.0,60.5
2025-03-30 07:00:00,7,3,10.8,35.3,31.2,1.243,0.0,0.0,46.5
2025-03-30 08:00:00,8,3,34.9,89.6,15.9,1.146,0.0,0.0,20.8
2025-03-30 09:00:00,9,3,35.8,58.5,26.5,1.143,2.1,28.0,37.0
2025-03-30 10:00:00,10,3,27.9,14.8,35.0,1.173,5.9,136.7,48.7
2025-03-30 11:00:00,11,3,12.8,59.6,35.9,1.234,5.4,98.7,55.7
2025-03-30 12:00:00,12,3,20.3,29.0,12.6,1.203,8.6,201.8,8.5
2025-03-30 13:00:00,13,3,40.2,51.6,28.3,1.126,5.8,113.5,40.3
2025-03-30 14:00:00,14,3,10.6,65.4,12.9,1.244,3.4,58.5,12.0
2025-03-30 15:00:00,15,3,29.2,4.5,23.8,1.167,4.8,115.6,32.3
2025-03-30 16:00:00,16,3,20.2,15.4,16.7,1.203,2.6,65.7,26.8
2025-03-30 17:00:00,17,3,33.7,58.6,30.8,1.15,0.0,0.0,42.1
2025-03-30 18:00:00,18,3,33.9,30.2,12.1,1.15,0.0,0.0,16.3
2025-03-30 19:00:00,19,3,20.0,17.7,32.4,1.204,0.0,0.0,51.3
2025-03-30 20:00:00,20,3,29.7,16.8,11.6,1.166,0.0,0.0,15.9
2025-03-30 21:00:00,21,3,40.4,90.4,33.6,1.126,0.0,0.0,53.9
2025-03-30 22:00:00,22,3,26.3,55.3,20.8,1.179,0.0,0.0,29.2
2025-03-30 23:00:00,23,3,29.8,7.1,20.5,1.165,0.0,0.0,28.3
2025-03-31 00:00:00,0,3,17.4,88.4,39.6,1.215,0.0,0.0,55.9
2025-03-31 01:00:00,1,3,25.2,83.4,25.7,1.183,0.0,0.0,37.9
2025-03-31 02:00:00,2,3,30.0,64.2,34.2,1.164,0.0,0.0,47.3
2025-03-31 03:00:00,3,3,17.0,49.8,28.1,1.217,0.0,0.0,40.2
2025-03-31 04:00:00,4,3,22.6,12.2,34.2,1.194,0.0,0.0,50.6
2025-03-31 05:00:00,5,3,24.6,72.8,9.7,1.186,0.0,0.0,7.5
2025-03-31 06:00:00,6,3,11.6,91.3,36.9,1.24,0.0,0.0,55.5
2025-03-31 07:00:00,7,3,3.2,5.4,27.8,1.277,1.4,29.7,45.7
2025-03-31 08:00:00,8,3,15.7,94.4,8.6,1.222,0.0,0.0,7.0
2025-03-31 09:00:00,9,3,21.9,28.6,28.2,1.196,3.6,75.9,36.9
2025-03-31 10:00:00,10,3,19.7,55.4,31.7,1.205,3.9,78.8,48.6
2025-03-31 11:00:00,11,3,22.5,44.5,25.4,1.194,6.1,124.0,38.4
2025-03-31 12:00:00,12,3,18.8,1.7,18.5,1.209,9.9,239.1,22.3
2025-03-31 13:00:00,13,3,23.6,86.2,22.4,1.19,4.0,66.9,29.2
2025-03-31 14:00:00,14,3,30.7,52.0,10.4,1.162,4.1,73.9,11.4
2025-03-31 15:00:00,15,3,24.4,23.0,10.7,1.186,3.8,77.0,10.7
2025-03-31 16:00:00,16,3,26.3,9.7,25.4,1.179,2.8,59.8,38.5
2025-03-31 17:00:00,17,3,29.6,94.7,39.3,1.166,0.0,0.0,53.0
2025-03-31 18:00:00,18,3,13.9,85.7,5.5,1.23,0.0,0.0,2.5
2025-03-31 19:00:00,19,3,17.5,65.1,29.1,1.214,0.0,0.0,35.7
2025-03-31 20:00:00,20,3,17.5,15.6,9.6,1.214,0.0,0.0,14.0
2025-03-31 21:00:00,21,3,20.4,7.1,30.3,1.202,0.0,0.0,45.7
2025-03-31 22:00:00,22,3,37.1,25.4,37.4,1.138,0.0,0.0,55.4
2025-03-31 23:00:00,23,3,20.2,14.1,21.8,1.203,0.0,0.0,30.6
2025-04-01 00:00:00,0,4,15.5,86.2,43.5,1.223,0.0,0.0,58.6
2025-04-01 01:00:00,1,4,20.4,46.4,12.6,1.202,0.0,0.0,18.2
2025-04-01 02:00:00,2,4,26.9,50.3,36.6,1.176,0.0,0.0,52.1
2025-04-01 03:00:00,3,4,27.1,7.2,42.1,1.176,0.0,0.0,62.7
2025-04-01 04:00:00,4,4,30.3,93.4,42.4,1.163,0.0,0.0,60.1
2025-04-01 05:00:00,5,4,36.5,67.9,8.1,1.14,0.0,0.0,3.4
2025-04-01 06:00:00,6,4,22.8,16.5,26.5,1.193,0.0,0.0,35.9
2025-04-01 07:00:00,7,4,22.0,71.2,19.3,1.196,0.0,0.0,26.2
2025-04-01 08:00:00,8,4,34.9,65.0,22.7,1.146,0.1,0.0,32.6
2025-04-01 09:00:00,9,4,19.6,53.1,37.7,1.206,2.3,36.3,54.2
2025-04-01 10:00:00,10,4,31.9,15.9,21.9,1.157,5.9,132.7,26.3
2025-04-01 11:00:00,11,4,19.2,37.1,6.4,1.207,6.5,151.0,4.9
2025-04-01 12:00:00,12,4,38.0,58.1,15.5,1.134,7.1,150.5,20.4
2025-04-01 13:00:00,13,4,28.2,88.3,15.5,1.171,3.9,53.5,22.8
2025-04-01 14:00:00,14,4,33.4,42.5,24.1,1.151,4.5,96.6,32.2
2025-04-01 15:00:00,15,4,14.8,47.1,16.7,1.226,2.6,49.1,22.3
2025-04-01 16:00:00,16,4,23.2,87.3,22.5,1.191,0.0,0.0,30.4
2025-04-01 17:00:00,17,4,31.0,27.4,20.6,1.161,0.3,0.0,23.1
2025-04-01 18:00:00,18,4,24.3,4.2,16.5,1.187,0.0,1.7,22.8
2025-04-01 19:00:00,19,4,18.1,59.9,33.0,1.212,0.0,0.0,51.5
2025-04-01 20:00:00,20,4,23.6,26.1,5.7,1.19,0.0,0.0,11.3
2025-04-01 21:00:00,21,4,33.8,13.6,14.7,1.15,0.0,0.4,20.2
2025-04-01 22:00:00,22,4,34.5,1.4,35.7,1.147,0.0,0.0,50.0
2025-04-01 23:00:00,23,4,28.5,19.4,24.7,1.17,0.0,0.0,35.2
2025-04-02 00:00:00,0,4,36.8,27.1,38.8,1.139,0.0,0.0,58.5
2025-04-02 01:00:00,1,4,22.5,68.5,34.0,1.194,0.0,0.0,45.7
2025-04-02 02:00:00,2,4,11.7,87.7,28.1,1.239,0.0,0.0,39.2
2025-04-02 03:00:00,3,4,33.0,96.4,35.0,1.153,0.0,0.0,47.7
2025-04-02 04:00:00,4,4,25.2,35.7,19.3,1.183,0.0,0.0,24.2
2025-04-02 05:00:00,5,4,12.1,96.7,14.7,1.237,0.0,0.0,20.7
2025-04-02 06:00:00,6,4,13.3,64.9,15.2,1.232,0.0,0.0,24.0
2025-04-02 07:00:00,7,4,25.3,25.0,22.5,1.183,0.4,0.0,32.6
2025-04-02 08:00:00,8,4,28.2,99.2,35.5,1.171,0.0,0.0,48.2
2025-04-02 09:00:00,9,4,33.2,88.7,7.4,1.152,0.6,0.0,0.0
2025-04-02 10:00:00,10,4,22.0,18.4,20.0,1.196,5.7,136.7,26.8
2025-04-02 11:00:00,11,4,24.4,19.5,28.3,1.186,7.4,178.1,35.7
2025-04-02 12:00:00,12,4,28.1,11.4,15.2,1.172,9.4,235.1,23.0
2025-04-02 13:00:00,13,4,34.0,26.4,12.0,1.149,7.0,155.0,13.8
2025-04-02 14:00:00,14,4,27.3,94.0,39.5,1.175,2.0,0.0,56.6
2025-04-02 15:00:00,15,4,28.5,77.4,28.7,1.17,1.1,0.0,37.1
2025-04-02 16:00:00,16,4,29.2,71.2,44.4,1.167,0.0,0.0,65.9
2025-04-02 17:00:00,17,4,23.6,28.8,39.1,1.19,0.2,0.0,50.7
2025-04-02 18:00:00,18,4,36.6,55.5,41.6,1.14,0.0,0.0,58.3
2025-04-02 19:00:00,19,4,31.1,64.3,37.9,1.16,0.0,0.0,50.1
2025-04-02 20:00:00,20,4,20.7,34.6,11.0,1.201,0.0,0.0,14.3
2025-04-02 21:00:00,21,4,37.1,63.9,34.4,1.138,0.0,0.0,48.4
2025-04-02 22:00:00,22,4,27.4,31.7,34.2,1.174,0.0,0.0,53.4
2025-04-02 23:00:00,23,4,39.2,73.5,20.1,1.13,0.0,0.0,28.4
2025-04-03 00:00:00,0,4,39.8,5.0,25.3,1.128,0.0,1.8,35.3
2025-04-03 01:00:00,1,4,10.8,94.5,32.3,1.243,0.0,0.0,46.9
2025-04-03 02:00:00,2,4,18.2,39.4,31.2,1.212,0.0,0.0,47.4
2025-04-03 03:00:00,3,4,25.7,36.9,20.1,1.181,0.0,0.0,27.2
2025-04-03 04:00:00,4,4,23.1,4.9,33.9,1.192,0.0,0.0,48.7
2025-04-03 05:00:00,5,4,40.9,46.6,34.7,1.124,0.0,0.0,45.1
2025-04-03 06:00:00,6,4,30.8,14.7,22.3,1.161,0.0,1.4,30.5
2025-04-03 07:00:00,7,4,28.9,37.0,44.7,1.169,0.0,0.0,66.4
2025-04-03 08:00:00,8,4,32.1,91.1,8.0,1.156,0.0,0.0,5.7
2025-04-03 09:00:00,9,4,21.1,34.0,16.1,1.2,3.3,58.8,21.2
2025-04-03 10:00:00,10,4,28.8,64.2,16.3,1.169,3.5,58.4,19.6
2025-04-03 11:00:00,11,4,13.1,27.9,22.7,1.233,6.9,161.3,32.8
2025-04-03 12:00:00,12,4,34.3,3.8,39.8,1.148,9.8,248.9,53.2
2025-04-03 13:00:00,13,4,23.1,59.2,36.1,1.192,5.4,106.5,47.7
2025-04-03 14:00:00,14,4,18.6,59.9,16.0,1.21,3.7,63.4,19.9
2025-04-03 15:00:00,15,4,30.7,85.5,13.3,1.162,0.7,0.0,18.1
2025-04-03 16:00:00,16,4,28.4,99.7,15.0,1.171,0.0,0.0,15.2
2025-04-03 17:00:00,17,4,22.4,81.7,9.7,1.194,0.0,0.0,8.8
2025-04-03 18:00:00,18,4,31.7,46.4,25.9,1.158,0.0,0.0,34.7
2025-04-03 19:00:00,19,4,31.9,47.6,9.5,1.157,0.0,0.0,7.1
2025-04-03 20:00:00,20,4,15.9,36.0,17.2,1.221,0.0,0.0,25.2
2025-04-03 21:00:00,21,4,40.8,29.0,18.0,1.124,0.0,0.0,25.1
2025-04-03 22:00:00,22,4,17.0,3.4,6.6,1.217,0.0,0.0,5.8
2025-04-03 23:00:00,23,4,31.1,74.9,11.5,1.16,0.0,0.0,21.3
2025-04-04 00:00:00,0,4,29.4,31.2,40.4,1.167,0.0,0.0,56.3
2025-04-04 01:00:00,1,4,38.3,89.4,26.3,1.133,0.0,0.0,38.0
2025-04-04 02:00:00,2,4,30.4,22.7,29.0,1.163,0.0,0.0,35.6
2025-04-04 03:00:00,3,4,27.9,27.1,33.6,1.173,0.0,0.0,48.4
2025-04-04 04:00:00,4,4,27.3,13.1,5.3,1.175,0.0,0.0,6.6
2025-04-04 05:00:00,5,4,28.8,64.5,18.2,1.169,0.0,0.0,26.0
2025-04-04 06:00:00,6,4,31.5,69.8,35.9,1.159,0.0,0.0,56.4
2025-04-04 07:00:00,7,4,25.6,55.7,29.9,1.182,0.0,0.0,37.1
2025-04-04 08:00:00,8,4,34.0,31.3,6.9,1.149,1.8,31.5,5.6
2025-04-04 09:00:00,9,4,20.4,1.4,42.5,1.202,4.9,128.3,64.4
2025-04-04 10:00:00,10,4,19.8,78.3,25.6,1.205,2.8,33.4,33.3
2025-04-04 11:00:00,11,4,21.8,12.5,27.4,1.197,7.7,182.8,32.4
2025-04-04 12:00:00,12,4,34.1,17.9,41.2,1.149,9.1,215.9,57.3
2025-04-04 13:00:00,13,4,36.0,55.1,29.8,1.142,5.6,108.4,39.9
2025-04-04 14:00:00,14,4,20.7,37.6,17.0,1.201,4.8,100.6,24.4
2025-04-04 15:00:00,15,4,36.0,97.0,11.4,1.142,0.2,0.0,11.6
2025-04-04 16:00:00,16,4,26.9,9.3,25.6,1.176,2.9,69.2,36.0
2025-04-04 17:00:00,17,4,27.4,48.8,7.6,1.174,0.0,0.0,9.0
2025-04-04 18:00:00,18,4,21.0,95.6,38.0,1.2,0.0,0.0,55.4
2025-04-04 19:00:00,19,4,20.1,34.0,35.4,1.204,0.0,0.0,49.1
2025-04-04 20:00:00,20,4,29.0,50.9,6.0,1.168,0.0,0.0,5.1
2025-04-04 21:00:00,21,4,28.4,27.1,23.5,1.171,0.0,0.0,35.0
2025-04-04 22:00:00,22,4,19.8,8.1,25.1,1.205,0.0,0.0,31.4
2025-04-04 23:00:00,23,4,33.8,30.3,8.8,1.15,0.0,0.0,7.0
2025-04-05 00:00:00,0,4,18.2,83.0,37.8,1.212,0.0,0.0,53.4
2025-04-05 01:00:00,1,4,14.8,58.4,39.0,1.226,0.0,0.0,55.6
2025-04-05 02:00:00,2,4,11.5,23.5,43.2,1.24,0.0,0.0,61.5
2025-04-05 03:00:00,3,4,30.6,88.2,40.6,1.162,0.0,0.0,57.2
2025-04-05 04:00:00,4,4,19.8,5.0,12.3,1.205,0.0,0.0,15.6
2025-04-05 05:00:00,5,4,29.6,1.5,31.7,1.166,0.0,4.5,46.2
2025-04-05 06:00:00,6,4,24.1,17.3,34.6,1.188,0.0,0.0,48.1
2025-04-05 07:00:00,7,4,33.2,30.7,26.5,1.152,0.1,0.0,38.9
2025-04-05 08:00:00,8,4,29.1,40.5,14.9,1.168,1.3,23.0,20.1
2025-04-05 09:00:00,9,4,22.8,36.4,10.1,1.193,3.2,64.9,11.4
2025-04-05 10:00:00,10,4,15.4,15.8,33.5,1.223,5.9,143.1,45.8
2025-04-05 11:00:00,11,4,25.5,61.5,23.9,1.182,5.3,110.0,31.3
2025-04-05 12:00:00,12,4,17.0,46.3,22.7,1.217,7.7,166.3,34.3
2025-04-05 13:00:00,13,4,25.9,30.6,11.1,1.18,6.8,145.4,14.3
2025-04-05 14:00:00,14,4,24.7,66.5,30.3,1.185,3.3,53.1,39.8
2025-04-05 15:00:00,15,4,20.6,22.4,27.4,1.202,3.9,92.6,36.8
2025-04-05 16:00:00,16,4,21.8,12.9,41.1,1.197,2.7,59.2,63.5
2025-04-05 17:00:00,17,4,22.9,40.2,41.8,1.192,0.0,0.0,57.3
2025-04-05 18:00:00,18,4,23.0,59.7,14.6,1.192,0.0,0.0,23.1
2025-04-05 19:00:00,19,4,31.3,83.1,42.3,1.159,0.0,0.0,60.2
2025-04-05 20:00:00,20,4,16.9,48.5,21.9,1.217,0.0,0.0,28.5
2025-04-05 21:00:00,21,4,18.3,65.9,8.9,1.211,0.0,0.0,11.3
2025-04-05 22:00:00,22,4,19.7,66.4,38.7,1.205,0.0,0.0,60.7
2025-04-05 23:00:00,23,4,16.5,59.1,36.8,1.219,0.0,0.0,57.9
2025-04-06 00:00:00,0,4,19.7,9.3,35.8,1.205,0.0,0.0,49.6
2025-04-06 01:00:00,1,4,24.0,54.1,32.9,1.188,0.0,0.0,42.3
2025-04-06 02:00:00,2,4,17.5,14.9,23.6,1.214,0.0,2.2,29.3
2025-04-06 03:00:00,3,4,20.5,11.3,21.7,1.202,0.0,0.0,34.8
2025-04-06 04:00:00,4,4,37.5,67.5,6.9,1.136,0.0,0.0,7.1
2025-04-06 05:00:00,5,4,38.5,41.9,35.9,1.133,0.0,0.0,53.3
2025-04-06 06:00:00,6,4,24.6,41.5,12.1,1.186,0.0,0.0,15.2
2025-04-06 07:00:00,7,4,26.5,5.2,7.7,1.178,1.4,26.7,13.1
2025-04-06 08:00:00,8,4,33.4,0.2,8.9,1.151,3.3,75.3,13.3
2025-04-06 09:00:00,9,4,4.6,39.5,18.1,1.271,3.0,54.1,26.3
2025-04-06 10:00:00,10,4,29.5,14.7,19.9,1.166,5.9,141.7,24.0
2025-04-06 11:00:00,11,4,23.8,89.6,19.9,1.189,3.9,43.1,28.7
2025-04-06 12:00:00,12,4,12.4,31.4,33.9,1.236,8.4,198.8,46.3
2025-04-06 13:00:00,13,4,30.9,40.3,15.8,1.161,6.3,139.5,15.9
2025-04-06 14:00:00,14,4,33.3,2.4,23.2,1.152,6.5,163.4,32.0
2025-04-06 15:00:00,15,4,21.0,10.4,27.6,1.2,4.5,107.8,38.4
2025-04-06 16:00:00,16,4,22.3,95.2,9.6,1.195,0.0,0.0,13.0
2025-04-06 17:00:00,17,4,33.1,69.1,32.8,1.153,0.0,0.0,47.2
2025-04-06 18:00:00,18,4,37.5,93.1,30.1,1.136,0.0,0.0,39.5
2025-04-06 19:00:00,19,4,26.4,61.1,40.6,1.178,0.0,0.0,59.6
2025-04-06 20:00:00,20,4,27.6,17.5,19.0,1.174,0.0,0.0,24.3
2025-04-06 21:00:00,21,4,20.7,92.3,41.8,1.201,0.0,0.0,57.0
2025-04-06 22:00:00,22,4,35.3,37.4,17.7,1.144,0.0,0.0,24.8
2025-04-06 23:00:00,23,4,8.2,78.3,28.6,1.255,0.0,0.0,39.2
2025-04-07 00:00:00,0,4,28.5,82.9,38.7,1.17,0.0,0.0,54.9
2025-04-07 01:00:00,1,4,33.8,59.3,34.4,1.15,0.0,0.0,43.8
2025-04-07 02:00:00,2,4,25.4,45.8,29.1,1.182,0.0,0.0,39.5
2025-04-07 03:00:00,3,4,22.5,20.8,13.2,1.194,0.0,0.0,11.5
2025-04-07 04:00:00,4,4,19.2,43.6,44.9,1.207,0.0,0.0,65.0
2025-04-07 05:00:00,5,4,17.9,0.2,41.8,1.213,0.0,2.2,60.1
2025-04-07 06:00:00,6,4,13.2,29.7,33.5,1.233,0.0,0.0,44.0
2025-04-07 07:00:00,7,4,17.6,85.6,6.0,1.214,0.0,0.0,3.5
2025-04-07 08:00:00,8,4,10.4,7.9,10.6,1.245,2.9,72.7,15.4
2025-04-07 09:00:00,9,4,17.8,34.9,9.1,1.213,3.3,69.8,9.5
2025-04-07 10:00:00,10,4,17.3,19.7,16.5,1.215,5.7,139.3,24.3
2025-04-07 11:00:00,11,4,31.5,24.8,19.4,1.159,7.1,167.5,23.1
2025-04-07 12:00:00,12,4,22.3,16.3,41.5,1.195,9.2,225.7,60.9
2025-04-07 13:00:00,13,4,39.1,56.8,20.3,1.13,5.5,117.5,25.8
2025-04-07 14:00:00,14,4,25.0,90.1,10.8,1.184,2.2,4.4,11.9
2025-04-07 15:00:00,15,4,24.5,68.0,17.9,1.186,1.6,9.6,22.9
2025-04-07 16:00:00,16,4,12.5,81.1,44.0,1.236,0.0,0.0,64.3
2025-04-07 17:00:00,17,4,32.2,71.3,20.0,1.156,0.0,0.0,26.0
2025-04-07 18:00:00,18,4,12.2,80.7,44.9,1.237,0.0,0.0,65.8
2025-04-07 19:00:00,19,4,23.9,28.0,26.3,1.188,0.0,0.0,36.5
2025-04-07 20:00:00,20,4,38.6,32.1,10.6,1.132,0.0,0.0,20.1
2025-04-07 21:00:00,21,4,34.1,90.3,10.8,1.149,0.0,0.0,14.1
2025-04-07 22:00:00,22,4,34.5,53.4,20.2,1.147,0.0,0.0,25.6
2025-04-07 23:00:00,23,4,24.4,38.7,24.5,1.186,0.0,0.0,35.8
2025-04-08 00:00:00,0,4,16.3,70.9,6.5,1.22,0.0,0.0,7.0
2025-04-08 01:00:00,1,4,33.2,83.6,26.3,1.152,0.0,0.0,34.6
2025-04-08 02:00:00,2,4,20.7,89.0,41.2,1.201,0.0,0.0,55.6
2025-04-08 03:00:00,3,4,37.4,13.1,11.5,1.137,0.0,0.0,17.2
2025-04-08 04:00:00,4,4,17.9,31.2,15.8,1.213,0.0,0.0,25.5
2025-04-08 05:00:00,5,4,19.6,66.8,10.8,1.206,0.0,0.0,15.2
2025-04-08 06:00:00,6,4,35.2,45.4,14.2,1.145,0.0,0.0,17.2
2025-04-08 07:00:00,7,4,44.0,99.1,8.1,1.113,0.0,0.0,4.0
2025-04-08 08:00:00,8,4,23.6,89.7,41.9,1.19,0.0,0.0,58.9
2025-04-08 09:00:00,9,4,26.9,34.5,24.2,1.176,3.3,65.7,34.8
2025-04-08 10:00:00,10,4,15.8,78.3,25.5,1.222,2.8,23.5,29.8
2025-04-08 11:00:00,11,4,18.1,23.0,10.3,1.212,7.2,171.6,12.5
2025-04-08 12:00:00,12,4,22.4,85.9,28.9,1.194,5.7,103.9,41.4
2025-04-08 13:00:00,13,4,24.7,18.9,29.3,1.185,7.4,168.1,43.3
2025-04-08 14:00:00,14,4,18.5,21.0,39.3,1.21,5.6,129.0,60.2
2025-04-08 15:00:00,15,4,23.8,42.4,13.9,1.189,2.9,45.9,13.5
2025-04-08 16:00:00,16,4,40.5,8.8,24.7,1.125,2.9,60.3,33.6
2025-04-08 17:00:00,17,4,26.4,24.4,35.6,1.178,0.4,5.1,49.4
2025-04-08 18:00:00,18,4,11.3,26.7,38.6,1.241,0.0,0.0,59.9
2025-04-08 19:00:00,19,4,26.1,49.8,28.0,1.18,0.0,0.0,37.2
2025-04-08 20:00:00,20,4,40.6,80.5,41.6,1.125,0.0,0.0,54.7
2025-04-08 21:00:00,21,4,26.3,73.8,7.7,1.179,0.0,0.0,0.3
2025-04-08 22:00:00,22,4,34.5,98.1,23.1,1.147,0.0,0.0,29.0
2025-04-08 23:00:00,23,4,29.9,37.2,26.7,1.165,0.0,0.0,37.2
2025-04-09 00:00:00,0,4,28.8,72.2,18.8,1.169,0.0,0.0,24.5
2025-04-09 01:00:00,1,4,42.3,46.1,16.4,1.119,0.0,0.0,24.1
2025-04-09 02:00:00,2,4,36.0,43.0,43.0,1.142,0.0,0.0,60.4
2025-04-09 03:00:00,3,4,26.9,80.3,17.4,1.176,0.0,0.0,21.9
2025-04-09 04:00:00,4,4,30.2,71.3,43.4,1.164,0.0,0.0,59.6
2025-04-09 05:00:00,5,4,26.9,4.7,24.4,1.176,0.0,0.0,31.6
2025-04-09 06:00:00,6,4,26.6,3.6,22.5,1.178,0.0,0.0,33.4
2025-04-09 07:00:00,7,4,20.8,57.3,22.7,1.201,0.0,0.0,29.1
2025-04-09 08:00:00,8,4,37.1,80.6,16.8,1.138,0.0,0.0,20.3
2025-04-09 09:00:00,9,4,42.3,26.5,21.3,1.119,3.7,78.9,28.2
2025-04-09 10:00:00,10,4,9.8,34.2,42.8,1.248,5.0,109.6,66.6
2025-04-09 11:00:00,11,4,13.0,49.7,32.4,1.234,5.8,126.5,51.3
2025-04-09 12:00:00,12,4,28.8,40.1,36.1,1.169,8.0,178.0,51.1
2025-04-09 13:00:00,13,4,37.8,79.4,35.0,1.135,4.4,63.7,51.8
2025-04-09 14:00:00,14,4,33.1,97.9,18.2,1.153,1.8,0.0,25.9
2025-04-09 15:00:00,15,4,30.5,43.1,30.6,1.162,2.8,47.4,42.8
2025-04-09 16:00:00,16,4,26.0,49.1,14.6,1.18,0.9,1.3,23.9
2025-04-09 17:00:00,17,4,6.7,63.2,22.3,1.261,0.0,0.0,36.1
2025-04-09 18:00:00,18,4,22.9,6.6,15.9,1.192,0.0,4.6,25.8
2025-04-09 19:00:00,19,4,16.2,21.8,34.7,1.22,0.0,0.0,50.6
2025-04-09 20:00:00,20,4,19.1,16.5,34.6,1.208,0.0,0.0,47.6
2025-04-09 21:00:00,21,4,27.6,35.0,23.0,1.174,0.0,0.0,25.9
2025-04-09 22:00:00,22,4,27.4,7.2,43.4,1.174,0.0,0.0,62.7
2025-04-09 23:00:00,23,4,23.8,91.5,20.8,1.189,0.0,0.0,31.0
2025-04-10 00:00:00,0,4,25.4,10.5,10.5,1.182,0.0,0.0,14.0
2025-04-10 01:00:00,1,4,19.3,21.5,21.0,1.207,0.0,0.0,27.7
2025-04-10 02:00:00,2,4,22.3,1.9,17.9,1.195,0.0,0.0,24.8
2025-04-10 03:00:00,3,4,16.8,57.2,38.1,1.217,0.0,0.0,51.0
2025-04-10 04:00:00,4,4,30.6,28.4,30.8,1.162,0.0,0.0,39.8
2025-04-10 05:00:00,5,4,35.1,16.2,13.6,1.145,0.0,5.5,11.5
2025-04-10 06:00:00,6,4,26.1,96.5,36.6,1.18,0.0,0.0,50.2
2025-04-10 07:00:00,7,4,11.8,35.6,39.1,1.239,0.0,0.0,53.3
2025-04-10 08:00:00,8,4,21.3,75.9,39.6,1.199,0.0,0.0,57.6
2025-04-10 09:00:00,9,4,42.3,32.1,43.4,1.119,3.4,73.5,58.6
2025-04-10 10:00:00,10,4,35.2,17.3,33.7,1.145,5.8,129.4,51.7
2025-04-10 11:00:00,11,4,24.8,0.0,12.7,1.185,8.3,207.2,14.7
2025-04-10 12:00:00,12,4,36.1,77.9,44.7,1.141,6.1,111.6,60.6
2025-04-10 13:00:00,13,4,23.3,89.1,20.3,1.191,3.9,56.0,22.7
2025-04-10 14:00:00,14,4,40.5,38.1,20.9,1.125,4.8,106.4,25.3
2025-04-10 15:00:00,15,4,15.1,38.6,40.5,1.225,3.1,60.1,51.6
2025-04-10 16:00:00,16,4,18.1,75.9,40.2,1.212,0.0,0.0,58.8
2025-04-10 17:00:00,17,4,23.9,94.4,33.2,1.188,0.0,0.0,42.2
2025-04-10 18:00:00,18,4,28.8,0.7,34.7,1.169,0.0,0.0,55.4
2025-04-10 19:00:00,19,4,21.3,37.9,11.9,1.199,0.0,0.0,15.4
2025-04-10 20:00:00,20,4,27.6,77.2,11.0,1.174,0.0,0.0,11.9
2025-04-10 21:00:00,21,4,40.9,5.8,43.7,1.124,0.0,0.0,57.8
2025-04-10 22:00:00,22,4,19.1,87.8,29.8,1.208,0.0,0.0,44.1
2025-04-10 23:00:00,23,4,25.2,27.7,35.5,1.183,0.0,0.0,48.7
2025-04-11 00:00:00,0,4,26.4,8.8,43.3,1.178,0.0,4.4,61.4
2025-04-11 01:00:00,1,4,22.5,85.5,40.7,1.194,0.0,0.0,57.1
2025-04-11 02:00:00,2,4,19.3,68.1,26.4,1.207,0.0,0.0,42.8
2025-04-11 03:00:00,3,4,33.5,67.9,14.3,1.151,0.0,0.0,12.8
2025-04-11 04:00:00,4,4,8.4,71.6,24.0,1.254,0.0,0.0,35.1
2025-04-11 05:00:00,5,4,33.1,54.6,38.5,1.153,0.0,0.0,55.8
2025-04-11 06:00:00,6,4,20.5,5.9,5.5,1.202,0.0,3.0,8.7
2025-04-11 07:00:00,7,4,32.5,26.3,43.2,1.155,0.4,0.0,54.3
2025-04-11 08:00:00,8,4,32.2,0.2,34.9,1.156,3.3,82.9,48.4
2025-04-11 09:00:00,9,4,19.4,91.9,37.1,1.207,0.4,0.0,56.4
2025-04-11 10:00:00,10,4,41.4,9.2,12.0,1.122,6.2,150.3,8.6
2025-04-11 11:00:00,11,4,13.1,54.6,22.3,1.233,5.6,111.1,27.7
2025-04-11 12:00:00,12,4,38.0,48.0,42.7,1.134,7.6,160.7,60.0
2025-04-11 13:00:00,13,4,16.1,93.6,27.6,1.22,3.7,40.2,38.1
2025-04-11 14:00:00,14,4,32.2,42.0,42.2,1.156,4.6,95.9,57.7
2025-04-11 15:00:00,15,4,26.6,89.9,31.7,1.178,0.5,0.0,46.1
2025-04-11 16:00:00,16,4,12.9,37.4,21.0,1.234,1.5,30.9,30.2
2025-04-11 17:00:00,17,4,19.4,44.7,16.3,1.207,0.0,0.0,21.7
2025-04-11 18:00:00,18,4,31.7,47.3,36.7,1.158,0.0,0.0,50.1
2025-04-11 19:00:00,19,4,37.8,33.2,18.3,1.135,0.0,0.0,23.7
2025-04-11 20:00:00,20,4,29.2,29.3,9.8,1.167,0.0,0.0,9.6
2025-04-11 21:00:00,21,4,26.4,42.7,39.5,1.178,0.0,0.0,57.7
2025-04-11 22:00:00,22,4,33.5,45.2,5.6,1.151,0.0,0.0,2.8
2025-04-11 23:00:00,23,4,38.0,13.1,18.9,1.134,0.0,0.0,19.9
2025-04-12 00:00:00,0,4,26.0,49.6,14.4,1.18,0.0,0.0,14.9
2025-04-12 01:00:00,1,4,33.1,33.3,25.9,1.153,0.0,0.0,38.9
2025-04-12 02:00:00,2,4,22.7,65.4,24.0,1.193,0.0,0.0,28.5
2025-04-12 03:00:00,3,4,22.4,51.6,45.0,1.194,0.0,0.0,70.0
2025-04-12 04:00:00,4,4,27.7,55.5,34.4,1.173,0.0,0.0,49.7
2025-04-12 05:00:00,5,4,12.4,59.5,14.6,1.236,0.0,0.0,19.5
2025-04-12 06:00:00,6,4,43.9,61.6,32.1,1.113,0.0,0.0,50.1
2025-04-12 07:00:00,7,4,21.1,46.7,16.9,1.2,0.0,0.0,22.6
2025-04-12 08:00:00,8,4,18.2,83.6,42.5,1.212,0.0,0.0,58.0
2025-04-12 09:00:00,9,4,17.2,24.5,44.0,1.216,3.8,87.4,66.2
2025-04-12 10:00:00,10,4,23.2,69.6,8.0,1.191,3.2,36.5,4.6
2025-04-12 11:00:00,11,4,36.3,56.8,6.4,1.141,5.5,107.4,8.4
2025-04-12 12:00:00,12,4,23.6,67.0,43.7,1.19,6.6,124.4,62.8
2025-04-12 13:00:00,13,4,19.0,32.2,27.4,1.208,6.7,140.6,38.4
2025-04-12 14:00:00,14,4,28.1,52.0,44.5,1.172,4.1,71.7,61.9
2025-04-12 15:00:00,15,4,30.0,99.2,13.4,1.164,0.0,0.0,18.3
2025-04-12 16:00:00,16,4,9.1,70.0,8.5,1.251,0.0,0.0,10.7
2025-04-12 17:00:00,17,4,31.7,9.9,23.2,1.158,1.2,31.3,32.2
2025-04-12 18:00:00,18,4,18.1,25.2,35.4,1.212,0.0,0.0,47.1
2025-04-12 19:00:00,19,4,20.0,50.4,30.4,1.204,0.0,0.0,43.2
2025-04-12 20:00:00,20,4,31.6,47.3,29.4,1.158,0.0,0.0,39.4
2025-04-12 21:00:00,21,4,21.7,26.6,13.1,1.197,0.0,0.0,16.0
2025-04-12 22:00:00,22,4,12.8,56.3,36.2,1.234,0.0,0.0,53.1
2025-04-12 23:00:00,23,4,25.0,60.5,21.7,1.184,0.0,0.0,28.3
2025-04-13 00:00:00,0,4,20.3,66.2,26.5,1.203,0.0,0.0,35.3
2025-04-13 01:00:00,1,4,26.6,84.7,7.1,1.178,0.0,0.0,5.1
2025-04-13 02:00:00,2,4,12.6,72.4,16.6,1.235,0.0,0.0,28.0
2025-04-13 03:00:00,3,4,14.4,99.4,13.5,1.228,0.0,0.0,17.7
2025-04-13 04:00:00,4,4,22.3,57.7,11.4,1.195,0.0,0.0,11.6
2025-04-13 05:00:00,5,4,21.4,89.9,41.4,1.198,0.0,0.0,61.4
2025-04-13 06:00:00,6,4,27.3,32.3,23.8,1.175,0.0,0.0,34.3
2025-04-13 07:00:00,7,4,17.7,89.2,13.8,1.214,0.0,0.0,20.6
2025-04-13 08:00:00,8,4,24.3,65.2,15.0,1.187,0.1,0.0,16.4
2025-04-13 09:00:00,9,4,24.9,84.8,36.9,1.184,0.8,0.0,52.5
2025-04-13 10:00:00,10,4,25.4,74.8,7.6,1.182,2.9,38.3,13.7
2025-04-13 11:00:00,11,4,18.8,18.5,8.2,1.209,7.4,184.6,3.7
2025-04-13 12:00:00,12,4,13.2,53.0,27.7,1.233,7.4,160.5,38.2
2025-04-13 13:00:00,13,4,8.7,10.3,9.9,1.252,7.8,194.7,14.1
2025-04-13 14:00:00,14,4,27.4,60.4,14.8,1.174,3.6,61.5,18.0
2025-04-13 15:00:00,15,4,29.8,63.1,10.6,1.165,1.8,14.1,15.3
2025-04-13 16:00:00,16,4,23.3,3.0,38.9,1.191,3.2,80.7,55.6
2025-04-13 17:00:00,17,4,25.1,89.0,18.5,1.184,0.0,0.0,27.2
2025-04-13 18:00:00,18,4,31.6,50.5,27.4,1.158,0.0,0.0,41.6
2025-04-13 19:00:00,19,4,34.9,43.3,32.7,1.146,0.0,0.0,48.2
2025-04-13 20:00:00,20,4,29.0,77.9,34.5,1.168,0.0,0.0,46.3
2025-04-13 21:00:00,21,4,13.5,2.8,37.2,1.231,0.0,6.2,47.7
2025-04-13 22:00:00,22,4,13.4,1.4,20.7,1.232,0.0,0.0,33.7
2025-04-13 23:00:00,23,4,31.3,34.5,35.2,1.159,0.0,0.0,53.8
2025-04-14 00:00:00,0,4,26.5,90.7,23.5,1.178,0.0,0.0,35.0
2025-04-14 01:00:00,1,4,29.8,70.4,22.4,1.165,0.0,0.0,28.6
2025-04-14 02:00:00,2,4,29.3,50.9,28.9,1.167,0.0,0.0,39.0
2025-04-14 03:00:00,3,4,28.9,38.0,36.9,1.169,0.0,0.0,56.6
2025-04-14 04:00:00,4,4,11.3,70.4,11.1,1.241,0.0,0.0,8.4
2025-04-14 05:00:00,5,4,14.4,68.8,18.4,1.228,0.0,0.0,25.6
2025-04-14 06:00:00,6,4,34.6,10.2,16.3,1.147,0.0,0.0,20.7
2025-04-14 07:00:00,7,4,21.2,99.9,18.9,1.199,0.0,0.0,27.2
2025-04-14 08:00:00,8,4,15.8,52.3,5.7,1.222,0.7,0.0,4.7
2025-04-14 09:00:00,9,4,25.9,2.4,39.0,1.18,4.9,126.6,52.2
2025-04-14 10:00:00,10,4,19.9,21.9,20.6,1.205,5.6,125.5,26.2
2025-04-14 11:00:00,11,4,38.2,54.3,37.7,1.134,5.6,112.6,50.7
2025-04-14 12:00:00,12,4,24.4,87.7,13.5,1.186,5.6,93.8,18.8
2025-04-14 13:00:00,13,4,26.9,98.2,28.7,1.176,3.4,34.2,37.1
2025-04-14 14:00:00,14,4,24.4,61.5,30.3,1.186,3.6,50.7,34.7
2025-04-14 15:00:00,15,4,13.0,60.1,34.3,1.234,2.0,20.6,50.6
2025-04-14 16:00:00,16,4,6.9,68.1,20.1,1.26,0.0,0.0,25.4
2025-04-14 17:00:00,17,4,24.7,20.7,24.6,1.185,0.6,5.7,35.2
2025-04-14 18:00:00,18,4,11.2,37.4,37.4,1.241,0.0,0.0,54.6
2025-04-14 19:00:00,19,4,15.8,0.6,44.6,1.222,0.0,0.0,69.2
2025-04-14 20:00:00,20,4,27.6,33.5,33.6,1.174,0.0,0.0,45.2
2025-04-14 21:00:00,21,4,34.9,47.1,13.7,1.146,0.0,0.0,13.6
2025-04-14 22:00:00,22,4,31.6,74.5,30.5,1.158,0.0,0.0,40.5
2025-04-14 23:00:00,23,4,16.9,32.3,42.0,1.217,0.0,0.0,53.7
2025-04-15 00:00:00,0,4,33.7,56.7,9.3,1.15,0.0,0.0,15.3
2025-04-15 01:00:00,1,4,18.1,23.4,29.9,1.212,0.0,0.0,45.0
2025-04-15 02:00:00,2,4,31.7,36.5,5.1,1.158,0.0,0.0,8.1
2025-04-15 03:00:00,3,4,34.3,30.5,45.0,1.148,0.0,0.0,61.9
2025-04-15 04:00:00,4,4,27.5,23.6,6.4,1.174,0.0,0.0,8.3
2025-04-15 05:00:00,5,4,38.4,0.9,44.1,1.133,0.0,0.0,70.1
2025-04-15 06:00:00,6,4,15.4,55.8,7.3,1.223,0.0,0.0,10.7
2025-04-15 07:00:00,7,4,6.7,32.6,38.3,1.261,0.0,0.0,60.3
2025-04-15 08:00:00,8,4,18.7,1.8,43.2,1.209,3.2,77.4,62.4
2025-04-15 09:00:00,9,4,28.8,64.6,12.3,1.169,1.8,12.9,12.8
2025-04-15 10:00:00,10,4,20.2,69.4,43.1,1.203,3.2,38.8,57.2
2025-04-15 11:00:00,11,4,37.9,11.5,22.0,1.135,7.8,191.6,30.5
2025-04-15 12:00:00,12,4,30.0,96.8,27.2,1.164,5.2,82.1,37.2
2025-04-15 13:00:00,13,4,22.7,8.1,42.5,1.193,7.9,187.7,62.1
2025-04-15 14:00:00,14,4,21.3,82.6,17.9,1.199,2.5,16.5,28.9
2025-04-15 15:00:00,15,4,20.2,74.5,14.6,1.203,1.3,0.0,22.7
2025-04-15 16:00:00,16,4,31.0,57.7,6.0,1.161,0.4,0.0,7.4
2025-04-15 17:00:00,17,4,24.2,72.7,25.4,1.187,0.0,0.0,34.0
2025-04-15 18:00:00,18,4,33.8,98.7,17.2,1.15,0.0,0.0,19.5
2025-04-15 19:00:00,19,4,6.5,71.4,15.7,1.262,0.0,0.0,18.9
2025-04-15 20:00:00,20,4,18.9,35.3,15.2,1.209,0.0,0.0,23.9
2025-04-15 21:00:00,21,4,29.4,17.3,12.8,1.167,0.0,0.0,15.0
2025-04-15 22:00:00,22,4,26.6,8.8,37.6,1.178,0.0,0.0,54.2
2025-04-15 23:00:00,23,4,19.5,68.0,23.6,1.206,0.0,0.0,33.8
2025-04-16 00:00:00,0,4,21.8,65.1,16.7,1.197,0.0,0.0,28.6
2025-04-16 01:00:00,1,4,31.5,44.7,42.4,1.159,0.0,0.0,64.1
2025-04-16 02:00:00,2,4,29.9,81.6,34.7,1.165,0.0,0.0,43.9
2025-04-16 03:00:00,3,4,25.0,48.5,31.5,1.184,0.0,0.0,46.7
2025-04-16 04:00:00,4,4,30.4,46.2,33.9,1.163,0.0,0.0,51.0
2025-04-16 05:00:00,5,4,17.6,81.2,41.9,1.214,0.0,0.0,55.7
2025-04-16 06:00:00,6,4,28.4,96.9,19.5,1.171,0.0,0.0,24.7
2025-04-16 07:00:00,7,4,21.3,94.2,21.1,1.199,0.0,0.0,25.9
2025-04-16 08:00:00,8,4,36.6,34.3,17.7,1.14,1.6,23.4,20.6
2025-04-16 09:00:00,9,4,-0.3,88.2,40.8,1.294,0.6,0.0,57.0
2025-04-16 10:00:00,10,4,32.1,27.8,31.8,1.156,5.3,116.6,37.8
2025-04-16 11:00:00,11,4,32.3,47.2,26.3,1.156,6.0,125.2,37.7
2025-04-16 12:00:00,12,4,40.5,19.1,25.0,1.125,9.0,214.7,31.2
2025-04-16 13:00:00,13,4,26.4,0.3,38.2,1.178,8.3,210.8,52.0
2025-04-16 14:00:00,14,4,38.4,13.9,22.5,1.133,6.0,138.7,26.4
2025-04-16 15:00:00,15,4,26.7,0.9,44.7,1.177,5.0,132.2,62.0
2025-04-16 16:00:00,16,4,20.7,59.2,28.3,1.201,0.4,0.0,37.5
2025-04-16 17:00:00,17,4,32.9,27.1,30.7,1.153,0.3,0.0,41.9
2025-04-16 18:00:00,18,4,33.1,65.9,31.0,1.153,0.0,0.0,42.8
2025-04-16 19:00:00,19,4,43.2,46.6,6.6,1.116,0.0,0.0,4.7
2025-04-16 20:00:00,20,4,21.4,72.3,45.0,1.198,0.0,0.0,61.3
2025-04-16 21:00:00,21,4,18.8,73.0,36.9,1.209,0.0,0.0,49.7
2025-04-16 22:00:00,22,4,21.7,65.2,26.6,1.197,0.0,0.0,36.4
2025-04-16 23:00:00,23,4,32.7,98.6,30.4,1.154,0.0,0.0,39.9
2025-04-17 00:00:00,0,4,31.6,4.3,31.0,1.158,0.0,0.0,42.2
2025-04-17 01:00:00,1,4,28.1,57.9,39.3,1.172,0.0,0.0,51.1
2025-04-17 02:00:00,2,4,26.9,26.2,19.3,1.176,0.0,0.0,29.1
2025-04-17 03:00:00,3,4,23.6,36.3,33.9,1.19,0.0,0.0,43.9
2025-04-17 04:00:00,4,4,24.1,1.0,33.9,1.188,0.0,0.0,46.5
2025-04-17 05:00:00,5,4,9.5,33.1,9.6,1.249,0.0,0.0,10.5
2025-04-17 06:00:00,6,4,35.0,80.4,36.6,1.146,0.0,0.0,52.2
2025-04-17 07:00:00,7,4,18.5,8.8,23.5,1.21,1.2,22.1,34.5
2025-04-17 08:00:00,8,4,19.1,98.4,12.4,1.208,0.0,0.0,15.1
2025-04-17 09:00:00,9,4,21.3,93.8,13.9,1.199,0.3,0.0,23.2
2025-04-17 10:00:00,10,4,26.5,68.9,16.6,1.178,3.2,49.4,26.6
2025-04-17 11:00:00,11,4,27.2,31.8,13.8,1.175,6.7,145.7,15.5
2025-04-17 12:00:00,12,4,38.8,94.0,13.6,1.132,5.3,83.5,13.7
2025-04-17 13:00:00,13,4,26.2,40.7,10.6,1.179,6.3,138.3,17.6
2025-04-17 14:00:00,14,4,22.2,81.4,34.2,1.195,2.6,24.6,44.9
2025-04-17 15:00:00,15,4,32.2,82.8,9.0,1.156,0.9,0.0,9.9
2025-04-17 16:00:00,16,4,28.4,70.0,34.9,1.171,0.0,0.0,46.9
2025-04-17 17:00:00,17,4,20.6,29.3,39.8,1.202,0.2,0.0,55.4
2025-04-17 18:00:00,18,4,16.8,94.0,18.6,1.217,0.0,0.0,26.4
2025-04-17 19:00:00,19,4,15.2,71.0,36.8,1.224,0.0,0.0,49.5
2025-04-17 20:00:00,20,4,21.1,37.5,6.4,1.2,0.0,0.0,9.3
2025-04-17 21:00:00,21,4,23.3,72.1,16.4,1.191,0.0,0.0,16.8
2025-04-17 22:00:00,22,4,24.3,1.8,27.6,1.187,0.0,1.3,40.4
2025-04-17 23:00:00,23,4,31.5,91.6,13.0,1.159,0.0,0.0,15.7
2025-04-18 00:00:00,0,4,30.8,54.2,18.7,1.161,0.0,0.0,25.7
2025-04-18 01:00:00,1,4,21.0,46.0,44.9,1.2,0.0,0.0,63.2
2025-04-18 02:00:00,2,4,12.3,65.2,23.6,1.237,0.0,0.0,34.4
2025-04-18 03:00:00,3,4,31.7,40.7,26.5,1.158,0.0,0.0,34.0
2025-04-18 04:00:00,4,4,25.9,2.2,41.7,1.18,0.0,0.0,59.6
2025-04-18 05:00:00,5,4,16.8,26.1,32.7,1.217,0.0,0.0,44.5
2025-04-18 06:00:00,6,4,31.5,36.2,21.5,1.159,0.0,0.0,27.9
2025-04-18 07:00:00,7,4,34.9,36.6,31.9,1.146,0.0,0.0,47.0
2025-04-18 08:00:00,8,4,17.1,58.5,15.1,1.216,0.4,0.0,21.4
2025-04-18 09:00:00,9,4,21.9,91.6,31.9,1.196,0.4,0.0,49.1
2025-04-18 10:00:00,10,4,18.9,58.8,41.5,1.209,3.7,65.7,56.4
2025-04-18 11:00:00,11,4,18.0,96.3,15.2,1.212,3.5,41.2,23.3
2025-04-18 12:00:00,12,4,24.4,17.8,12.5,1.186,9.1,221.2,17.2
2025-04-18 13:00:00,13,4,28.4,99.1,40.9,1.171,3.4,45.1,55.6
2025-04-18 14:00:00,14,4,22.5,83.2,17.2,1.194,2.5,22.5,19.1
2025-04-18 15:00:00,15,4,11.1,19.7,17.9,1.242,4.0,87.7,23.2
2025-04-18 16:00:00,16,4,25.2,60.0,11.7,1.183,0.3,0.0,12.5
2025-04-18 17:00:00,17,4,17.5,25.0,29.9,1.214,0.4,0.0,41.4
2025-04-18 18:00:00,18,4,35.5,25.7,12.3,1.144,0.0,0.0,17.3
2025-04-18 19:00:00,19,4,31.2,22.4,36.0,1.16,0.0,0.0,49.4
2025-04-18 20:00:00,20,4,25.1,26.0,21.0,1.184,0.0,0.0,29.4
2025-04-18 21:00:00,21,4,42.9,59.6,25.1,1.117,0.0,0.0,35.8
2025-04-18 22:00:00,22,4,11.2,56.7,11.6,1.241,0.0,0.0,14.7
2025-04-18 23:00:00,23,4,19.9,83.6,21.6,1.205,0.0,0.0,31.5
2025-04-19 00:00:00,0,4,24.8,47.2,36.4,1.185,0.0,0.0,53.6
2025-04-19 01:00:00,1,4,35.3,32.1,13.7,1.144,0.0,0.0,22.1
2025-04-19 02:00:00,2,4,32.2,50.0,5.6,1.156,0.0,0.0,4.6
2025-04-19 03:00:00,3,4,9.0,21.9,33.1,1.251,0.0,0.0,43.7
2025-04-19 04:00:00,4,4,17.4,23.1,37.2,1.215,0.0,0.0,55.1
2025-04-19 05:00:00,5,4,33.8,92.7,42.4,1.15,0.0,0.0,59.0
2025-04-19 06:00:00,6,4,16.7,40.7,13.0,1.218,0.0,0.0,18.0
2025-04-19 07:00:00,7,4,21.9,69.8,23.6,1.196,0.0,0.0,27.7
2025-04-19 08:00:00,8,4,20.5,13.9,26.2,1.202,2.6,63.1,34.6
2025-04-19 09:00:00,9,4,27.4,48.5,35.8,1.174,2.6,48.5,48.6
2025-04-19 10:00:00,10,4,26.9,35.1,35.1,1.176,4.9,116.8,54.4
2025-04-19 11:00:00,11,4,39.0,52.0,40.8,1.131,5.7,118.6,58.6
2025-04-19 12:00:00,12,4,44.0,66.0,13.0,1.113,6.7,133.1,11.8
2025-04-19 13:00:00,13,4,39.9,72.6,20.1,1.128,4.7,77.0,29.6
2025-04-19 14:00:00,14,4,16.9,74.8,35.6,1.217,2.9,22.4,50.3
2025-04-19 15:00:00,15,4,18.1,24.1,17.1,1.212,3.8,86.8,25.0
2025-04-19 16:00:00,16,4,41.3,83.2,22.6,1.123,0.0,0.0,28.6
2025-04-19 17:00:00,17,4,33.4,40.3,44.5,1.151,0.0,0.0,62.7
2025-04-19 18:00:00,18,4,16.6,97.2,44.1,1.218,0.0,0.0,66.6
2025-04-19 19:00:00,19,4,29.4,24.8,24.3,1.167,0.0,0.0,30.9
2025-04-19 20:00:00,20,4,31.5,66.9,19.0,1.159,0.0,0.0,20.5
2025-04-19 21:00:00,21,4,12.8,61.7,43.5,1.234,0.0,0.0,62.1
2025-04-19 22:00:00,22,4,35.9,30.4,10.0,1.142,0.0,0.0,10.4
2025-04-19 23:00:00,23,4,6.8,53.7,39.5,1.261,0.0,0.0,56.7
2025-04-20 00:00:00,0,4,23.0,42.5,29.2,1.192,0.0,0.0,38.6
2025-04-20 01:00:00,1,4,21.8,29.4,35.6,1.197,0.0,0.0,48.3
2025-04-20 02:00:00,2,4,25.8,58.7,11.1,1.181,0.0,0.0,10.4
2025-04-20 03:00:00,3,4,29.4,83.0,34.0,1.167,0.0,0.0,44.5
2025-04-20 04:00:00,4,4,18.0,61.8,38.9,1.212,0.0,0.0,55.2
2025-04-20 05:00:00,5,4,22.5,67.2,14.5,1.194,0.0,0.0,15.9
2025-04-20 06:00:00,6,4,31.5,23.7,11.0,1.159,0.0,0.0,10.7
2025-04-20 07:00:00,7,4,32.3,90.6,13.1,1.156,0.0,0.0,17.7
2025-04-20 08:00:00,8,4,29.9,15.9,18.9,1.165,2.5,57.3,21.2
2025-04-20 09:00:00,9,4,26.9,97.6,6.6,1.176,0.1,0.0,10.0
2025-04-20 10:00:00,10,4,27.9,98.0,7.6,1.173,1.8,0.0,11.0
2025-04-20 11:00:00,11,4,27.0,70.3,25.7,1.176,4.8,80.7,35.2
2025-04-20 12:00:00,12,4,35.1,84.2,33.4,1.145,5.8,103.7,44.3
2025-04-20 13:00:00,13,4,6.6,92.1,31.9,1.262,3.7,50.5,46.8
2025-04-20 14:00:00,14,4,28.0,21.5,36.0,1.172,5.6,122.4,51.0
2025-04-20 15:00:00,15,4,32.1,39.9,32.3,1.156,3.0,56.1,43.2
2025-04-20 16:00:00,16,4,25.2,66.6,19.5,1.183,0.0,0.0,27.8
2025-04-20 17:00:00,17,4,32.7,65.4,44.6,1.154,0.0,0.0,65.6
2025-04-20 18:00:00,18,4,24.1,32.9,33.2,1.188,0.0,0.0,46.5
2025-04-20 19:00:00,19,4,20.3,16.1,29.4,1.203,0.0,0.0,35.9
2025-04-20 20:00:00,20,4,24.2,68.8,13.9,1.187,0.0,0.0,17.0
2025-04-20 21:00:00,21,4,18.1,50.5,44.2,1.212,0.0,0.0,67.6
2025-04-20 22:00:00,22,4,20.9,61.9,30.0,1.2,0.0,0.0,40.6
2025-04-20 23:00:00,23,4,17.8,31.5,36.8,1.213,0.0,0.0,51.8
2025-04-21 00:00:00,0,4,29.9,13.4,42.6,1.165,0.0,0.0,64.9
2025-04-21 01:00:00,1,4,24.9,11.1,31.5,1.184,0.0,0.0,45.2
2025-04-21 02:00:00,2,4,18.9,24.2,23.9,1.209,0.0,0.0,34.6
2025-04-21 03:00:00,3,4,21.8,49.9,38.3,1.197,0.0,0.0,51.9
2025-04-21 04:00:00,4,4,43.6,10.4,36.2,1.114,0.0,0.0,51.4
2025-04-21 05:00:00,5,4,18.3,37.9,44.4,1.211,0.0,0.0,62.0
2025-04-21 06:00:00,6,4,21.7,27.5,37.0,1.197,0.0,0.0,50.6
2025-04-21 07:00:00,7,4,21.6,93.6,14.3,1.198,0.0,0.0,15.0
2025-04-21 08:00:00,8,4,31.5,52.4,23.0,1.159,0.7,0.0,28.8
2025-04-21 09:00:00,9,4,30.4,20.0,39.1,1.163,4.0,82.1,54.6
2025-04-21 10:00:00,10,4,11.7,89.9,28.3,1.239,2.2,19.7,38.6
2025-04-21 11:00:00,11,4,29.2,27.0,25.9,1.167,7.0,160.1,35.9
2025-04-21 12:00:00,12,4,25.2,54.6,32.4,1.183,7.3,158.4,47.7
2025-04-21 13:00:00,13,4,32.2,85.6,41.6,1.156,4.1,62.6,62.0
2025-04-21 14:00:00,14,4,17.0,74.8,17.8,1.217,2.9,30.1,17.5
2025-04-21 15:00:00,15,4,29.4,85.9,19.9,1.167,0.7,0.0,25.6
2025-04-21 16:00:00,16,4,27.8,72.6,23.3,1.173,0.0,0.0,35.4
2025-04-21 17:00:00,17,4,22.5,37.2,44.3,1.194,0.0,0.0,65.0
2025-04-21 18:00:00,18,4,20.6,27.2,38.4,1.202,0.0,0.0,54.9
2025-04-21 19:00:00,19,4,17.3,34.6,42.3,1.215,0.0,0.0,58.9
2025-04-21 20:00:00,20,4,25.4,59.9,18.0,1.182,0.0,0.0,22.7
2025-04-21 21:00:00,21,4,6.9,5.9,31.0,1.26,0.0,0.4,44.2
2025-04-21 22:00:00,22,4,35.2,61.7,41.3,1.145,0.0,0.0,55.4
2025-04-21 23:00:00,23,4,20.7,34.5,21.9,1.201,0.0,0.0,26.9
2025-04-22 00:00:00,0,4,15.8,65.6,45.0,1.222,0.0,0.0,66.0
2025-04-22 01:00:00,1,4,31.8,30.7,5.2,1.158,0.0,0.0,4.8
2025-04-22 02:00:00,2,4,19.8,83.4,11.9,1.205,0.0,0.0,10.5
2025-04-22 03:00:00,3,4,21.0,58.8,9.3,1.2,0.0,0.0,8.0
2025-04-22 04:00:00,4,4,29.0,94.8,19.3,1.168,0.0,0.0,27.4
2025-04-22 05:00:00,5,4,38.2,66.5,34.7,1.134,0.0,0.0,46.9
2025-04-22 06:00:00,6,4,38.4,59.6,7.4,1.133,0.0,0.0,6.3
2025-04-22 07:00:00,7,4,44.2,90.3,35.4,1.112,0.0,0.0,43.1
2025-04-22 08:00:00,8,4,34.5,64.0,44.8,1.147,0.1,0.0,62.4
2025-04-22 09:00:00,9,4,15.7,53.8,10.4,1.222,2.3,29.3,16.0
2025-04-22 10:00:00,10,4,23.5,58.2,41.4,1.19,3.8,65.8,56.0
2025-04-22 11:00:00,11,4,27.9,7.1,41.2,1.173,8.0,207.1,60.1
2025-04-22 12:00:00,12,4,27.8,18.6,21.3,1.173,9.1,223.1,29.8
2025-04-22 13:00:00,13,4,20.8,5.9,16.8,1.201,8.0,204.0,26.7
2025-04-22 14:00:00,14,4,36.0,97.7,19.2,1.142,1.8,0.0,23.0
2025-04-22 15:00:00,15,4,33.8,31.4,28.8,1.15,3.4,64.9,41.1
2025-04-22 16:00:00,16,4,9.6,70.8,28.3,1.248,0.0,0.0,39.6
2025-04-22 17:00:00,17,4,34.0,47.1,42.0,1.149,0.0,0.0,62.2
2025-04-22 18:00:00,18,4,21.7,43.1,13.4,1.197,0.0,0.0,17.9
2025-04-22 19:00:00,19,4,20.3,64.0,22.3,1.203,0.0,0.0,30.9
2025-04-22 20:00:00,20,4,14.7,38.9,42.8,1.226,0.0,0.0,61.2
2025-04-22 21:00:00,21,4,34.1,18.7,27.4,1.149,0.0,0.0,44.5
2025-04-22 22:00:00,22,4,15.6,31.1,24.2,1.222,0.0,0.0,36.0
2025-04-22 23:00:00,23,4,20.8,58.7,43.4,1.201,0.0,0.0,54.1
2025-04-23 00:00:00,0,4,21.9,50.8,5.7,1.196,0.0,0.0,7.9
2025-04-23 01:00:00,1,4,17.5,66.6,42.8,1.214,0.0,0.0,65.7
2025-04-23 02:00:00,2,4,24.9,88.5,19.3,1.184,0.0,0.0,22.9
2025-04-23 03:00:00,3,4,22.4,40.3,13.3,1.194,0.0,0.0,16.4
2025-04-23 04:00:00,4,4,31.6,82.6,12.0,1.158,0.0,0.0,16.2
2025-04-23 05:00:00,5,4,25.6,55.5,16.1,1.182,0.0,0.0,20.3
2025-04-23 06:00:00,6,4,27.8,93.6,6.1,1.173,0.0,0.0,3.2
2025-04-23 07:00:00,7,4,35.2,10.1,10.2,1.145,1.2,23.7,8.4
2025-04-23 08:00:00,8,4,22.9,97.4,6.8,1.192,0.0,0.0,5.0
2025-04-23 09:00:00,9,4,22.7,76.4,24.6,1.193,1.2,0.0,38.9
2025-04-23 10:00:00,10,4,29.3,69.6,41.9,1.167,3.2,42.1,60.3
2025-04-23 11:00:00,11,4,30.7,92.6,17.6,1.162,3.7,43.2,24.1
2025-04-23 12:00:00,12,4,33.9,27.5,17.1,1.15,8.6,202.4,24.7
2025-04-23 13:00:00,13,4,22.3,79.7,24.9,1.195,4.3,74.4,32.9
2025-04-23 14:00:00,14,4,23.7,46.1,24.2,1.189,4.4,90.3,39.9
2025-04-23 15:00:00,15,4,27.9,40.4,35.2,1.173,3.0,52.8,53.2
2025-04-23 16:00:00,16,4,23.9,11.0,38.8,1.188,2.8,59.8,55.4
2025-04-23 17:00:00,17,4,29.5,88.3,29.0,1.166,0.0,0.0,40.4
2025-04-23 18:00:00,18,4,16.0,80.9,24.6,1.221,0.0,0.0,32.9
2025-04-23 19:00:00,19,4,23.7,59.3,25.6,1.189,0.0,0.0,36.0
2025-04-23 20:00:00,20,4,28.2,37.4,21.6,1.171,0.0,0.0,33.4
2025-04-23 21:00:00,21,4,16.2,94.4,22.7,1.22,0.0,0.0,32.7
2025-04-23 22:00:00,22,4,36.8,54.7,32.1,1.139,0.0,0.0,43.8
2025-04-23 23:00:00,23,4,30.5,8.5,35.0,1.162,0.0,4.3,48.8
2025-04-24 00:00:00,0,4,26.2,9.1,14.5,1.179,0.0,0.0,17.6
2025-04-24 01:00:00,1,4,27.7,24.3,35.1,1.173,0.0,0.0,53.0
2025-04-24 02:00:00,2,4,23.8,38.7,8.9,1.189,0.0,0.0,10.9
2025-04-24 03:00:00,3,4,13.0,1.9,34.2,1.234,0.0,0.0,48.2
2025-04-24 04:00:00,4,4,25.8,9.8,5.6,1.181,0.0,0.0,1.9
2025-04-24 05:00:00,5,4,19.9,97.1,8.8,1.205,0.0,0.0,16.2
2025-04-24 06:00:00,6,4,25.9,44.6,13.9,1.18,0.0,0.0,19.9
2025-04-24 07:00:00,7,4,24.1,36.7,20.8,1.188,0.0,0.0,27.2
2025-04-24 08:00:00,8,4,25.6,13.5,35.9,1.182,2.7,61.6,53.7
2025-04-24 09:00:00,9,4,29.6,34.8,39.4,1.166,3.3,62.7,56.2
2025-04-24 10:00:00,10,4,36.6,15.8,38.7,1.14,5.9,137.5,50.9
2025-04-24 11:00:00,11,4,29.3,47.6,43.4,1.167,6.0,119.8,58.9
2025-04-24 12:00:00,12,4,24.4,30.8,27.1,1.186,8.5,202.7,35.0
2025-04-24 13:00:00,13,4,27.4,7.5,41.6,1.174,8.0,201.0,62.9
2025-04-24 14:00:00,14,4,32.6,48.5,16.3,1.154,4.2,87.2,20.7
2025-04-24 15:00:00,15,4,31.3,30.9,7.0,1.159,3.5,85.5,5.6
2025-04-24 16:00:00,16,4,36.0,40.4,24.2,1.142,1.3,9.5,37.5
2025-04-24 17:00:00,17,4,15.3,77.2,34.4,1.224,0.0,0.0,49.4
2025-04-24 18:00:00,18,4,17.6,34.9,26.2,1.214,0.0,0.0,35.6
2025-04-24 19:00:00,19,4,16.4,82.2,43.5,1.219,0.0,0.0,64.9
2025-04-24 20:00:00,20,4,20.7,0.8,14.5,1.201,0.0,0.0,19.7
2025-04-24 21:00:00,21,4,34.3,3.9,29.1,1.148,0.0,2.9,44.1
2025-04-24 22:00:00,22,4,18.9,10.1,8.7,1.209,0.0,0.0,8.7
2025-04-24 23:00:00,23,4,24.2,6.6,14.6,1.187,0.0,0.0,17.4
2025-04-25 00:00:00,0,4,26.7,3.9,33.6,1.177,0.0,0.0,44.7
2025-04-25 01:00:00,1,4,21.0,42.8,41.2,1.2,0.0,0.0,63.6
2025-04-25 02:00:00,2,4,21.7,14.1,43.4,1.197,0.0,0.0,65.9
2025-04-25 03:00:00,3,4,29.0,17.4,32.2,1.168,0.0,0.0,46.9
2025-04-25 04:00:00,4,4,32.5,36.3,12.8,1.155,0.0,0.0,19.3
2025-04-25 05:00:00,5,4,23.8,45.9,15.2,1.189,0.0,0.0,20.6
2025-04-25 06:00:00,6,4,24.3,42.1,9.1,1.187,0.0,0.0,7.5
2025-04-25 07:00:00,7,4,36.1,83.0,34.3,1.141,0.0,0.0,46.5
2025-04-25 08:00:00,8,4,27.9,68.6,25.2,1.173,0.0,0.0,37.0
2025-04-25 09:00:00,9,4,26.9,79.5,20.5,1.176,1.0,0.0,25.0
2025-04-25 10:00:00,10,4,27.6,42.1,41.7,1.174,4.6,100.6,56.4
2025-04-25 11:00:00,11,4,18.6,47.2,24.7,1.21,6.0,125.7,35.1
2025-04-25 12:00:00,12,4,33.5,52.4,12.1,1.151,7.4,160.5,17.6
2025-04-25 13:00:00,13,4,27.5,90.3,31.9,1.174,3.8,53.7,42.9
2025-04-25 14:00:00,14,4,38.0,44.8,19.4,1.134,4.4,85.2,27.9
2025-04-25 15:00:00,15,4,28.0,89.5,43.6,1.172,0.5,0.0,61.7
2025-04-25 16:00:00,16,4,10.0,3.2,41.8,1.247,3.2,80.5,64.0
2025-04-25 17:00:00,17,4,24.1,36.9,21.6,1.188,0.0,0.0,32.0
2025-04-25 18:00:00,18,4,30.1,57.8,11.5,1.164,0.0,0.0,8.5
2025-04-25 19:00:00,19,4,35.6,41.5,12.0,1.143,0.0,0.0,16.0
2025-04-25 20:00:00,20,4,21.6,31.6,23.7,1.198,0.0,0.0,35.7
2025-04-25 21:00:00,21,4,15.5,68.4,35.4,1.223,0.0,0.0,57.5
2025-04-25 22:00:00,22,4,14.3,52.6,44.4,1.228,0.0,0.0,56.9
2025-04-25 23:00:00,23,4,35.7,72.7,22.4,1.143,0.0,0.0,30.1
2025-04-26 00:00:00,0,4,13.2,52.7,17.8,1.233,0.0,0.0,27.2
2025-04-26 01:00:00,1,4,30.3,41.5,15.2,1.163,0.0,0.0,18.1
2025-04-26 02:00:00,2,4,27.2,79.6,28.7,1.175,0.0,0.0,37.7
2025-04-26 03:00:00,3,4,37.7,17.6,30.2,1.136,0.0,0.0,34.7
2025-04-26 04:00:00,4,4,15.8,49.0,17.4,1.222,0.0,0.0,27.5
2025-04-26 05:00:00,5,4,22.5,67.1,35.6,1.194,0.0,0.0,56.8
2025-04-26 06:00:00,6,4,26.4,14.3,36.8,1.178,0.0,0.0,49.8
2025-04-26 07:00:00,7,4,33.5,52.6,39.0,1.151,0.0,0.0,52.0
2025-04-26 08:00:00,8,4,25.1,68.5,20.3,1.184,0.0,0.0,28.7
2025-04-26 09:00:00,9,4,17.0,12.4,29.6,1.217,4.4,96.8,43.9
2025-04-26 10:00:00,10,4,27.9,8.1,24.7,1.173,6.3,156.3,34.5
2025-04-26 11:00:00,11,4,21.6,38.1,39.1,1.198,6.4,141.5,55.1
2025-04-26 12:00:00,12,4,27.5,5.8,24.1,1.174,9.7,233.6,32.9
2025-04-26 13:00:00,13,4,23.1,79.9,20.7,1.192,4.3,73.4,32.7
2025-04-26 14:00:00,14,4,29.0,4.1,33.9,1.168,6.5,161.2,47.2
2025-04-26 15:00:00,15,4,30.7,56.4,6.4,1.162,2.2,25.0,9.9
2025-04-26 16:00:00,16,4,40.9,67.7,14.8,1.124,0.0,0.0,21.4
2025-04-26 17:00:00,17,4,20.2,82.2,15.1,1.203,0.0,0.0,25.7
2025-04-26 18:00:00,18,4,25.1,10.1,12.8,1.184,0.0,0.0,16.1
2025-04-26 19:00:00,19,4,34.5,23.6,31.5,1.147,0.0,0.0,43.2
2025-04-26 20:00:00,20,4,25.6,0.2,23.3,1.182,0.0,0.0,29.9
2025-04-26 21:00:00,21,4,31.2,21.1,37.3,1.16,0.0,0.0,53.4
2025-04-26 22:00:00,22,4,14.3,18.4,37.4,1.228,0.0,0.0,51.7
2025-04-26 23:00:00,23,4,23.6,5.6,40.9,1.19,0.0,0.0,55.7
2025-04-27 00:00:00,0,4,38.1,34.9,7.2,1.134,0.0,0.0,9.3
2025-04-27 01:00:00,1,4,20.0,33.7,13.8,1.204,0.0,0.0,18.0
2025-04-27 02:00:00,2,4,21.2,68.7,20.5,1.199,0.0,0.0,26.5
2025-04-27 03:00:00,3,4,26.0,49.3,10.7,1.18,0.0,0.0,9.2
2025-04-27 04:00:00,4,4,21.4,5.2,9.4,1.198,0.0,0.0,11.1
2025-04-27 05:00:00,5,4,47.6,69.7,41.3,1.101,0.0,0.0,58.7
2025-04-27 06:00:00,6,4,47.2,44.1,44.4,1.102,0.0,0.0,64.5
2025-04-27 07:00:00,7,4,16.5,49.2,38.7,1.219,0.0,0.0,53.0
2025-04-27 08:00:00,8,4,27.0,35.4,8.0,1.176,1.6,18.1,11.0
2025-04-27 09:00:00,9,4,31.8,53.2,36.3,1.158,2.3,27.2,52.0
2025-04-27 10:00:00,10,4,37.8,46.9,13.0,1.135,4.3,83.5,18.4
2025-04-27 11:00:00,11,4,15.5,50.9,28.7,1.223,5.8,110.0,40.1
2025-04-27 12:00:00,12,4,18.2,0.4,43.0,1.212,10.0,248.4,59.6
2025-04-27 13:00:00,13,4,15.2,51.9,6.0,1.224,5.7,117.3,4.3
2025-04-27 14:00:00,14,4,26.4,51.3,18.6,1.178,4.1,70.0,26.3
2025-04-27 15:00:00,15,4,12.3,30.8,12.2,1.237,3.5,82.0,10.6
2025-04-27 16:00:00,16,4,27.7,38.1,25.8,1.173,1.4,22.1,32.8
2025-04-27 17:00:00,17,4,28.2,55.0,33.8,1.171,0.0,0.0,44.9
2025-04-27 18:00:00,18,4,30.7,32.8,31.7,1.162,0.0,0.0,42.6
2025-04-27 19:00:00,19,4,31.6,27.4,34.1,1.158,0.0,0.0,51.0
2025-04-27 20:00:00,20,4,15.8,67.6,16.2,1.222,0.0,0.0,21.9
2025-04-27 21:00:00,21,4,14.4,57.8,38.8,1.228,0.0,0.0,52.9
2025-04-27 22:00:00,22,4,27.0,32.7,8.5,1.176,0.0,0.0,9.7
2025-04-27 23:00:00,23,4,28.3,33.9,28.0,1.171,0.0,0.0,37.1
2025-04-28 00:00:00,0,4,26.2,7.7,7.3,1.179,0.0,0.0,7.4
2025-04-28 01:00:00,1,4,14.8,44.2,10.2,1.226,0.0,0.0,11.2
2025-04-28 02:00:00,2,4,17.0,67.3,42.7,1.217,0.0,0.0,64.2
2025-04-28 03:00:00,3,4,38.8,1.8,40.6,1.132,0.0,0.0,55.9
2025-04-28 04:00:00,4,4,17.1,46.2,37.0,1.216,0.0,0.0,51.2
2025-04-28 05:00:00,5,4,27.4,30.1,6.8,1.174,0.0,0.0,7.3
2025-04-28 06:00:00,6,4,25.6,59.5,33.1,1.182,0.0,0.0,48.1
2025-04-28 07:00:00,7,4,31.7,92.9,42.1,1.158,0.0,0.0,60.4
2025-04-28 08:00:00,8,4,25.8,33.6,20.3,1.181,1.7,27.2,24.8
2025-04-28 09:00:00,9,4,19.9,1.5,8.2,1.205,4.9,113.1,17.8
2025-04-28 10:00:00,10,4,12.2,94.9,42.9,1.237,1.9,0.0,59.8
2025-04-28 11:00:00,11,4,24.2,50.2,15.1,1.187,5.8,110.0,23.7
2025-04-28 12:00:00,12,4,19.5,24.9,25.7,1.206,8.8,208.1,41.8
2025-04-28 13:00:00,13,4,19.7,45.1,27.2,1.205,6.1,134.4,36.1
2025-04-28 14:00:00,14,4,29.0,6.8,9.5,1.168,6.3,159.9,13.6
2025-04-28 15:00:00,15,4,16.7,74.3,29.3,1.218,1.3,0.0,43.8
2025-04-28 16:00:00,16,4,26.6,70.4,17.1,1.178,0.0,0.0,19.8
2025-04-28 17:00:00,17,4,34.5,46.9,32.8,1.147,0.0,0.0,39.7
2025-04-28 18:00:00,18,4,22.3,17.7,35.6,1.195,0.0,0.0,48.4
2025-04-28 19:00:00,19,4,23.8,87.7,40.8,1.189,0.0,0.0,57.8
2025-04-28 20:00:00,20,4,15.9,21.6,33.2,1.221,0.0,0.0,45.4
2025-04-28 21:00:00,21,4,19.4,98.4,33.1,1.207,0.0,0.0,47.8
2025-04-28 22:00:00,22,4,25.1,13.2,25.1,1.184,0.0,0.0,35.4
2025-04-28 23:00:00,23,4,23.9,8.2,21.5,1.188,0.0,0.0,34.0
2025-04-29 00:00:00,0,4,13.9,6.8,32.3,1.23,0.0,1.5,42.4
2025-04-29 01:00:00,1,4,19.9,29.3,5.3,1.205,0.0,0.0,7.1
2025-04-29 02:00:00,2,4,16.7,25.0,16.4,1.218,0.0,0.0,23.0
2025-04-29 03:00:00,3,4,21.7,98.0,39.9,1.197,0.0,0.0,56.0
2025-04-29 04:00:00,4,4,15.7,5.0,20.1,1.222,0.0,4.7,24.9
2025-04-29 05:00:00,5,4,26.4,93.4,43.7,1.178,0.0,0.0,64.6
2025-04-29 06:00:00,6,4,17.3,62.0,26.1,1.215,0.0,0.0,37.7
2025-04-29 07:00:00,7,4,26.0,75.4,36.6,1.18,0.0,0.0,50.2
2025-04-29 08:00:00,8,4,24.1,75.4,40.8,1.188,0.0,0.0,59.7
2025-04-29 09:00:00,9,4,33.1,4.7,35.9,1.153,4.8,108.7,51.6
2025-04-29 10:00:00,10,4,38.8,91.0,40.7,1.132,2.1,4.3,52.9
2025-04-29 11:00:00,11,4,16.0,85.6,41.4,1.221,4.1,68.9,56.9
2025-04-29 12:00:00,12,4,33.8,79.0,12.5,1.15,6.0,107.7,19.9
2025-04-29 13:00:00,13,4,27.3,9.8,25.6,1.175,7.8,190.9,37.4
2025-04-29 14:00:00,14,4,29.1,74.7,34.4,1.168,2.9,34.6,48.8
2025-04-29 15:00:00,15,4,30.0,0.2,44.1,1.164,5.0,115.9,65.6
2025-04-29 16:00:00,16,4,19.2,74.9,40.0,1.207,0.0,0.0,59.6
2025-04-29 17:00:00,17,4,23.7,64.7,16.3,1.189,0.0,0.0,16.5
2025-04-29 18:00:00,18,4,35.4,35.5,18.3,1.144,0.0,0.0,26.7
2025-04-29 19:00:00,19,4,12.8,12.8,16.8,1.234,0.0,0.0,20.6
2025-04-29 20:00:00,20,4,21.7,92.3,13.5,1.197,0.0,0.0,16.5
2025-04-29 21:00:00,21,4,25.2,0.1,11.2,1.183,0.0,0.0,13.9
2025-04-29 22:00:00,22,4,30.6,26.8,33.8,1.162,0.0,0.0,46.0
2025-04-29 23:00:00,23,4,28.7,67.9,42.9,1.169,0.0,0.0,66.2
2025-04-30 00:00:00,0,4,25.1,62.3,42.2,1.184,0.0,0.0,59.2
2025-04-30 01:00:00,1,4,38.0,6.8,14.5,1.134,0.0,0.0,17.5
2025-04-30 02:00:00,2,4,26.0,85.9,13.1,1.18,0.0,0.0,20.1
2025-04-30 03:00:00,3,4,31.2,15.8,11.2,1.16,0.0,0.0,11.1
2025-04-30 04:00:00,4,4,33.7,95.4,31.6,1.15,0.0,0.0,45.2
2025-04-30 05:00:00,5,4,10.4,57.3,34.4,1.245,0.0,0.0,48.0
2025-04-30 06:00:00,6,4,27.9,92.6,14.6,1.173,0.0,0.0,21.4
2025-04-30 07:00:00,7,4,24.0,81.3,24.7,1.188,0.0,0.0,35.3
2025-04-30 08:00:00,8,4,19.3,86.5,6.0,1.207,0.0,0.0,9.8
2025-04-30 09:00:00,9,4,37.1,2.6,8.3,1.138,4.9,125.2,6.2
2025-04-30 10:00:00,10,4,19.6,52.9,40.4,1.206,4.0,77.4,60.3
2025-04-30 11:00:00,11,4,25.3,57.4,29.8,1.183,5.5,109.9,44.5
2025-04-30 12:00:00,12,4,40.8,7.1,25.7,1.124,9.6,236.8,35.5
2025-04-30 13:00:00,13,4,9.4,26.3,24.1,1.249,7.0,149.7,34.1
2025-04-30 14:00:00,14,4,10.0,35.5,14.9,1.247,4.9,110.8,20.0
2025-04-30 15:00:00,15,4,6.6,77.9,37.5,1.262,1.1,0.0,56.8
2025-04-30 16:00:00,16,4,10.4,21.5,44.4,1.245,2.3,45.0,65.8
2025-04-30 17:00:00,17,4,8.0,36.7,40.4,1.256,0.0,0.0,55.6
2025-04-30 18:00:00,18,4,34.4,48.4,23.7,1.148,0.0,0.0,25.7
2025-04-30 19:00:00,19,4,22.4,56.6,35.9,1.194,0.0,0.0,47.6
2025-04-30 20:00:00,20,4,30.1,51.9,32.0,1.164,0.0,0.0,45.5
2025-04-30 21:00:00,21,4,19.3,83.6,40.5,1.207,0.0,0.0,66.0
2025-04-30 22:00:00,22,4,37.6,7.6,17.6,1.136,0.0,2.2,25.9
2025-04-30 23:00:00,23,4,32.6,57.2,11.6,1.154,0.0,0.0,14.7
2025-05-01 00:00:00,0,5,29.0,70.2,24.0,1.168,0.0,0.0,33.9
2025-05-01 01:00:00,1,5,33.1,60.1,33.6,1.153,0.0,0.0,45.1
2025-05-01 02:00:00,2,5,36.0,28.0,32.7,1.142,0.0,0.0,47.4
2025-05-01 03:00:00,3,5,13.6,50.5,26.6,1.231,0.0,0.0,39.2
2025-05-01 04:00:00,4,5,39.6,31.3,26.8,1.129,0.0,0.0,38.6
2025-05-01 05:00:00,5,5,26.1,92.8,36.9,1.18,0.0,0.0,52.1
2025-05-01 06:00:00,6,5,16.0,44.3,24.1,1.221,0.0,0.0,33.5
2025-05-01 07:00:00,7,5,27.9,21.4,12.1,1.173,0.6,0.0,9.6
2025-05-01 08:00:00,8,5,27.3,86.2,11.4,1.175,0.0,0.0,12.0
2025-05-01 09:00:00,9,5,12.6,58.8,40.3,1.235,2.1,21.0,58.3
2025-05-01 10:00:00,10,5,27.3,85.6,34.2,1.175,2.4,21.9,51.2
2025-05-01 11:00:00,11,5,10.7,34.1,12.3,1.244,6.6,149.5,10.0
2025-05-01 12:00:00,12,5,24.0,77.4,27.3,1.188,6.1,111.4,40.8
2025-05-01 13:00:00,13,5,24.6,56.1,26.7,1.186,5.5,117.6,34.9
2025-05-01 14:00:00,14,5,34.1,94.6,27.1,1.149,1.9,6.1,35.4
2025-05-01 15:00:00,15,5,30.1,99.7,34.4,1.164,0.0,0.0,46.7
2025-05-01 16:00:00,16,5,47.0,93.5,16.7,1.103,0.0,0.0,21.4
2025-05-01 17:00:00,17,5,15.8,88.5,40.3,1.222,0.0,0.0,59.8
2025-05-01 18:00:00,18,5,25.5,70.9,29.5,1.182,0.0,0.0,40.7
2025-05-01 19:00:00,19,5,21.1,39.4,21.7,1.2,0.0,0.0,30.1
2025-05-01 20:00:00,20,5,29.7,81.9,32.5,1.166,0.0,0.0,43.9
2025-05-01 21:00:00,21,5,20.4,97.1,31.4,1.202,0.0,0.0,47.2
2025-05-01 22:00:00,22,5,15.5,11.5,42.0,1.223,0.0,3.1,59.9
2025-05-01 23:00:00,23,5,11.6,50.9,43.0,1.24,0.0,0.0,60.8
2025-05-02 00:00:00,0,5,18.3,24.0,12.8,1.211,0.0,0.0,18.7
2025-05-02 01:00:00,1,5,18.4,15.4,41.1,1.211,0.0,0.0,56.4
2025-05-02 02:00:00,2,5,17.8,29.7,7.4,1.213,0.0,0.0,12.7
2025-05-02 03:00:00,3,5,25.8,44.5,22.3,1.181,0.0,0.0,31.9
2025-05-02 04:00:00,4,5,35.4,5.5,13.3,1.144,0.0,0.3,15.9
2025-05-02 05:00:00,5,5,44.0,61.5,7.1,1.113,0.0,0.0,12.5
2025-05-02 06:00:00,6,5,17.4,24.9,19.7,1.215,0.0,0.0,24.2
2025-05-02 07:00:00,7,5,23.7,71.1,34.9,1.189,0.0,0.0,49.8
2025-05-02 08:00:00,8,5,23.4,17.2,26.2,1.19,2.5,57.2,35.1
2025-05-02 09:00:00,9,5,14.0,53.7,36.1,1.229,2.3,31.1,54.5
2025-05-02 10:00:00,10,5,30.2,68.3,35.7,1.164,3.3,50.8,49.3
2025-05-02 11:00:00,11,5,31.4,50.7,6.8,1.159,5.8,124.5,8.2
2025-05-02 12:00:00,12,5,22.5,96.4,18.3,1.194,5.2,70.5,21.2
2025-05-02 13:00:00,13,5,30.1,55.2,42.2,1.164,5.6,116.9,62.7
2025-05-02 14:00:00,14,5,26.0,62.9,23.3,1.18,3.5,59.0,28.9
2025-05-02 15:00:00,15,5,27.4,48.5,29.5,1.174,2.6,40.1,41.2
2025-05-02 16:00:00,16,5,13.6,6.8,13.3,1.231,3.0,75.9,23.6
2025-05-02 17:00:00,17,5,15.8,81.4,5.3,1.222,0.0,0.0,9.8
2025-05-02 18:00:00,18,5,21.4,58.7,44.9,1.198,0.0,0.0,59.4
2025-05-02 19:00:00,19,5,18.5,36.6,7.5,1.21,0.0,0.0,7.9
2025-05-02 20:00:00,20,5,16.5,0.1,32.6,1.219,0.0,0.0,47.0
2025-05-02 21:00:00,21,5,21.0,1.0,22.8,1.2,0.0,0.0,32.5
2025-05-02 22:00:00,22,5,31.4,68.1,29.6,1.159,0.0,0.0,39.8
2025-05-02 23:00:00,23,5,24.0,81.7,12.6,1.188,0.0,0.0,17.0
2025-05-03 00:00:00,0,5,23.5,24.5,23.9,1.19,0.0,0.0,29.9
2025-05-03 01:00:00,1,5,19.5,25.0,36.4,1.206,0.0,0.0,51.0
2025-05-03 02:00:00,2,5,4.2,88.6,38.2,1.273,0.0,0.0,55.9
2025-05-03 03:00:00,3,5,18.5,89.3,30.9,1.21,0.0,0.0,45.0
2025-05-03 04:00:00,4,5,41.3,16.1,40.0,1.123,0.0,0.0,53.2
2025-05-03 05:00:00,5,5,27.2,93.4,36.3,1.175,0.0,0.0,49.3
2025-05-03 06:00:00,6,5,32.4,96.1,36.7,1.155,0.0,0.0,48.9
2025-05-03 07:00:00,7,5,14.2,50.8,36.9,1.228,0.0,0.0,60.5
2025-05-03 08:00:00,8,5,29.0,8.8,36.4,1.168,2.9,70.5,53.8
2025-05-03 09:00:00,9,5,21.6,52.9,18.0,1.198,2.4,31.1,23.3
2025-05-03 10:00:00,10,5,15.1,59.2,27.7,1.225,3.7,59.5,34.4
2025-05-03 11:00:00,11,5,25.0,64.9,42.8,1.184,5.1,94.2,61.7
2025-05-03 12:00:00,12,5,22.1,8.4,27.2,1.196,9.6,238.1,36.8
2025-05-03 13:00:00,13,5,27.0,42.5,21.3,1.176,6.2,133.6,27.3
2025-05-03 14:00:00,14,5,16.6,5.8,38.6,1.218,6.4,157.7,53.2
2025-05-03 15:00:00,15,5,38.0,28.2,25.8,1.134,3.6,75.1,35.3
2025-05-03 16:00:00,16,5,20.7,14.5,10.0,1.201,2.6,53.2,12.7
2025-05-03 17:00:00,17,5,24.0,11.4,18.4,1.188,1.1,20.7,21.0
2025-05-03 18:00:00,18,5,12.4,75.0,44.4,1.236,0.0,0.0,68.9
2025-05-03 19:00:00,19,5,14.0,88.2,40.2,1.229,0.0,0.0,59.0
2025-05-03 20:00:00,20,5,21.9,11.5,29.1,1.196,0.0,0.0,39.7
2025-05-03 21:00:00,21,5,36.2,90.0,9.0,1.141,0.0,0.0,5.5
2025-05-03 22:00:00,22,5,15.0,22.4,35.0,1.225,0.0,0.0,56.7
2025-05-03 23:00:00,23,5,12.2,49.3,35.8,1.237,0.0,0.0,50.5
2025-05-04 00:00:00,0,5,38.2,32.4,34.4,1.134,0.0,0.5,51.4
2025-05-04 01:00:00,1,5,19.3,40.6,19.4,1.207,0.0,0.0,23.2
2025-05-04 02:00:00,2,5,21.3,97.2,44.4,1.199,0.0,0.0,64.3
2025-05-04 03:00:00,3,5,21.8,28.2,15.8,1.197,0.0,0.0,19.1
2025-05-04 04:00:00,4,5,12.1,20.4,41.9,1.237,0.0,0.0,59.5
2025-05-04 05:00:00,5,5,22.0,67.9,31.3,1.196,0.0,0.0,39.6
2025-05-04 06:00:00,6,5,17.4,96.0,32.6,1.215,0.0,0.0,50.8
2025-05-04 07:00:00,7,5,33.0,55.4,15.7,1.153,0.0,0.0,18.9
2025-05-04 08:00:00,8,5,19.0,34.5,11.9,1.208,1.6,20.3,18.5
2025-05-04 09:00:00,9,5,30.7,53.5,28.6,1.162,2.3,35.8,43.1
2025-05-04 10:00:00,10,5,16.0,70.2,28.8,1.221,3.2,48.3,38.4
2025-05-04 11:00:00,11,5,20.2,8.3,44.2,1.203,7.9,193.4,62.8
2025-05-04 12:00:00,12,5,20.8,53.6,34.7,1.201,7.3,158.3,46.0
2025-05-04 13:00:00,13,5,39.5,77.1,36.7,1.129,4.5,79.0,51.8
2025-05-04 14:00:00,14,5,23.9,87.8,22.5,1.188,2.3,19.3,29.5
2025-05-04 15:00:00,15,5,31.0,93.5,15.4,1.161,0.3,0.0,17.8
2025-05-04 16:00:00,16,5,32.6,97.1,28.0,1.154,0.0,0.0,46.9
2025-05-04 17:00:00,17,5,33.4,86.3,26.0,1.151,0.0,0.0,33.8
2025-05-04 18:00:00,18,5,16.5,5.9,33.8,1.219,0.0,0.0,51.6
2025-05-04 19:00:00,19,5,20.0,53.0,5.8,1.204,0.0,0.0,3.0
2025-05-04 20:00:00,20,5,32.6,54.0,38.4,1.154,0.0,0.0,57.6
2025-05-04 21:00:00,21,5,37.2,46.5,27.8,1.137,0.0,0.0,35.8
2025-05-04 22:00:00,22,5,20.0,36.7,34.6,1.204,0.0,0.0,47.7
2025-05-04 23:00:00,23,5,24.2,75.2,30.6,1.187,0.0,0.0,41.7
2025-05-05 00:00:00,0,5,21.5,94.9,34.4,1.198,0.0,0.0,46.3
2025-05-05 01:00:00,1,5,18.2,22.6,29.1,1.212,0.0,0.0,40.3
2025-05-05 02:00:00,2,5,27.0,68.5,25.6,1.176,0.0,0.0,39.3
2025-05-05 03:00:00,3,5,25.2,17.0,37.5,1.183,0.0,0.0,57.4
2025-05-05 04:00:00,4,5,21.8,27.1,7.9,1.197,0.0,0.0,6.7
2025-05-05 05:00:00,5,5,21.2,61.5,5.3,1.199,0.0,0.0,4.7
2025-05-05 06:00:00,6,5,17.8,52.0,15.1,1.213,0.0,0.0,20.4
2025-05-05 07:00:00,7,5,17.5,90.9,11.7,1.214,0.0,0.0,17.9
2025-05-05 08:00:00,8,5,40.2,62.7,22.3,1.126,0.2,0.0,29.8
2025-05-05 09:00:00,9,5,10.7,49.5,31.3,1.244,2.5,36.9,46.2
2025-05-05 10:00:00,10,5,10.4,17.0,27.7,1.245,5.8,136.7,38.8
2025-05-05 11:00:00,11,5,35.9,30.1,39.2,1.142,6.8,162.2,56.9
2025-05-05 12:00:00,12,5,13.4,46.9,37.3,1.232,7.7,163.0,48.4
2025-05-05 13:00:00,13,5,20.0,23.4,14.7,1.204,7.2,177.6,21.2
2025-05-05 14:00:00,14,5,27.0,3.8,14.4,1.176,6.5,161.5,19.8
2025-05-05 15:00:00,15,5,14.8,84.0,30.6,1.226,0.8,0.0,41.8
2025-05-05 16:00:00,16,5,26.6,59.0,41.8,1.178,0.4,0.0,64.0
2025-05-05 17:00:00,17,5,27.3,95.1,22.2,1.175,0.0,0.0,32.9
2025-05-05 18:00:00,18,5,22.3,14.4,37.7,1.195,0.0,0.0,58.1
2025-05-05 19:00:00,19,5,21.9,84.9,42.9,1.196,0.0,0.0,57.9
2025-05-05 20:00:00,20,5,24.5,100.0,24.8,1.186,0.0,0.0,33.3
2025-05-05 21:00:00,21,5,32.1,69.5,42.6,1.156,0.0,0.0,64.3
2025-05-05 22:00:00,22,5,22.8,84.7,37.6,1.193,0.0,0.0,55.2
2025-05-05 23:00:00,23,5,15.8,98.6,35.0,1.222,0.0,0.0,49.5
2025-05-06 00:00:00,0,5,22.0,8.4,11.3,1.196,0.0,4.2,18.8
2025-05-06 01:00:00,1,5,29.1,32.9,40.4,1.168,0.0,0.0,57.1
2025-05-06 02:00:00,2,5,16.7,29.7,20.2,1.218,0.0,0.0,27.0
2025-05-06 03:00:00,3,5,31.1,21.9,26.2,1.16,0.0,0.0,36.1
2025-05-06 04:00:00,4,5,33.0,61.5,17.6,1.153,0.0,0.0,24.8
2025-05-06 05:00:00,5,5,31.9,7.0,28.3,1.157,0.0,0.0,41.3
2025-05-06 06:00:00,6,5,31.3,48.9,13.0,1.159,0.0,0.0,17.6
2025-05-06 07:00:00,7,5,28.2,99.7,23.4,1.171,0.0,0.0,34.8
2025-05-06 08:00:00,8,5,22.4,5.5,44.4,1.194,3.1,74.1,60.7
2025-05-06 09:00:00,9,5,11.0,26.4,39.2,1.242,3.7,78.5,54.1
2025-05-06 10:00:00,10,5,24.5,42.8,16.9,1.186,4.5,96.6,22.1
2025-05-06 11:00:00,11,5,19.8,57.1,15.0,1.205,5.5,110.8,14.6
2025-05-06 12:00:00,12,5,33.2,96.3,14.0,1.152,5.2,85.4,18.0
2025-05-06 13:00:00,13,5,32.1,83.5,27.1,1.156,4.2,62.7,36.3
2025-05-06 14:00:00,14,5,20.8,27.3,12.0,1.201,5.3,122.7,15.3
2025-05-06 15:00:00,15,5,20.3,89.9,30.6,1.203,0.5,0.0,44.9
2025-05-06 16:00:00,16,5,25.2,67.6,8.4,1.183,0.0,0.0,9.3
2025-05-06 17:00:00,17,5,22.7,91.4,29.5,1.193,0.0,0.0,40.1
2025-05-06 18:00:00,18,5,31.1,87.1,16.0,1.16,0.0,0.0,16.1
2025-05-06 19:00:00,19,5,13.6,5.3,38.5,1.231,0.0,0.0,57.8
2025-05-06 20:00:00,20,5,32.2,81.0,25.2,1.156,0.0,0.0,33.4
2025-05-06 21:00:00,21,5,24.3,64.2,7.4,1.187,0.0,0.0,14.1
2025-05-06 22:00:00,22,5,31.5,94.3,43.3,1.159,0.0,0.0,59.9
2025-05-06 23:00:00,23,5,31.4,52.8,32.3,1.159,0.0,0.0,45.9
2025-05-07 00:00:00,0,5,16.1,7.7,9.9,1.22,0.0,2.1,11.9
2025-05-07 01:00:00,1,5,7.4,14.6,18.7,1.258,0.0,0.0,25.2
2025-05-07 02:00:00,2,5,28.3,42.7,38.2,1.171,0.0,0.0,47.7
2025-05-07 03:00:00,3,5,36.4,8.3,6.4,1.14,0.0,0.0,4.4
2025-05-07 04:00:00,4,5,17.6,82.2,37.1,1.214,0.0,0.0,54.9
2025-05-07 05:00:00,5,5,27.8,97.4,5.4,1.173,0.0,0.0,6.8
2025-05-07 06:00:00,6,5,16.0,80.2,43.5,1.221,0.0,0.0,66.6
2025-05-07 07:00:00,7,5,29.9,31.8,15.5,1.165,0.1,0.0,21.7
2025-05-07 08:00:00,8,5,34.0,84.2,34.8,1.149,0.0,0.0,55.9
2025-05-07 09:00:00,9,5,33.6,19.8,41.6,1.151,4.0,81.5,53.4
2025-05-07 10:00:00,10,5,23.7,1.0,30.8,1.189,6.6,164.6,45.7
2025-05-07 11:00:00,11,5,25.5,86.2,32.6,1.182,4.0,57.9,43.8
2025-05-07 12:00:00,12,5,28.3,27.6,30.7,1.171,8.6,207.3,34.2
2025-05-07 13:00:00,13,5,28.8,65.2,7.1,1.169,5.1,86.1,9.8
2025-05-07 14:00:00,14,5,33.5,15.5,42.8,1.151,5.9,145.1,61.6
2025-05-07 15:00:00,15,5,17.6,76.3,41.9,1.214,1.2,0.0,58.6
2025-05-07 16:00:00,16,5,22.4,43.7,33.5,1.194,1.1,9.3,48.4
2025-05-07 17:00:00,17,5,16.3,46.0,14.9,1.22,0.0,0.0,18.8
2025-05-07 18:00:00,18,5,15.2,25.4,18.6,1.224,0.0,0.0,27.0
2025-05-07 19:00:00,19,5,30.2,37.9,11.1,1.164,0.0,0.0,8.2
2025-05-07 20:00:00,20,5,25.4,13.0,20.0,1.182,0.0,0.0,31.0
2025-05-07 21:00:00,21,5,20.1,21.4,5.7,1.204,0.0,0.0,6.3
2025-05-07 22:00:00,22,5,26.9,71.5,15.6,1.176,0.0,0.0,17.5
2025-05-07 23:00:00,23,5,19.9,4.2,41.3,1.205,0.0,0.0,58.5
2025-05-08 00:00:00,0,5,24.0,64.1,32.0,1.188,0.0,0.0,45.2
2025-05-08 01:00:00,1,5,37.1,43.6,36.7,1.138,0.0,0.0,51.7
2025-05-08 02:00:00,2,5,10.1,23.8,11.9,1.246,0.0,0.0,18.8
2025-05-08 03:00:00,3,5,22.1,48.1,24.2,1.196,0.0,0.0,34.0
2025-05-08 04:00:00,4,5,24.3,64.8,28.6,1.187,0.0,0.0,42.8
2025-05-08 05:00:00,5,5,32.3,53.9,28.3,1.156,0.0,0.0,42.8
2025-05-08 06:00:00,6,5,41.5,10.9,7.1,1.122,0.0,3.8,7.4
2025-05-08 07:00:00,7,5,23.7,5.1,21.0,1.189,1.4,39.5,28.2
2025-05-08 08:00:00,8,5,23.9,55.0,5.8,1.188,0.6,0.0,6.1
2025-05-08 09:00:00,9,5,23.0,75.2,21.0,1.192,1.2,0.0,28.3
2025-05-08 10:00:00,10,5,20.2,50.0,16.8,1.203,4.2,79.4,20.1
2025-05-08 11:00:00,11,5,19.8,55.7,38.3,1.205,5.5,108.0,58.5
2025-05-08 12:00:00,12,5,25.3,21.1,9.6,1.183,8.9,217.3,11.9
2025-05-08 13:00:00,13,5,38.1,42.2,6.4,1.134,6.2,140.9,11.7
2025-05-08 14:00:00,14,5,22.4,62.8,36.9,1.194,3.5,62.2,51.6
2025-05-08 15:00:00,15,5,27.7,86.5,9.0,1.173,0.7,0.0,8.2
2025-05-08 16:00:00,16,5,22.8,6.0,7.4,1.193,3.0,67.2,7.6
2025-05-08 17:00:00,17,5,36.7,78.9,34.0,1.139,0.0,0.0,47.1
2025-05-08 18:00:00,18,5,16.7,71.8,22.4,1.218,0.0,0.0,29.7
2025-05-08 19:00:00,19,5,31.7,45.0,20.9,1.158,0.0,0.0,31.3
2025-05-08 20:00:00,20,5,40.0,15.4,44.9,1.127,0.0,0.0,65.8
2025-05-08 21:00:00,21,5,29.9,49.7,25.7,1.165,0.0,0.0,37.1
2025-05-08 22:00:00,22,5,11.6,32.3,37.7,1.24,0.0,0.0,56.2
2025-05-08 23:00:00,23,5,31.1,33.8,16.8,1.16,0.0,0.0,16.0
2025-05-09 00:00:00,0,5,31.9,30.1,13.0,1.157,0.0,0.0,13.8
2025-05-09 01:00:00,1,5,18.2,55.2,18.9,1.212,0.0,0.0,26.0
2025-05-09 02:00:00,2,5,31.2,76.6,13.1,1.16,0.0,0.0,17.4
2025-05-09 03:00:00,3,5,12.9,78.6,40.5,1.234,0.0,0.0,59.1
2025-05-09 04:00:00,4,5,25.6,11.8,13.6,1.182,0.0,3.5,16.0
2025-05-09 05:00:00,5,5,23.2,1.3,21.7,1.191,0.0,0.0,23.8
2025-05-09 06:00:00,6,5,24.2,29.7,17.2,1.187,0.0,0.0,22.1
2025-05-09 07:00:00,7,5,28.4,78.2,37.3,1.171,0.0,0.0,51.9
2025-05-09 08:00:00,8,5,18.9,32.4,9.1,1.209,1.7,23.6,9.8
2025-05-09 09:00:00,9,5,15.7,44.9,21.6,1.222,2.8,48.2,29.6
2025-05-09 10:00:00,10,5,22.6,4.1,29.7,1.194,6.5,159.8,44.7
2025-05-09 11:00:00,11,5,19.6,49.3,17.8,1.206,5.9,120.4,25.8
2025-05-09 12:00:00,12,5,26.4,50.4,26.7,1.178,7.5,170.4,39.3
2025-05-09 13:00:00,13,5,17.7,68.6,21.4,1.214,4.9,79.4,29.8
2025-05-09 14:00:00,14,5,27.1,18.4,30.3,1.176,5.7,129.0,39.3
2025-05-09 15:00:00,15,5,21.1,99.6,30.7,1.2,0.0,0.0,41.5
2025-05-09 16:00:00,16,5,23.4,36.0,20.7,1.19,1.5,19.0,24.4
2025-05-09 17:00:00,17,5,14.6,32.3,10.4,1.227,0.1,0.0,9.4
2025-05-09 18:00:00,18,5,26.6,67.7,18.3,1.178,0.0,0.0,25.0
2025-05-09 19:00:00,19,5,3.4,10.5,39.7,1.276,0.0,0.0,59.8
2025-05-09 20:00:00,20,5,11.1,35.7,36.5,1.242,0.0,0.0,56.1
2025-05-09 21:00:00,21,5,28.1,90.2,21.4,1.172,0.0,0.0,26.6
2025-05-09 22:00:00,22,5,28.0,97.8,31.7,1.172,0.0,0.0,47.4
2025-05-09 23:00:00,23,5,19.6,28.1,42.4,1.206,0.0,0.0,56.6
2025-05-10 00:00:00,0,5,34.4,86.6,14.0,1.148,0.0,0.0,15.3
2025-05-10 01:00:00,1,5,25.1,98.3,14.4,1.184,0.0,0.0,22.0
2025-05-10 02:00:00,2,5,33.1,25.9,14.6,1.153,0.0,0.0,21.3
2025-05-10 03:00:00,3,5,14.5,40.1,16.2,1.227,0.0,0.0,20.1
2025-05-10 04:00:00,4,5,26.7,89.4,10.2,1.177,0.0,0.0,13.2
2025-05-10 05:00:00,5,5,31.2,5.2,36.6,1.16,0.0,0.0,55.2
2025-05-10 06:00:00,6,5,28.9,46.9,32.8,1.169,0.0,0.0,45.3
2025-05-10 07:00:00,7,5,23.5,27.6,23.2,1.19,0.3,0.0,30.5
2025-05-10 08:00:00,8,5,23.5,86.2,38.5,1.19,0.0,0.0,55.9
2025-05-10 09:00:00,9,5,23.8,14.6,25.3,1.189,4.3,97.2,34.7
2025-05-10 10:00:00,10,5,23.9,10.3,13.0,1.188,6.2,146.4,13.0
2025-05-10 11:00:00,11,5,37.4,31.3,35.2,1.137,6.8,155.9,50.2
2025-05-10 12:00:00,12,5,15.2,50.1,6.2,1.224,7.5,158.0,4.0
2025-05-10 13:00:00,13,5,12.1,48.9,18.6,1.237,5.9,127.5,23.3
2025-05-10 14:00:00,14,5,33.2,89.9,15.7,1.152,2.2,8.2,19.9
2025-05-10 15:00:00,15,5,23.5,50.1,12.3,1.19,2.5,35.5,17.2
2025-05-10 16:00:00,16,5,27.0,70.0,43.9,1.176,0.0,0.0,67.0
2025-05-10 17:00:00,17,5,32.5,93.9,38.0,1.155,0.0,0.0,44.4
2025-05-10 18:00:00,18,5,28.9,30.1,28.5,1.169,0.0,0.0,44.8
2025-05-10 19:00:00,19,5,25.6,85.0,38.1,1.182,0.0,0.0,54.4
2025-05-10 20:00:00,20,5,21.7,57.3,37.9,1.197,0.0,0.0,49.8
2025-05-10 21:00:00,21,5,18.6,54.1,8.7,1.21,0.0,0.0,12.1
2025-05-10 22:00:00,22,5,20.1,8.7,19.1,1.204,0.0,0.0,20.1
2025-05-10 23:00:00,23,5,29.6,53.3,36.7,1.166,0.0,0.0,59.6
2025-05-11 00:00:00,0,5,25.0,8.8,42.3,1.184,0.0,3.6,64.0
2025-05-11 01:00:00,1,5,17.4,61.0,29.9,1.215,0.0,0.0,41.3
2025-05-11 02:00:00,2,5,26.0,22.6,13.5,1.18,0.0,0.0,19.3
2025-05-11 03:00:00,3,5,6.3,39.5,15.3,1.263,0.0,0.0,25.5
2025-05-11 04:00:00,4,5,22.4,19.0,39.3,1.194,0.0,0.0,55.8
2025-05-11 05:00:00,5,5,23.6,71.8,33.9,1.19,0.0,0.0,44.7
2025-05-11 06:00:00,6,5,32.8,88.5,7.3,1.154,0.0,0.0,5.6
2025-05-11 07:00:00,7,5,18.3,82.2,25.7,1.211,0.0,0.0,41.2
2025-05-11 08:00:00,8,5,23.4,53.3,40.4,1.19,0.7,0.0,58.5
2025-05-11 09:00:00,9,5,13.2,91.7,7.3,1.233,0.4,0.0,9.6
2025-05-11 10:00:00,10,5,28.5,40.1,41.8,1.17,4.7,92.8,54.5
2025-05-11 11:00:00,11,5,30.2,94.3,21.1,1.164,3.6,51.8,27.7
2025-05-11 12:00:00,12,5,22.2,46.7,36.4,1.195,7.7,165.5,49.8
2025-05-11 13:00:00,13,5,21.0,29.3,34.4,1.2,6.9,149.0,50.1
2025-05-11 14:00:00,14,5,27.5,40.2,19.4,1.174,4.7,98.9,23.9
2025-05-11 15:00:00,15,5,22.1,39.3,38.8,1.196,3.0,48.8,57.4
2025-05-11 16:00:00,16,5,16.8,73.9,34.4,1.217,0.0,0.0,47.9
2025-05-11 17:00:00,17,5,25.7,76.1,34.1,1.181,0.0,0.0,42.0
2025-05-11 18:00:00,18,5,51.3,80.0,24.5,1.088,0.0,0.0,28.5
2025-05-11 19:00:00,19,5,28.9,96.5,18.2,1.169,0.0,0.0,24.7
2025-05-11 20:00:00,20,5,28.6,85.1,21.6,1.17,0.0,0.0,21.6
2025-05-11 21:00:00,21,5,31.6,96.5,16.3,1.158,0.0,0.0,21.4
2025-05-11 22:00:00,22,5,24.7,30.5,12.5,1.185,0.0,0.0,15.7
2025-05-11 23:00:00,23,5,18.4,27.8,14.3,1.211,0.0,0.0,19.1
2025-05-12 00:00:00,0,5,24.1,66.8,32.6,1.188,0.0,0.0,53.7
2025-05-12 01:00:00,1,5,22.6,57.0,23.9,1.194,0.0,0.0,32.3
2025-05-12 02:00:00,2,5,20.7,90.9,29.9,1.201,0.0,0.0,43.7
2025-05-12 03:00:00,3,5,14.4,27.7,17.1,1.228,0.0,0.0,23.2
2025-05-12 04:00:00,4,5,27.0,51.2,34.1,1.176,0.0,0.0,48.3
2025-05-12 05:00:00,5,5,27.2,69.6,27.3,1.175,0.0,0.0,38.1
2025-05-12 06:00:00,6,5,18.0,52.0,18.3,1.212,0.0,0.0,24.0
2025-05-12 07:00:00,7,5,25.6,99.5,22.1,1.182,0.0,0.0,31.5
2025-05-12 08:00:00,8,5,32.4,3.8,38.7,1.155,3.1,79.3,56.8
2025-05-12 09:00:00,9,5,15.0,25.9,35.7,1.225,3.7,76.4,48.9
2025-05-12 10:00:00,10,5,17.9,34.1,18.2,1.213,5.0,116.9,26.0
2025-05-12 11:00:00,11,5,30.1,88.9,28.9,1.164,3.9,59.6,39.9
2025-05-12 12:00:00,12,5,29.6,65.2,39.8,1.166,6.7,132.5,64.9
2025-05-12 13:00:00,13,5,22.6,0.3,10.1,1.194,8.3,215.4,7.9
2025-05-12 14:00:00,14,5,20.6,73.4,44.7,1.202,3.0,38.0,65.7
2025-05-12 15:00:00,15,5,24.1,36.2,21.6,1.188,3.2,58.4,30.3
2025-05-12 16:00:00,16,5,10.2,33.5,18.9,1.246,1.7,30.0,29.1
2025-05-12 17:00:00,17,5,24.4,22.7,29.7,1.186,0.5,3.7,37.5
2025-05-12 18:00:00,18,5,24.3,97.3,41.3,1.187,0.0,0.0,62.7
2025-05-12 19:00:00,19,5,24.9,45.6,43.9,1.184,0.0,0.0,64.1
2025-05-12 20:00:00,20,5,25.4,0.9,28.0,1.182,0.0,2.5,39.2
2025-05-12 21:00:00,21,5,33.2,65.6,10.4,1.152,0.0,0.0,13.2
2025-05-12 22:00:00,22,5,14.3,57.6,15.9,1.228,0.0,0.0,21.1
2025-05-12 23:00:00,23,5,12.6,67.3,37.0,1.235,0.0,0.0,56.3
2025-05-13 00:00:00,0,5,25.0,2.1,11.5,1.184,0.0,0.0,13.6
2025-05-13 01:00:00,1,5,39.6,62.0,16.6,1.129,0.0,0.0,21.2
2025-05-13 02:00:00,2,5,15.1,49.7,28.2,1.225,0.0,0.0,46.0
2025-05-13 03:00:00,3,5,19.7,35.5,7.1,1.205,0.0,0.0,7.8
2025-05-13 04:00:00,4,5,24.0,70.1,34.5,1.188,0.0,0.0,46.7
2025-05-13 05:00:00,5,5,35.6,89.6,29.0,1.143,0.0,0.0,40.3
2025-05-13 06:00:00,6,5,20.3,2.8,20.4,1.203,0.0,12.7,33.6
2025-05-13 07:00:00,7,5,16.0,32.5,28.0,1.221,0.0,0.0,40.4
2025-05-13 08:00:00,8,5,26.2,61.9,21.1,1.179,0.2,0.0,31.0
2025-05-13 09:00:00,9,5,30.0,28.4,17.9,1.164,3.6,70.0,21.8
2025-05-13 10:00:00,10,5,10.1,97.0,15.6,1.246,1.8,0.0,22.2
2025-05-13 11:00:00,11,5,17.4,27.1,21.5,1.215,7.0,160.9,31.7
2025-05-13 12:00:00,12,5,17.6,15.5,39.9,1.214,9.2,218.3,52.7
2025-05-13 13:00:00,13,5,11.9,93.3,10.0,1.238,3.7,40.4,10.4
2025-05-13 14:00:00,14,5,32.2,21.5,30.6,1.156,5.6,131.3,40.2
2025-05-13 15:00:00,15,5,22.2,25.4,13.4,1.195,3.7,82.4,16.2
2025-05-13 16:00:00,16,5,21.9,65.5,36.5,1.196,0.1,0.0,54.2
2025-05-13 17:00:00,17,5,18.3,8.7,19.7,1.211,1.2,17.5,28.4
2025-05-13 18:00:00,18,5,19.9,86.0,21.6,1.205,0.0,0.0,25.5
2025-05-13 19:00:00,19,5,27.4,30.1,33.6,1.174,0.0,0.0,47.4
2025-05-13 20:00:00,20,5,26.0,17.1,41.0,1.18,0.0,0.0,59.9
2025-05-13 21:00:00,21,5,27.6,4.4,30.0,1.174,0.0,7.2,41.0
2025-05-13 22:00:00,22,5,25.5,6.5,17.2,1.182,0.0,0.4,24.4
2025-05-13 23:00:00,23,5,27.8,91.0,6.4,1.173,0.0,0.0,6.8
2025-05-14 00:00:00,0,5,46.0,0.3,26.2,1.106,0.0,10.6,37.0
2025-05-14 01:00:00,1,5,27.4,39.8,29.8,1.174,0.0,0.0,42.8
2025-05-14 02:00:00,2,5,31.4,25.9,18.7,1.159,0.0,0.0,25.4
2025-05-14 03:00:00,3,5,15.9,30.7,25.3,1.221,0.0,0.0,36.1
2025-05-14 04:00:00,4,5,45.8,95.2,25.3,1.107,0.0,0.0,38.6
2025-05-14 05:00:00,5,5,25.1,33.1,9.2,1.184,0.0,0.0,9.2
2025-05-14 06:00:00,6,5,39.2,62.7,24.0,1.13,0.0,0.0,31.4
2025-05-14 07:00:00,7,5,24.4,79.5,9.8,1.186,0.0,0.0,15.5
2025-05-14 08:00:00,8,5,31.1,41.1,24.9,1.16,1.3,15.4,37.8
2025-05-14 09:00:00,9,5,27.6,8.5,39.2,1.174,4.6,114.1,59.8
2025-05-14 10:00:00,10,5,16.8,42.2,9.2,1.217,4.6,99.9,7.2
2025-05-14 11:00:00,11,5,22.1,8.6,21.0,1.196,7.9,202.1,27.5
2025-05-14 12:00:00,12,5,26.9,60.8,10.6,1.176,7.0,150.8,16.4
2025-05-14 13:00:00,13,5,21.6,28.5,7.3,1.198,6.9,166.0,6.7
2025-05-14 14:00:00,14,5,24.5,72.0,43.1,1.186,3.1,37.3,62.8
2025-05-14 15:00:00,15,5,27.5,73.4,35.2,1.174,1.3,0.0,50.4
2025-05-14 16:00:00,16,5,35.9,50.0,31.6,1.142,0.8,1.9,44.4
2025-05-14 17:00:00,17,5,40.9,35.1,30.5,1.124,0.0,0.0,41.9
2025-05-14 18:00:00,18,5,22.5,31.0,14.7,1.194,0.0,0.0,21.3
2025-05-14 19:00:00,19,5,14.3,75.2,43.3,1.228,0.0,0.0,65.2
2025-05-14 20:00:00,20,5,28.1,32.2,27.3,1.172,0.0,0.0,31.8
2025-05-14 21:00:00,21,5,20.1,84.8,40.2,1.204,0.0,0.0,54.9
2025-05-14 22:00:00,22,5,28.2,6.7,6.1,1.171,0.0,0.0,4.9
2025-05-14 23:00:00,23,5,15.6,81.3,43.9,1.222,0.0,0.0,65.0
2025-05-15 00:00:00,0,5,30.0,72.3,14.9,1.164,0.0,0.0,21.3
2025-05-15 01:00:00,1,5,31.4,70.3,28.8,1.159,0.0,0.0,40.7
2025-05-15 02:00:00,2,5,35.1,16.6,11.2,1.145,0.0,0.0,14.8
2025-05-15 03:00:00,3,5,19.9,99.3,37.5,1.205,0.0,0.0,47.9
2025-05-15 04:00:00,4,5,34.0,61.7,17.5,1.149,0.0,0.0,24.0
2025-05-15 05:00:00,5,5,15.0,68.9,27.1,1.225,0.0,0.0,45.5
2025-05-15 06:00:00,6,5,30.5,4.2,13.3,1.162,0.0,0.0,14.2
2025-05-15 07:00:00,7,5,32.5,26.5,13.5,1.155,0.3,1.6,19.7
2025-05-15 08:00:00,8,5,22.8,7.8,8.7,1.193,2.9,66.4,5.5
2025-05-15 09:00:00,9,5,36.4,42.3,44.1,1.14,2.9,57.4,68.3
2025-05-15 10:00:00,10,5,37.6,98.7,22.8,1.136,1.7,0.0,30.1
2025-05-15 11:00:00,11,5,34.8,38.5,36.5,1.146,6.4,145.0,53.0
2025-05-15 12:00:00,12,5,35.2,71.5,10.0,1.145,6.4,126.6,16.7
2025-05-15 13:00:00,13,5,29.0,85.2,17.5,1.168,4.1,54.8,30.1
2025-05-15 14:00:00,14,5,32.3,20.1,9.6,1.156,5.7,131.2,18.0
2025-05-15 15:00:00,15,5,23.9,21.5,6.1,1.188,3.9,87.9,5.6
2025-05-15 16:00:00,16,5,5.8,85.7,15.5,1.265,0.0,0.0,21.9
2025-05-15 17:00:00,17,5,45.7,27.7,41.3,1.107,0.3,0.0,57.2
2025-05-15 18:00:00,18,5,26.6,93.6,20.9,1.178,0.0,0.0,25.9
2025-05-15 19:00:00,19,5,43.8,75.6,22.4,1.114,0.0,0.0,28.6
2025-05-15 20:00:00,20,5,9.4,94.4,33.3,1.249,0.0,0.0,47.2
2025-05-15 21:00:00,21,5,28.5,42.9,30.8,1.17,0.0,0.0,41.8
2025-05-15 22:00:00,22,5,36.6,11.1,31.3,1.14,0.0,0.0,41.9
2025-05-15 23:00:00,23,5,21.8,8.7,5.8,1.197,0.0,0.0,5.9
2025-05-16 00:00:00,0,5,34.7,96.8,28.3,1.147,0.0,0.0,45.0
2025-05-16 01:00:00,1,5,24.3,49.0,39.0,1.187,0.0,0.0,53.1
2025-05-16 02:00:00,2,5,11.4,44.1,29.7,1.241,0.0,0.0,40.2
2025-05-16 03:00:00,3,5,26.4,66.2,35.1,1.178,0.0,0.0,50.3
2025-05-16 04:00:00,4,5,36.3,70.7,7.7,1.141,0.0,0.0,13.3
2025-05-16 05:00:00,5,5,31.0,45.5,15.5,1.161,0.0,0.0,20.2
2025-05-16 06:00:00,6,5,33.3,50.7,15.5,1.152,0.0,0.0,18.7
2025-05-16 07:00:00,7,5,17.3,36.1,21.7,1.215,0.0,0.0,28.1
2025-05-16 08:00:00,8,5,21.7,27.9,13.1,1.197,1.9,34.6,12.4
2025-05-16 09:00:00,9,5,26.7,69.6,17.9,1.177,1.5,6.1,18.2
2025-05-16 10:00:00,10,5,23.0,22.9,42.8,1.192,5.5,132.3,56.9
2025-05-16 11:00:00,11,5,14.2,55.2,33.5,1.228,5.6,121.2,44.3
2025-05-16 12:00:00,12,5,25.6,82.3,41.9,1.182,5.9,111.2,65.6
2025-05-16 13:00:00,13,5,18.4,23.7,28.1,1.211,7.1,164.8,44.9
2025-05-16 14:00:00,14,5,23.1,66.7,34.6,1.192,3.3,56.3,49.4
2025-05-16 15:00:00,15,5,19.8,62.8,38.4,1.205,1.9,19.7,59.7
2025-05-16 16:00:00,16,5,17.5,42.0,36.4,1.214,1.2,10.6,51.0
2025-05-16 17:00:00,17,5,3.8,34.8,5.3,1.275,0.0,0.0,5.5
2025-05-16 18:00:00,18,5,27.1,27.8,22.4,1.176,0.0,0.0,34.1
2025-05-16 19:00:00,19,5,31.1,7.3,31.4,1.16,0.0,0.0,43.0
2025-05-16 20:00:00,20,5,22.7,40.3,42.8,1.193,0.0,0.0,59.5
2025-05-16 21:00:00,21,5,30.6,1.9,35.6,1.162,0.0,0.0,51.9
2025-05-16 22:00:00,22,5,5.7,62.8,40.4,1.266,0.0,0.0,61.2
2025-05-16 23:00:00,23,5,27.9,74.5,29.5,1.173,0.0,0.0,41.0
2025-05-17 00:00:00,0,5,19.2,88.8,42.9,1.207,0.0,0.0,67.2
2025-05-17 01:00:00,1,5,18.8,32.3,37.1,1.209,0.0,0.0,54.8
2025-05-17 02:00:00,2,5,27.0,38.8,35.1,1.176,0.0,0.0,49.6
2025-05-17 03:00:00,3,5,34.1,50.2,39.3,1.149,0.0,0.0,57.0
2025-05-17 04:00:00,4,5,25.7,91.7,5.9,1.181,0.0,0.0,3.8
2025-05-17 05:00:00,5,5,40.8,26.9,18.9,1.124,0.0,0.0,30.8
2025-05-17 06:00:00,6,5,27.7,17.6,8.1,1.173,0.0,0.0,12.7
2025-05-17 07:00:00,7,5,17.0,35.8,30.8,1.217,0.0,0.0,42.5
2025-05-17 08:00:00,8,5,34.8,14.6,23.0,1.146,2.6,53.5,30.3
2025-05-17 09:00:00,9,5,38.0,39.4,43.0,1.134,3.0,54.1,63.5
2025-05-17 10:00:00,10,5,10.8,71.8,33.4,1.243,3.1,39.7,42.7
2025-05-17 11:00:00,11,5,22.2,81.2,29.4,1.195,4.3,60.0,36.9
2025-05-17 12:00:00,12,5,21.4,26.6,10.3,1.198,8.7,198.4,11.4
2025-05-17 13:00:00,13,5,23.1,19.7,38.5,1.192,7.3,171.7,54.4
2025-05-17 14:00:00,14,5,37.8,22.1,37.5,1.135,5.6,127.6,55.0
2025-05-17 15:00:00,15,5,21.5,84.6,6.7,1.198,0.8,0.0,6.0
2025-05-17 16:00:00,16,5,22.0,44.7,31.1,1.196,1.1,4.1,45.2
2025-05-17 17:00:00,17,5,10.9,31.1,44.0,1.243,0.1,0.0,64.0
2025-05-17 18:00:00,18,5,32.7,19.1,24.0,1.154,0.0,0.0,33.5
2025-05-17 19:00:00,19,5,24.6,52.4,6.6,1.186,0.0,0.0,7.8
2025-05-17 20:00:00,20,5,27.3,48.3,36.2,1.175,0.0,0.0,48.1
2025-05-17 21:00:00,21,5,31.1,16.2,8.7,1.16,0.0,0.0,8.5
2025-05-17 22:00:00,22,5,41.1,74.4,37.2,1.123,0.0,0.0,50.8
2025-05-17 23:00:00,23,5,27.7,32.2,21.0,1.173,0.0,0.0,25.5
2025-05-18 00:00:00,0,5,19.7,94.6,43.0,1.205,0.0,0.0,65.9
2025-05-18 01:00:00,1,5,26.7,23.4,30.8,1.177,0.0,0.0,37.8
2025-05-18 02:00:00,2,5,23.0,48.0,9.7,1.192,0.0,0.0,12.1
2025-05-18 03:00:00,3,5,17.3,71.6,26.7,1.215,0.0,0.0,40.0
2025-05-18 04:00:00,4,5,36.3,27.8,11.5,1.141,0.0,0.0,10.6
2025-05-18 05:00:00,5,5,35.9,26.5,32.8,1.142,0.0,0.0,41.3
2025-05-18 06:00:00,6,5,15.0,44.8,16.7,1.225,0.0,0.0,21.5
2025-05-18 07:00:00,7,5,18.1,20.7,12.1,1.212,0.6,8.9,20.7
2025-05-18 08:00:00,8,5,33.3,87.4,26.2,1.152,0.0,0.0,34.5
2025-05-18 09:00:00,9,5,25.0,7.9,9.4,1.184,4.6,112.8,14.1
2025-05-18 10:00:00,10,5,21.7,8.3,20.3,1.197,6.3,151.1,28.0
2025-05-18 11:00:00,11,5,15.8,12.8,42.8,1.222,7.7,188.7,59.2
2025-05-18 12:00:00,12,5,19.3,83.0,33.8,1.207,5.8,102.5,43.1
2025-05-18 13:00:00,13,5,20.3,51.5,40.0,1.203,5.8,104.7,60.6
2025-05-18 14:00:00,14,5,17.0,65.4,30.8,1.217,3.4,41.4,42.6
2025-05-18 15:00:00,15,5,16.1,43.6,14.7,1.22,2.8,43.3,19.8
2025-05-18 16:00:00,16,5,32.0,44.1,34.9,1.157,1.1,3.9,46.3
2025-05-18 17:00:00,17,5,25.0,79.8,14.0,1.184,0.0,0.0,16.5
2025-05-18 18:00:00,18,5,18.6,76.1,26.4,1.21,0.0,0.0,42.5
2025-05-18 19:00:00,19,5,38.3,4.9,9.0,1.133,0.0,0.0,9.8
2025-05-18 20:00:00,20,5,14.9,46.9,21.6,1.225,0.0,0.0,35.0
2025-05-18 21:00:00,21,5,22.5,43.6,10.7,1.194,0.0,0.0,15.7
2025-05-18 22:00:00,22,5,40.1,37.2,7.6,1.127,0.0,0.0,9.5
2025-05-18 23:00:00,23,5,19.7,19.8,10.6,1.205,0.0,0.0,10.2
2025-05-19 00:00:00,0,5,22.7,5.8,8.6,1.193,0.0,0.0,10.3
2025-05-19 01:00:00,1,5,33.9,37.6,21.5,1.15,0.0,0.0,25.4
2025-05-19 02:00:00,2,5,23.0,2.2,25.2,1.192,0.0,1.3,37.4
2025-05-19 03:00:00,3,5,20.9,31.8,41.0,1.2,0.0,0.0,57.8
2025-05-19 04:00:00,4,5,16.0,69.7,29.9,1.221,0.0,0.0,43.9
2025-05-19 05:00:00,5,5,23.1,14.8,29.0,1.192,0.0,0.0,41.8
2025-05-19 06:00:00,6,5,23.5,60.8,43.5,1.19,0.0,0.0,65.2
2025-05-19 07:00:00,7,5,22.2,62.6,38.3,1.195,0.0,0.0,50.9
2025-05-19 08:00:00,8,5,21.4,78.3,32.4,1.198,0.0,0.0,46.0
2025-05-19 09:00:00,9,5,14.4,49.2,13.6,1.228,2.5,35.1,18.7
2025-05-19 10:00:00,10,5,25.8,57.3,33.5,1.181,3.8,73.6,51.6
2025-05-19 11:00:00,11,5,21.7,85.6,23.6,1.197,4.1,65.6,36.8
2025-05-19 12:00:00,12,5,20.7,19.4,40.1,1.201,9.0,224.4,58.1
2025-05-19 13:00:00,13,5,15.1,92.1,5.6,1.225,3.7,57.5,1.9
2025-05-19 14:00:00,14,5,36.0,76.3,36.7,1.142,2.9,30.9,50.0
2025-05-19 15:00:00,15,5,26.2,27.4,13.1,1.179,3.6,79.2,11.9
2025-05-19 16:00:00,16,5,14.3,25.6,20.0,1.228,2.1,37.2,24.8
2025-05-19 17:00:00,17,5,30.7,43.3,40.5,1.162,0.0,0.0,58.7
2025-05-19 18:00:00,18,5,24.2,16.0,37.6,1.187,0.0,0.0,50.1
2025-05-19 19:00:00,19,5,26.9,59.0,11.9,1.176,0.0,0.0,12.5
2025-05-19 20:00:00,20,5,17.4,88.3,44.3,1.215,0.0,0.0,61.8
2025-05-19 21:00:00,21,5,14.9,43.5,25.2,1.225,0.0,0.0,39.4
2025-05-19 22:00:00,22,5,36.9,83.7,43.5,1.138,0.0,0.0,63.4
2025-05-19 23:00:00,23,5,25.1,15.1,8.7,1.184,0.0,0.0,11.8
2025-05-20 00:00:00,0,5,35.4,9.6,43.4,1.144,0.0,0.0,65.1
2025-05-20 01:00:00,1,5,27.0,27.7,27.5,1.176,0.0,0.0,35.9
2025-05-20 02:00:00,2,5,19.9,26.0,15.4,1.205,0.0,0.0,20.2
2025-05-20 03:00:00,3,5,34.1,92.0,31.9,1.149,0.0,0.0,46.6
2025-05-20 04:00:00,4,5,34.3,22.7,44.8,1.148,0.0,0.0,66.9
2025-05-20 05:00:00,5,5,23.0,75.0,43.3,1.192,0.0,0.0,60.9
2025-05-20 06:00:00,6,5,30.2,60.5,17.9,1.164,0.0,0.0,25.0
2025-05-20 07:00:00,7,5,21.5,31.9,31.7,1.198,0.1,0.0,48.7
2025-05-20 08:00:00,8,5,26.8,79.7,25.2,1.177,0.0,0.0,32.0
2025-05-20 09:00:00,9,5,22.6,57.7,10.9,1.194,2.1,38.6,11.6
2025-05-20 10:00:00,10,5,23.3,76.8,19.6,1.191,2.8,30.4,25.6
2025-05-20 11:00:00,11,5,21.5,71.1,39.5,1.198,4.8,80.6,54.4
2025-05-20 12:00:00,12,5,26.3,86.7,24.4,1.179,5.7,105.2,29.9
2025-05-20 13:00:00,13,5,29.4,22.8,33.7,1.167,7.2,169.7,45.6
2025-05-20 14:00:00,14,5,31.6,38.8,19.9,1.158,4.7,95.3,23.3
2025-05-20 15:00:00,15,5,28.4,23.1,39.9,1.171,3.8,91.5,61.0
2025-05-20 16:00:00,16,5,34.7,49.7,20.8,1.147,0.8,0.0,32.7
2025-05-20 17:00:00,17,5,11.9,98.4,39.1,1.238,0.0,0.0,57.7
2025-05-20 18:00:00,18,5,16.8,1.1,42.5,1.217,0.0,0.0,63.7
2025-05-20 19:00:00,19,5,31.1,34.1,22.3,1.16,0.0,0.0,28.9
2025-05-20 20:00:00,20,5,33.9,72.2,20.1,1.15,0.0,0.0,31.4
2025-05-20 21:00:00,21,5,29.2,62.0,21.0,1.167,0.0,0.0,29.7
2025-05-20 22:00:00,22,5,36.6,31.9,15.0,1.14,0.0,0.0,20.6
2025-05-20 23:00:00,23,5,35.2,68.6,28.9,1.145,0.0,0.0,43.3
2025-05-21 00:00:00,0,5,36.5,86.1,23.5,1.14,0.0,0.0,31.7
2025-05-21 01:00:00,1,5,20.7,53.0,36.4,1.201,0.0,0.0,49.3
2025-05-21 02:00:00,2,5,27.8,16.3,5.4,1.173,0.0,0.0,9.1
2025-05-21 03:00:00,3,5,37.7,67.6,9.8,1.136,0.0,0.0,9.1
2025-05-21 04:00:00,4,5,32.0,99.6,25.5,1.157,0.0,0.0,37.3
2025-05-21 05:00:00,5,5,33.7,14.5,26.9,1.15,0.0,0.0,32.3
2025-05-21 06:00:00,6,5,22.3,4.8,33.5,1.195,0.0,0.0,42.4
2025-05-21 07:00:00,7,5,20.8,62.5,18.1,1.201,0.0,0.0,23.0
2025-05-21 08:00:00,8,5,32.6,93.9,22.2,1.154,0.0,0.0,30.5
2025-05-21 09:00:00,9,5,35.0,80.7,35.0,1.146,1.0,0.0,49.0
2025-05-21 10:00:00,10,5,32.5,27.2,43.4,1.155,5.3,124.3,59.9
2025-05-21 11:00:00,11,5,9.5,86.5,16.7,1.249,4.0,68.8,21.8
2025-05-21 12:00:00,12,5,33.2,17.0,10.3,1.152,9.2,223.1,12.5
2025-05-21 13:00:00,13,5,27.9,93.1,25.6,1.173,3.7,44.4,28.9
2025-05-21 14:00:00,14,5,36.5,72.7,42.2,1.14,3.0,40.0,59.3
2025-05-21 15:00:00,15,5,29.9,6.6,30.9,1.165,4.7,111.9,42.9
2025-05-21 16:00:00,16,5,15.2,48.7,40.9,1.224,0.9,0.0,56.4
2025-05-21 17:00:00,17,5,37.4,23.7,30.3,1.137,0.5,5.9,35.1
2025-05-21 18:00:00,18,5,28.6,66.7,36.0,1.17,0.0,0.0,51.0
2025-05-21 19:00:00,19,5,27.1,55.0,43.3,1.176,0.0,0.0,58.3
2025-05-21 20:00:00,20,5,30.8,99.0,32.3,1.161,0.0,0.0,48.8
2025-05-21 21:00:00,21,5,30.2,88.8,39.0,1.164,0.0,0.0,49.6
2025-05-21 22:00:00,22,5,26.3,72.7,24.0,1.179,0.0,0.0,35.2
2025-05-21 23:00:00,23,5,36.8,20.3,34.4,1.139,0.0,0.0,55.9
2025-05-22 00:00:00,0,5,33.5,77.9,32.0,1.151,0.0,0.0,51.1
2025-05-22 01:00:00,1,5,21.5,79.9,26.1,1.198,0.0,0.0,35.8
2025-05-22 02:00:00,2,5,9.5,27.7,32.9,1.249,0.0,0.0,45.0
2025-05-22 03:00:00,3,5,21.2,91.8,23.1,1.199,0.0,0.0,37.5
2025-05-22 04:00:00,4,5,21.7,5.6,14.1,1.197,0.0,0.0,15.9
2025-05-22 05:00:00,5,5,18.6,99.3,9.2,1.21,0.0,0.0,3.0
2025-05-22 06:00:00,6,5,30.6,1.8,5.0,1.162,0.0,0.0,1.0
2025-05-22 07:00:00,7,5,30.3,58.0,8.5,1.163,0.0,0.0,9.2
2025-05-22 08:00:00,8,5,20.5,23.6,33.9,1.202,2.2,42.5,44.7
2025-05-22 09:00:00,9,5,21.5,2.4,27.3,1.198,4.9,123.8,34.9
2025-05-22 10:00:00,10,5,24.4,21.3,41.3,1.186,5.6,127.6,50.8
2025-05-22 11:00:00,11,5,31.3,19.3,43.3,1.159,7.4,179.8,59.3
2025-05-22 12:00:00,12,5,14.9,49.9,9.1,1.225,7.5,146.3,10.6
2025-05-22 13:00:00,13,5,13.8,20.8,19.9,1.23,7.3,173.7,21.2
2025-05-22 14:00:00,14,5,16.5,40.0,28.0,1.219,4.7,96.6,38.4
2025-05-22 15:00:00,15,5,8.2,11.2,19.7,1.255,4.4,101.8,28.9
2025-05-22 16:00:00,16,5,21.1,34.0,31.4,1.2,1.6,23.4,44.9
2025-05-22 17:00:00,17,5,21.3,16.9,33.8,1.199,0.8,8.2,46.1
2025-05-22 18:00:00,18,5,25.7,44.5,17.2,1.181,0.0,0.0,19.3
2025-05-22 19:00:00,19,5,20.4,99.9,17.0,1.202,0.0,0.0,21.1
2025-05-22 20:00:00,20,5,24.6,56.8,27.2,1.186,0.0,0.0,41.5
2025-05-22 21:00:00,21,5,19.1,73.6,18.1,1.208,0.0,0.0,17.7
2025-05-22 22:00:00,22,5,25.0,17.7,13.0,1.184,0.0,0.0,22.3
2025-05-22 23:00:00,23,5,24.3,77.3,19.2,1.187,0.0,0.0,21.8
2025-05-23 00:00:00,0,5,23.7,18.9,35.0,1.189,0.0,0.0,42.9
2025-05-23 01:00:00,1,5,18.6,16.4,15.8,1.21,0.0,0.0,23.6
2025-05-23 02:00:00,2,5,15.2,59.9,17.2,1.224,0.0,0.0,23.2
2025-05-23 03:00:00,3,5,21.1,78.4,8.7,1.2,0.0,0.0,17.3
2025-05-23 04:00:00,4,5,28.3,92.7,33.7,1.171,0.0,0.0,43.1
2025-05-23 05:00:00,5,5,19.8,17.6,7.7,1.205,0.0,0.0,6.4
2025-05-23 06:00:00,6,5,27.2,67.7,36.9,1.175,0.0,0.0,54.0
2025-05-23 07:00:00,7,5,14.3,18.3,7.5,1.228,0.8,14.2,10.2
2025-05-23 08:00:00,8,5,26.2,97.0,13.9,1.179,0.0,0.0,19.5
2025-05-23 09:00:00,9,5,35.0,39.8,6.2,1.146,3.0,52.2,5.4
2025-05-23 10:00:00,10,5,17.6,31.1,31.4,1.214,5.1,109.3,43.4
2025-05-23 11:00:00,11,5,13.0,30.1,23.7,1.234,6.8,153.0,32.3
2025-05-23 12:00:00,12,5,26.5,45.4,40.8,1.178,7.7,175.4,59.2
2025-05-23 13:00:00,13,5,27.0,11.6,42.6,1.176,7.8,189.6,58.5
2025-05-23 14:00:00,14,5,16.7,56.6,22.9,1.218,3.8,62.7,30.5
2025-05-23 15:00:00,15,5,28.9,33.2,23.0,1.169,3.3,68.8,40.1
2025-05-23 16:00:00,16,5,12.6,2.3,13.2,1.235,3.2,76.0,17.6
2025-05-23 17:00:00,17,5,26.2,82.5,8.0,1.179,0.0,0.0,11.2
2025-05-23 18:00:00,18,5,21.4,79.1,17.1,1.198,0.0,0.0,24.2
2025-05-23 19:00:00,19,5,23.5,99.1,30.0,1.19,0.0,0.0,47.9
2025-05-23 20:00:00,20,5,20.4,79.9,23.1,1.202,0.0,0.0,31.8
2025-05-23 21:00:00,21,5,23.3,84.7,22.8,1.191,0.0,0.0,30.8
2025-05-23 22:00:00,22,5,20.5,75.9,30.3,1.202,0.0,0.0,42.1
2025-05-23 23:00:00,23,5,32.3,96.2,37.7,1.156,0.0,0.0,49.2
2025-05-24 00:00:00,0,5,30.0,21.3,16.4,1.164,0.0,0.0,18.3
2025-05-24 01:00:00,1,5,28.0,58.0,14.9,1.172,0.0,0.0,18.1
2025-05-24 02:00:00,2,5,10.4,43.1,8.9,1.245,0.0,0.0,11.2
2025-05-24 03:00:00,3,5,28.7,96.5,38.9,1.169,0.0,0.0,52.3
2025-05-24 04:00:00,4,5,20.0,68.1,7.5,1.204,0.0,0.0,7.5
2025-05-24 05:00:00,5,5,11.3,18.9,40.0,1.241,0.0,0.0,62.0
2025-05-24 06:00:00,6,5,17.3,59.1,18.3,1.215,0.0,0.0,29.3
2025-05-24 07:00:00,7,5,22.1,89.1,11.2,1.196,0.0,0.0,14.7
2025-05-24 08:00:00,8,5,23.2,56.5,40.5,1.191,0.5,0.0,58.8
2025-05-24 09:00:00,9,5,37.7,13.1,33.8,1.136,4.3,102.3,47.6
2025-05-24 10:00:00,10,5,19.2,72.3,5.4,1.207,3.1,36.8,4.4
2025-05-24 11:00:00,11,5,19.3,68.3,39.2,1.207,4.9,85.8,53.3
2025-05-24 12:00:00,12,5,22.1,6.5,16.4,1.196,9.7,235.2,21.4
2025-05-24 13:00:00,13,5,39.0,2.7,39.8,1.131,8.2,199.4,59.7
2025-05-24 14:00:00,14,5,45.6,48.8,33.9,1.107,4.2,73.4,45.9
2025-05-24 15:00:00,15,5,30.0,26.9,29.3,1.164,3.7,86.4,42.9
2025-05-24 16:00:00,16,5,11.7,38.7,10.0,1.239,1.4,16.2,17.0
2025-05-24 17:00:00,17,5,25.3,61.6,23.0,1.183,0.0,0.0,34.5
2025-05-24 18:00:00,18,5,25.0,73.3,22.4,1.184,0.0,0.0,36.0
2025-05-24 19:00:00,19,5,23.7,32.5,12.6,1.189,0.0,0.0,16.7
2025-05-24 20:00:00,20,5,21.1,59.1,19.5,1.2,0.0,0.0,26.6
2025-05-24 21:00:00,21,5,12.4,94.1,27.6,1.236,0.0,0.0,36.1
2025-05-24 22:00:00,22,5,30.9,85.2,28.0,1.161,0.0,0.0,36.4
2025-05-24 23:00:00,23,5,23.7,98.8,25.5,1.189,0.0,0.0,39.5
2025-05-25 00:00:00,0,5,33.2,10.1,15.1,1.152,0.0,0.0,21.8
2025-05-25 01:00:00,1,5,21.5,80.6,42.1,1.198,0.0,0.0,64.1
2025-05-25 02:00:00,2,5,23.6,83.4,42.5,1.19,0.0,0.0,62.5
2025-05-25 03:00:00,3,5,20.5,45.7,22.6,1.202,0.0,0.0,28.7
2025-05-25 04:00:00,4,5,26.1,81.1,43.7,1.18,0.0,0.0,63.0
2025-05-25 05:00:00,5,5,28.9,3.4,23.2,1.169,0.0,0.0,29.2
2025-05-25 06:00:00,6,5,25.6,22.2,25.9,1.182,0.0,0.0,33.8
2025-05-25 07:00:00,7,5,35.7,7.1,37.4,1.143,1.3,33.5,49.6
2025-05-25 08:00:00,8,5,25.1,40.1,13.0,1.184,1.3,12.2,14.3
2025-05-25 09:00:00,9,5,12.8,97.3,30.2,1.234,0.1,0.0,41.7
2025-05-25 10:00:00,10,5,25.9,11.0,13.6,1.18,6.1,141.8,18.8
2025-05-25 11:00:00,11,5,40.0,94.1,7.8,1.127,3.6,33.1,5.7
2025-05-25 12:00:00,12,5,11.7,30.7,10.5,1.239,8.5,192.6,13.5
2025-05-25 13:00:00,13,5,21.0,5.6,36.3,1.2,8.1,205.9,47.8
2025-05-25 14:00:00,14,5,18.6,63.7,35.0,1.21,3.5,64.2,50.2
2025-05-25 15:00:00,15,5,26.5,16.3,12.3,1.178,4.2,91.3,14.4
2025-05-25 16:00:00,16,5,36.5,23.4,40.4,1.14,2.2,40.1,62.5
2025-05-25 17:00:00,17,5,34.0,37.4,13.1,1.149,0.0,0.0,13.0
2025-05-25 18:00:00,18,5,26.8,25.0,8.8,1.177,0.0,0.0,13.8
2025-05-25 19:00:00,19,5,30.1,65.8,16.9,1.164,0.0,0.0,22.8
2025-05-25 20:00:00,20,5,24.4,42.7,22.6,1.186,0.0,0.0,36.6
2025-05-25 21:00:00,21,5,19.5,76.2,20.2,1.206,0.0,0.0,26.4
2025-05-25 22:00:00,22,5,27.5,77.1,29.7,1.174,0.0,0.0,42.0
2025-05-25 23:00:00,23,5,26.2,97.6,42.9,1.179,0.0,0.0,60.7
2025-05-26 00:00:00,0,5,20.8,12.8,35.6,1.201,0.0,0.0,47.9
2025-05-26 01:00:00,1,5,31.2,3.8,27.6,1.16,0.0,0.0,35.5
2025-05-26 02:00:00,2,5,23.8,66.4,12.1,1.189,0.0,0.0,15.7
2025-05-26 03:00:00,3,5,21.1,52.7,43.6,1.2,0.0,0.0,60.5
2025-05-26 04:00:00,4,5,33.0,60.4,26.0,1.153,0.0,0.0,40.0
2025-05-26 05:00:00,5,5,24.0,7.7,14.7,1.188,0.0,0.0,17.0
2025-05-26 06:00:00,6,5,25.0,91.1,39.3,1.184,0.0,0.0,57.8
2025-05-26 07:00:00,7,5,25.7,43.2,42.5,1.181,0.0,0.0,61.7
2025-05-26 08:00:00,8,5,24.8,5.1,10.7,1.185,3.1,74.8,11.7
2025-05-26 09:00:00,9,5,23.6,95.3,10.8,1.19,0.2,0.0,12.8
2025-05-26 10:00:00,10,5,9.6,33.2,32.5,1.248,5.0,104.8,40.8
2025-05-26 11:00:00,11,5,18.8,44.5,27.5,1.209,6.1,129.9,34.8
2025-05-26 12:00:00,12,5,22.9,39.4,25.0,1.192,8.0,183.8,34.6
2025-05-26 13:00:00,13,5,20.0,1.3,32.1,1.204,8.3,203.2,39.2
2025-05-26 14:00:00,14,5,22.4,71.1,39.0,1.194,3.1,44.1,53.3
2025-05-26 15:00:00,15,5,19.7,31.9,9.4,1.205,3.4,73.4,16.7
2025-05-26 16:00:00,16,5,13.3,72.2,23.5,1.232,0.0,0.0,35.8
2025-05-26 17:00:00,17,5,34.9,54.4,41.3,1.146,0.0,0.0,60.1
2025-05-26 18:00:00,18,5,27.8,53.8,28.1,1.173,0.0,0.0,41.0
2025-05-26 19:00:00,19,5,19.4,72.5,29.3,1.207,0.0,0.0,44.0
2025-05-26 20:00:00,20,5,13.9,82.8,37.9,1.23,0.0,0.0,55.2
2025-05-26 21:00:00,21,5,24.1,36.9,29.9,1.188,0.0,0.0,41.5
2025-05-26 22:00:00,22,5,15.6,93.8,38.2,1.222,0.0,0.0,55.5
2025-05-26 23:00:00,23,5,18.6,62.1,14.5,1.21,0.0,0.0,14.7
2025-05-27 00:00:00,0,5,22.0,69.5,38.1,1.196,0.0,0.0,61.5
2025-05-27 01:00:00,1,5,18.9,42.4,38.3,1.209,0.0,0.0,52.0
2025-05-27 02:00:00,2,5,21.9,27.0,21.9,1.196,0.0,0.0,32.7
2025-05-27 03:00:00,3,5,17.6,88.1,39.9,1.214,0.0,0.0,60.1
2025-05-27 04:00:00,4,5,14.0,3.1,23.4,1.229,0.0,3.2,31.1
2025-05-27 05:00:00,5,5,17.0,92.1,14.9,1.217,0.0,0.0,16.5
2025-05-27 06:00:00,6,5,11.6,6.7,8.8,1.24,0.0,0.0,10.9
2025-05-27 07:00:00,7,5,26.5,44.0,35.3,1.178,0.0,0.0,44.9
2025-05-27 08:00:00,8,5,13.5,9.3,14.1,1.231,2.9,61.3,17.7
2025-05-27 09:00:00,9,5,21.9,92.4,14.8,1.196,0.4,0.0,14.6
2025-05-27 10:00:00,10,5,20.7,16.9,39.1,1.201,5.8,138.4,59.1
2025-05-27 11:00:00,11,5,28.1,61.5,18.3,1.172,5.3,100.0,25.5
2025-05-27 12:00:00,12,5,28.5,55.7,11.2,1.17,7.2,156.0,14.3
2025-05-27 13:00:00,13,5,46.5,28.2,35.1,1.104,6.9,154.5,44.2
2025-05-27 14:00:00,14,5,34.0,37.4,27.4,1.149,4.8,101.4,35.7
2025-05-27 15:00:00,15,5,27.3,22.5,19.1,1.175,3.9,82.7,28.2
2025-05-27 16:00:00,16,5,37.1,25.9,9.7,1.138,2.0,41.8,12.7
2025-05-27 17:00:00,17,5,26.4,56.6,16.2,1.178,0.0,0.0,18.2
2025-05-27 18:00:00,18,5,30.1,26.1,35.6,1.164,0.0,0.0,52.7
2025-05-27 19:00:00,19,5,17.5,66.2,35.6,1.214,0.0,0.0,48.5
2025-05-27 20:00:00,20,5,39.5,70.2,38.4,1.129,0.0,0.0,55.5
2025-05-27 21:00:00,21,5,30.0,38.7,20.3,1.164,0.0,0.0,25.0
2025-05-27 22:00:00,22,5,24.5,86.8,8.5,1.186,0.0,0.0,10.6
2025-05-27 23:00:00,23,5,30.5,69.0,24.6,1.162,0.0,0.0,27.7
2025-05-28 00:00:00,0,5,11.7,57.8,14.8,1.239,0.0,0.0,22.9
2025-05-28 01:00:00,1,5,19.7,71.7,30.5,1.205,0.0,0.0,42.0
2025-05-28 02:00:00,2,5,13.6,26.2,22.7,1.231,0.0,0.0,33.0
2025-05-28 03:00:00,3,5,27.9,73.3,36.1,1.173,0.0,0.0,53.9
2025-05-28 04:00:00,4,5,25.9,38.1,7.2,1.18,0.0,0.0,3.0
2025-05-28 05:00:00,5,5,23.7,44.7,13.8,1.189,0.0,0.0,18.0
2025-05-28 06:00:00,6,5,19.9,52.6,22.4,1.205,0.0,0.0,36.5
2025-05-28 07:00:00,7,5,24.9,68.8,21.1,1.184,0.0,0.0,30.3
2025-05-28 08:00:00,8,5,26.9,85.3,5.5,1.176,0.0,0.0,10.1
2025-05-28 09:00:00,9,5,32.8,20.1,28.7,1.154,4.0,91.2,37.3
2025-05-28 10:00:00,10,5,11.0,9.7,20.6,1.242,6.2,149.2,31.6
2025-05-28 11:00:00,11,5,31.2,98.5,6.3,1.16,3.4,33.6,8.2
2025-05-28 12:00:00,12,5,25.7,72.5,17.7,1.181,6.4,127.5,26.3
2025-05-28 13:00:00,13,5,28.1,3.2,8.1,1.172,8.2,207.9,9.7
2025-05-28 14:00:00,14,5,16.3,0.3,26.2,1.22,6.7,169.6,35.4
2025-05-28 15:00:00,15,5,28.6,93.6,43.3,1.17,0.3,0.0,62.7
2025-05-28 16:00:00,16,5,29.6,0.7,9.4,1.166,3.3,79.9,11.1
2025-05-28 17:00:00,17,5,26.7,77.2,38.9,1.177,0.0,0.0,58.6
2025-05-28 18:00:00,18,5,17.8,54.7,42.5,1.213,0.0,0.0,60.8
2025-05-28 19:00:00,19,5,21.0,71.5,18.0,1.2,0.0,0.0,26.0
2025-05-28 20:00:00,20,5,30.0,55.7,41.6,1.164,0.0,0.0,54.4
2025-05-28 21:00:00,21,5,28.9,92.1,35.9,1.169,0.0,0.0,48.0
2025-05-28 22:00:00,22,5,28.1,70.6,43.7,1.172,0.0,0.0,61.5
2025-05-28 23:00:00,23,5,22.1,85.6,38.5,1.196,0.0,0.0,55.2
2025-05-29 00:00:00,0,5,23.1,95.7,14.5,1.192,0.0,0.0,23.1
2025-05-29 01:00:00,1,5,33.7,15.2,42.2,1.15,0.0,0.0,59.4
2025-05-29 02:00:00,2,5,28.6,94.2,43.4,1.17,0.0,0.0,61.2
2025-05-29 03:00:00,3,5,14.9,24.2,17.0,1.225,0.0,0.0,22.3
2025-05-29 04:00:00,4,5,25.6,74.2,39.8,1.182,0.0,0.0,55.6
2025-05-29 05:00:00,5,5,29.6,22.5,9.4,1.166,0.0,0.0,7.1
2025-05-29 06:00:00,6,5,23.7,36.6,23.8,1.189,0.0,0.0,33.0
2025-05-29 07:00:00,7,5,17.1,11.6,23.0,1.216,1.1,20.3,34.4
2025-05-29 08:00:00,8,5,28.1,63.7,21.2,1.172,0.1,0.0,29.1
2025-05-29 09:00:00,9,5,32.4,96.3,27.1,1.155,0.2,0.0,34.5
2025-05-29 10:00:00,10,5,14.5,10.1,14.0,1.227,6.2,153.0,15.5
2025-05-29 11:00:00,11,5,25.0,5.7,43.6,1.184,8.0,193.4,64.1
2025-05-29 12:00:00,12,5,23.5,40.7,5.3,1.19,8.0,190.7,8.0
2025-05-29 13:00:00,13,5,28.9,81.0,24.2,1.169,4.3,65.2,35.3
2025-05-29 14:00:00,14,5,30.7,44.4,17.4,1.162,4.4,97.8,19.3
2025-05-29 15:00:00,15,5,26.2,11.4,15.7,1.179,4.4,107.2,19.2
2025-05-29 16:00:00,16,5,4.2,95.3,28.8,1.273,0.0,0.0,38.6
2025-05-29 17:00:00,17,5,24.6,17.5,11.6,1.186,0.8,18.8,15.2
2025-05-29 18:00:00,18,5,20.9,50.1,7.4,1.2,0.0,0.0,8.7
2025-05-29 19:00:00,19,5,38.6,57.2,36.7,1.132,0.0,0.0,49.5
2025-05-29 20:00:00,20,5,18.9,88.2,8.8,1.209,0.0,0.0,6.8
2025-05-29 21:00:00,21,5,38.5,16.3,38.9,1.133,0.0,0.0,55.3
2025-05-29 22:00:00,22,5,15.4,1.3,14.7,1.223,0.0,3.5,21.1
2025-05-29 23:00:00,23,5,25.8,92.6,33.4,1.181,0.0,0.0,51.8
2025-05-30 00:00:00,0,5,28.4,1.0,13.1,1.171,0.0,0.0,16.5
2025-05-30 01:00:00,1,5,20.8,59.9,16.5,1.201,0.0,0.0,21.5
2025-05-30 02:00:00,2,5,23.6,96.7,31.0,1.19,0.0,0.0,45.4
2025-05-30 03:00:00,3,5,23.0,4.1,21.5,1.192,0.0,7.6,28.4
2025-05-30 04:00:00,4,5,29.1,44.1,39.5,1.168,0.0,0.0,60.8
2025-05-30 05:00:00,5,5,34.1,33.8,7.9,1.149,0.0,0.0,11.8
2025-05-30 06:00:00,6,5,29.3,50.5,37.7,1.167,0.0,0.0,60.4
2025-05-30 07:00:00,7,5,19.7,19.8,27.7,1.205,0.7,0.0,40.0
2025-05-30 08:00:00,8,5,23.8,6.8,23.2,1.189,3.0,78.4,33.1
2025-05-30 09:00:00,9,5,19.2,29.4,33.2,1.207,3.5,74.0,46.9
2025-05-30 10:00:00,10,5,23.7,72.0,31.3,1.189,3.1,35.7,45.6
2025-05-30 11:00:00,11,5,25.7,53.2,32.7,1.181,5.7,115.0,48.2
2025-05-30 12:00:00,12,5,21.0,32.2,26.1,1.2,8.4,193.0,33.1
2025-05-30 13:00:00,13,5,25.5,72.4,31.5,1.182,4.7,79.3,46.2
2025-05-30 14:00:00,14,5,24.2,12.5,31.0,1.187,6.0,132.9,46.5
2025-05-30 15:00:00,15,5,15.7,4.6,43.0,1.222,4.8,121.4,61.2
2025-05-30 16:00:00,16,5,23.3,2.2,5.3,1.191,3.2,76.1,0.6
2025-05-30 17:00:00,17,5,24.1,72.9,23.2,1.188,0.0,0.0,27.8
2025-05-30 18:00:00,18,5,29.8,29.9,13.4,1.165,0.0,0.0,21.7
2025-05-30 19:00:00,19,5,34.5,66.5,44.9,1.147,0.0,0.0,70.4
2025-05-30 20:00:00,20,5,26.5,76.2,31.8,1.178,0.0,0.0,41.2
2025-05-30 21:00:00,21,5,20.2,95.1,42.7,1.203,0.0,0.0,60.0
2025-05-30 22:00:00,22,5,34.0,21.6,24.4,1.149,0.0,0.0,36.1
2025-05-30 23:00:00,23,5,25.0,96.3,40.4,1.184,0.0,0.0,59.8
2025-05-31 00:00:00,0,5,40.8,24.5,16.3,1.124,0.0,0.0,17.3
2025-05-31 01:00:00,1,5,25.1,87.3,34.0,1.184,0.0,0.0,41.9
2025-05-31 02:00:00,2,5,8.0,27.6,22.6,1.256,0.0,0.0,34.3
2025-05-31 03:00:00,3,5,27.9,52.7,33.3,1.173,0.0,0.0,42.4
2025-05-31 04:00:00,4,5,26.0,18.5,23.1,1.18,0.0,0.0,34.1
2025-05-31 05:00:00,5,5,25.0,17.4,38.8,1.184,0.0,0.0,49.0
2025-05-31 06:00:00,6,5,33.2,70.7,32.4,1.152,0.0,0.0,39.6
2025-05-31 07:00:00,7,5,14.9,81.7,5.6,1.225,0.0,0.0,7.1
2025-05-31 08:00:00,8,5,31.0,50.0,7.1,1.161,0.8,0.0,8.7
2025-05-31 09:00:00,9,5,27.4,55.6,27.8,1.174,2.2,30.4,39.8
2025-05-31 10:00:00,10,5,36.4,55.4,43.6,1.14,3.9,65.1,61.1
2025-05-31 11:00:00,11,5,18.7,77.8,8.2,1.209,4.4,69.1,8.3
2025-05-31 12:00:00,12,5,15.3,67.4,39.4,1.224,6.6,139.8,58.9
2025-05-31 13:00:00,13,5,23.2,1.2,37.0,1.191,8.3,209.2,56.9
2025-05-31 14:00:00,14,5,21.7,11.9,5.7,1.197,6.1,150.4,3.4
2025-05-31 15:00:00,15,5,24.1,0.5,11.7,1.188,5.0,119.7,7.6
2025-05-31 16:00:00,16,5,33.2,25.5,35.5,1.152,2.1,44.4,47.8
2025-05-31 17:00:00,17,5,38.1,47.7,43.8,1.134,0.0,0.0,62.2
2025-05-31 18:00:00,18,5,31.5,38.4,42.9,1.159,0.0,0.0,60.8
2025-05-31 19:00:00,19,5,18.1,52.4,35.0,1.212,0.0,0.0,54.8
2025-05-31 20:00:00,20,5,37.1,74.8,29.1,1.138,0.0,0.0,42.0
2025-05-31 21:00:00,21,5,15.2,81.9,44.2,1.224,0.0,0.0,60.0
2025-05-31 22:00:00,22,5,15.7,6.4,6.8,1.222,0.0,3.5,4.7
2025-05-31 23:00:00,23,5,21.8,82.5,9.2,1.197,0.0,0.0,8.4
2025-06-01 00:00:00,0,6,32.6,97.3,9.0,1.154,0.0,0.0,6.2
2025-06-01 01:00:00,1,6,24.5,75.3,38.8,1.186,0.0,0.0,55.7
2025-06-01 02:00:00,2,6,7.6,76.8,5.5,1.257,0.0,0.0,0.0
2025-06-01 03:00:00,3,6,34.4,37.8,38.1,1.148,0.0,0.0,54.8
2025-06-01 04:00:00,4,6,22.8,28.7,33.0,1.193,0.0,0.0,47.2
2025-06-01 05:00:00,5,6,40.0,31.4,26.7,1.127,0.0,0.0,37.3
2025-06-01 06:00:00,6,6,32.4,98.4,19.0,1.155,0.0,0.0,30.4
2025-06-01 07:00:00,7,6,28.3,33.6,13.0,1.171,0.0,0.0,13.7
2025-06-01 08:00:00,8,6,32.3,67.4,11.7,1.156,0.0,0.0,16.5
2025-06-01 09:00:00,9,6,16.0,27.9,26.5,1.221,3.6,78.9,34.5
2025-06-01 10:00:00,10,6,16.0,56.4,39.5,1.221,3.8,66.1,50.6
2025-06-01 11:00:00,11,6,24.4,53.8,11.7,1.186,5.6,110.4,12.0
2025-06-01 12:00:00,12,6,16.8,42.7,13.8,1.217,7.9,175.7,13.9
2025-06-01 13:00:00,13,6,21.6,73.6,24.6,1.198,4.7,82.8,36.8
2025-06-01 14:00:00,14,6,21.5,50.5,25.8,1.198,4.1,80.6,37.0
2025-06-01 15:00:00,15,6,8.1,96.0,36.1,1.255,0.2,0.0,54.4
2025-06-01 16:00:00,16,6,23.9,16.9,21.6,1.188,2.5,57.8,25.5
2025-06-01 17:00:00,17,6,42.1,75.7,15.9,1.12,0.0,0.0,23.4
2025-06-01 18:00:00,18,6,36.4,10.3,21.9,1.14,0.0,0.0,29.5
2025-06-01 19:00:00,19,6,43.6,82.0,5.1,1.114,0.0,0.0,5.1
2025-06-01 20:00:00,20,6,20.7,48.4,43.0,1.201,0.0,0.0,65.3
2025-06-01 21:00:00,21,6,12.4,36.5,36.2,1.236,0.0,0.0,47.9
2025-06-01 22:00:00,22,6,17.1,64.3,12.4,1.216,0.0,0.0,18.9
2025-06-01 23:00:00,23,6,30.6,68.0,36.1,1.162,0.0,0.0,46.3
2025-06-02 00:00:00,0,6,31.5,39.2,40.4,1.159,0.0,0.0,59.4
2025-06-02 01:00:00,1,6,35.2,11.8,12.4,1.145,0.0,0.0,13.8
2025-06-02 02:00:00,2,6,20.5,16.1,16.7,1.202,0.0,0.0,18.9
2025-06-02 03:00:00,3,6,14.8,10.1,30.3,1.226,0.0,0.0,39.5
2025-06-02 04:00:00,4,6,9.6,58.8,17.6,1.248,0.0,0.0,19.9
2025-06-02 05:00:00,5,6,16.3,94.4,37.2,1.22,0.0,0.0,51.4
2025-06-02 06:00:00,6,6,27.4,58.7,19.3,1.174,0.0,0.0,27.8
2025-06-02 07:00:00,7,6,27.6,77.8,20.4,1.174,0.0,0.0,25.0
2025-06-02 08:00:00,8,6,21.4,17.6,9.1,1.198,2.5,46.3,10.2
2025-06-02 09:00:00,9,6,39.1,25.4,5.4,1.13,3.7,85.9,8.7
2025-06-02 10:00:00,10,6,17.8,24.1,21.0,1.213,5.5,128.8,30.5
2025-06-02 11:00:00,11,6,17.4,77.1,29.4,1.215,4.5,81.3,45.8
2025-06-02 12:00:00,12,6,20.7,70.3,19.0,1.201,6.5,125.7,18.2
2025-06-02 13:00:00,13,6,29.7,12.8,18.2,1.166,7.7,184.8,24.3
2025-06-02 14:00:00,14,6,30.3,44.6,14.6,1.163,4.4,86.1,19.7
2025-06-02 15:00:00,15,6,33.2,19.8,22.0,1.152,4.0,91.4,30.1
2025-06-02 16:00:00,16,6,24.4,29.1,40.2,1.186,1.9,38.4,54.2
2025-06-02 17:00:00,17,6,32.9,44.0,10.9,1.153,0.0,0.0,11.1
2025-06-02 18:00:00,18,6,24.3,86.6,25.1,1.187,0.0,0.0,34.0
2025-06-02 19:00:00,19,6,24.1,99.0,12.4,1.188,0.0,0.0,12.4
2025-06-02 20:00:00,20,6,20.8,90.2,19.7,1.201,0.0,0.0,28.6
2025-06-02 21:00:00,21,6,26.7,31.3,17.8,1.177,0.0,0.0,21.8
2025-06-02 22:00:00,22,6,32.2,58.8,12.7,1.156,0.0,0.0,15.9
2025-06-02 23:00:00,23,6,12.2,79.2,34.7,1.237,0.0,0.0,49.4
2025-06-03 00:00:00,0,6,25.7,65.7,17.1,1.181,0.0,0.0,26.8
2025-06-03 01:00:00,1,6,23.3,76.8,25.8,1.191,0.0,0.0,42.8
2025-06-03 02:00:00,2,6,35.7,59.0,17.1,1.143,0.0,0.0,21.0
2025-06-03 03:00:00,3,6,25.4,51.0,30.4,1.182,0.0,0.0,34.1
2025-06-03 04:00:00,4,6,18.2,10.2,6.6,1.212,0.0,0.0,11.4
2025-06-03 05:00:00,5,6,14.8,94.4,31.3,1.226,0.0,0.0,42.3
2025-06-03 06:00:00,6,6,32.0,11.7,12.4,1.157,0.0,0.0,10.7
2025-06-03 07:00:00,7,6,18.4,90.1,15.7,1.211,0.0,0.0,20.1
2025-06-03 08:00:00,8,6,17.9,53.2,38.1,1.213,0.7,0.0,47.2
2025-06-03 09:00:00,9,6,21.5,47.3,8.7,1.198,2.6,46.2,6.7
2025-06-03 10:00:00,10,6,21.7,76.6,18.1,1.197,2.8,32.7,26.9
2025-06-03 11:00:00,11,6,23.9,8.3,21.7,1.188,7.9,192.5,29.7
2025-06-03 12:00:00,12,6,1.5,94.3,34.7,1.285,5.3,81.9,48.3
2025-06-03 13:00:00,13,6,20.9,23.9,12.4,1.2,7.1,164.8,15.8
2025-06-03 14:00:00,14,6,25.0,21.8,5.8,1.184,5.6,129.2,6.5
2025-06-03 15:00:00,15,6,22.3,24.3,12.0,1.195,3.8,75.3,20.9
2025-06-03 16:00:00,16,6,39.3,20.5,13.8,1.13,2.3,50.8,12.0
2025-06-03 17:00:00,17,6,30.9,61.1,31.1,1.161,0.0,0.0,37.9
2025-06-03 18:00:00,18,6,28.2,15.7,7.9,1.171,0.0,0.0,5.3
2025-06-03 19:00:00,19,6,30.2,58.2,10.9,1.164,0.0,0.0,12.9
2025-06-03 20:00:00,20,6,18.7,11.1,11.2,1.209,0.0,6.1,13.0
2025-06-03 21:00:00,21,6,22.9,89.2,27.9,1.192,0.0,0.0,39.6
2025-06-03 22:00:00,22,6,8.1,98.5,37.8,1.255,0.0,0.0,53.3
2025-06-03 23:00:00,23,6,26.9,23.4,8.5,1.176,0.0,0.0,8.5
2025-06-04 00:00:00,0,6,28.3,46.6,17.2,1.171,0.0,0.0,22.8
2025-06-04 01:00:00,1,6,26.6,13.2,29.0,1.178,0.0,0.0,37.9
2025-06-04 02:00:00,2,6,22.0,99.8,44.8,1.196,0.0,0.0,67.5
2025-06-04 03:00:00,3,6,36.3,28.0,8.0,1.141,0.0,0.0,10.4
2025-06-04 04:00:00,4,6,17.8,47.5,42.0,1.213,0.0,0.0,61.8
2025-06-04 05:00:00,5,6,30.2,38.7,14.6,1.164,0.0,0.0,19.3
2025-06-04 06:00:00,6,6,31.1,16.1,17.9,1.16,0.0,0.0,22.9
2025-06-04 07:00:00,7,6,24.4,68.8,28.9,1.186,0.0,0.0,40.6
2025-06-04 08:00:00,8,6,16.8,4.7,36.0,1.217,3.1,69.0,53.5
2025-06-04 09:00:00,9,6,22.6,36.9,24.3,1.194,3.2,57.3,34.7
2025-06-04 10:00:00,10,6,34.8,10.5,29.7,1.146,6.1,147.8,42.7
2025-06-04 11:00:00,11,6,23.7,98.0,33.8,1.189,3.4,32.2,43.5
2025-06-04 12:00:00,12,6,30.6,38.3,32.9,1.162,8.1,184.5,43.6
2025-06-04 13:00:00,13,6,36.1,15.1,21.1,1.141,7.6,188.1,26.0
2025-06-04 14:00:00,14,6,17.1,68.9,18.1,1.216,3.2,45.4,25.4
2025-06-04 15:00:00,15,6,23.8,81.8,24.3,1.189,0.9,0.0,32.5
2025-06-04 16:00:00,16,6,21.6,39.2,30.9,1.198,1.4,8.4,43.6
2025-06-04 17:00:00,17,6,22.8,39.9,24.8,1.193,0.0,0.0,32.6
2025-06-04 18:00:00,18,6,32.9,69.3,5.9,1.153,0.0,0.0,7.3
2025-06-04 19:00:00,19,6,21.8,26.7,27.4,1.197,0.0,0.0,39.3
2025-06-04 20:00:00,20,6,32.4,34.2,10.9,1.155,0.0,0.0,13.1
2025-06-04 21:00:00,21,6,13.9,70.5,43.5,1.23,0.0,0.0,61.2
2025-06-04 22:00:00,22,6,20.5,27.8,9.9,1.202,0.0,0.0,10.6
2025-06-04 23:00:00,23,6,21.4,4.0,15.2,1.198,0.0,1.3,18.3
2025-06-05 00:00:00,0,6,22.4,43.2,37.5,1.194,0.0,0.0,50.3
2025-06-05 01:00:00,1,6,35.9,36.8,35.0,1.142,0.0,0.0,45.8
2025-06-05 02:00:00,2,6,32.8,63.9,22.3,1.154,0.0,0.0,32.2
2025-06-05 03:00:00,3,6,29.8,59.0,32.0,1.165,0.0,0.0,44.6
2025-06-05 04:00:00,4,6,34.9,64.9,38.6,1.146,0.0,0.0,52.9
2025-06-05 05:00:00,5,6,22.1,11.4,32.2,1.196,0.0,0.0,40.0
2025-06-05 06:00:00,6,6,29.3,47.8,5.1,1.167,0.0,0.0,0.0
2025-06-05 07:00:00,7,6,22.0,72.6,14.1,1.196,0.0,0.0,17.7
2025-06-05 08:00:00,8,6,25.0,88.2,9.9,1.184,0.0,0.0,8.3
2025-06-05 09:00:00,9,6,11.2,53.8,21.3,1.241,2.3,26.8,27.9
2025-06-05 10:00:00,10,6,21.4,96.2,9.1,1.198,1.9,0.0,6.7
2025-06-05 11:00:00,11,6,19.1,1.3,20.4,1.208,8.3,206.4,24.5
2025-06-05 12:00:00,12,6,26.0,47.3,20.3,1.18,7.6,168.0,24.2
2025-06-05 13:00:00,13,6,24.3,32.7,14.8,1.187,6.7,160.0,17.0
2025-06-05 14:00:00,14,6,28.0,79.0,30.8,1.172,2.7,26.5,38.0
2025-06-05 15:00:00,15,6,19.9,74.1,25.1,1.205,1.3,0.0,32.5
2025-06-05 16:00:00,16,6,19.5,95.0,6.7,1.206,0.0,0.0,7.6
2025-06-05 17:00:00,17,6,27.1,52.7,9.5,1.176,0.0,0.0,13.0
2025-06-05 18:00:00,18,6,35.7,35.7,16.6,1.143,0.0,0.0,24.6
2025-06-05 19:00:00,19,6,26.5,54.7,30.6,1.178,0.0,0.0,40.8
2025-06-05 20:00:00,20,6,29.1,92.6,14.0,1.168,0.0,0.0,12.4
2025-06-05 21:00:00,21,6,25.4,8.4,21.4,1.182,0.0,1.2,29.5
2025-06-05 22:00:00,22,6,14.0,83.7,25.0,1.229,0.0,0.0,35.7
2025-06-05 23:00:00,23,6,21.4,90.2,31.5,1.198,0.0,0.0,41.4
2025-06-06 00:00:00,0,6,35.5,62.3,25.9,1.144,0.0,0.0,38.5
2025-06-06 01:00:00,1,6,31.2,36.0,33.1,1.16,0.0,0.0,51.0
2025-06-06 02:00:00,2,6,34.9,86.7,22.3,1.146,0.0,0.0,32.9
2025-06-06 03:00:00,3,6,31.2,76.3,17.8,1.16,0.0,0.0,19.6
2025-06-06 04:00:00,4,6,26.8,99.7,28.3,1.177,0.0,0.0,42.2
2025-06-06 05:00:00,5,6,27.3,10.4,26.6,1.175,0.0,0.0,38.4
2025-06-06 06:00:00,6,6,36.1,33.6,9.1,1.141,0.0,0.0,5.4
2025-06-06 07:00:00,7,6,23.2,40.2,43.4,1.191,0.0,0.0,59.1
2025-06-06 08:00:00,8,6,23.6,94.8,13.5,1.19,0.0,0.0,17.5
2025-06-06 09:00:00,9,6,16.4,34.7,43.8,1.219,3.3,71.8,63.5
2025-06-06 10:00:00,10,6,14.1,21.4,32.2,1.229,5.6,129.6,51.0
2025-06-06 11:00:00,11,6,19.5,5.2,12.6,1.206,8.1,205.5,21.1
2025-06-06 12:00:00,12,6,16.3,91.6,42.2,1.22,5.4,87.3,65.4
2025-06-06 13:00:00,13,6,26.1,86.1,8.3,1.18,4.0,65.4,5.4
2025-06-06 14:00:00,14,6,6.5,36.9,37.4,1.262,4.8,108.9,55.5
2025-06-06 15:00:00,15,6,34.8,17.1,9.4,1.146,4.1,102.3,10.3
2025-06-06 16:00:00,16,6,27.9,94.1,21.1,1.173,0.0,0.0,28.6
2025-06-06 17:00:00,17,6,32.2,11.1,14.9,1.156,1.1,24.2,15.6
2025-06-06 18:00:00,18,6,22.9,43.4,13.2,1.192,0.0,0.0,14.1
2025-06-06 19:00:00,19,6,24.4,26.0,17.7,1.186,0.0,0.0,26.2
2025-06-06 20:00:00,20,6,15.2,84.5,22.6,1.224,0.0,0.0,29.9
2025-06-06 21:00:00,21,6,16.5,26.4,12.4,1.219,0.0,0.0,15.4
2025-06-06 22:00:00,22,6,9.3,91.4,35.6,1.25,0.0,0.0,46.3
2025-06-06 23:00:00,23,6,18.9,0.6,31.4,1.209,0.0,0.0,43.4
2025-06-07 00:00:00,0,6,29.8,98.3,16.2,1.165,0.0,0.0,16.6
2025-06-07 01:00:00,1,6,24.1,12.1,7.0,1.188,0.0,0.0,4.2
2025-06-07 02:00:00,2,6,24.8,98.8,20.9,1.185,0.0,0.0,20.6
2025-06-07 03:00:00,3,6,14.8,41.6,17.8,1.226,0.0,0.0,21.1
2025-06-07 04:00:00,4,6,29.9,65.8,25.4,1.165,0.0,0.0,40.7
2025-06-07 05:00:00,5,6,22.1,58.4,8.1,1.196,0.0,0.0,13.2
2025-06-07 06:00:00,6,6,22.9,50.0,21.9,1.192,0.0,0.0,29.9
2025-06-07 07:00:00,7,6,34.2,38.6,28.2,1.148,0.0,0.0,40.2
2025-06-07 08:00:00,8,6,29.8,6.9,31.6,1.165,3.0,67.7,45.7
2025-06-07 09:00:00,9,6,26.9,33.1,18.0,1.176,3.3,65.4,24.1
2025-06-07 10:00:00,10,6,40.4,28.0,42.0,1.126,5.3,121.8,62.0
2025-06-07 11:00:00,11,6,39.6,16.4,40.1,1.129,7.5,173.0,60.9
2025-06-07 12:00:00,12,6,33.4,86.8,39.0,1.151,5.7,95.4,57.9
2025-06-07 13:00:00,13,6,21.0,11.4,10.2,1.2,7.8,195.6,11.9
2025-06-07 14:00:00,14,6,19.7,93.8,7.7,1.205,2.0,0.4,6.5
2025-06-07 15:00:00,15,6,40.4,9.2,24.9,1.126,4.5,110.4,29.2
2025-06-07 16:00:00,16,6,23.9,80.6,20.6,1.188,0.0,0.0,27.5
2025-06-07 17:00:00,17,6,30.5,64.6,15.4,1.162,0.0,0.0,18.2
2025-06-07 18:00:00,18,6,13.0,52.8,43.5,1.234,0.0,0.0,62.0
2025-06-07 19:00:00,19,6,19.4,32.0,23.7,1.207,0.0,0.0,32.7
2025-06-07 20:00:00,20,6,24.2,1.3,43.0,1.187,0.0,0.4,59.8
2025-06-07 21:00:00,21,6,30.1,73.0,38.9,1.164,0.0,0.0,55.5
2025-06-07 22:00:00,22,6,23.2,82.7,36.3,1.191,0.0,0.0,48.5
2025-06-07 23:00:00,23,6,25.9,7.1,34.6,1.18,0.0,0.0,51.4
2025-06-08 00:00:00,0,6,26.5,44.7,23.3,1.178,0.0,0.0,35.2
2025-06-08 01:00:00,1,6,27.3,75.4,29.6,1.175,0.0,0.0,41.2
2025-06-08 02:00:00,2,6,19.3,96.6,5.0,1.207,0.0,0.0,7.1
2025-06-08 03:00:00,3,6,15.7,73.2,7.4,1.222,0.0,0.0,12.9
2025-06-08 04:00:00,4,6,22.6,44.4,14.3,1.194,0.0,0.0,13.2
2025-06-08 05:00:00,5,6,24.9,49.5,21.5,1.184,0.0,0.0,25.5
2025-06-08 06:00:00,6,6,21.3,51.0,33.0,1.199,0.0,0.0,42.5
2025-06-08 07:00:00,7,6,25.9,93.6,29.3,1.18,0.0,0.0,43.0
2025-06-08 08:00:00,8,6,42.3,18.4,36.4,1.119,2.4,43.7,46.6
2025-06-08 09:00:00,9,6,28.3,13.1,42.0,1.171,4.3,97.2,62.6
2025-06-08 10:00:00,10,6,20.5,38.3,31.7,1.202,4.8,99.1,47.0
2025-06-08 11:00:00,11,6,42.1,34.6,24.3,1.12,6.6,147.7,38.6
2025-06-08 12:00:00,12,6,25.3,69.8,11.9,1.183,6.5,127.9,10.6
2025-06-08 13:00:00,13,6,31.2,76.5,10.0,1.16,4.5,81.7,16.0
2025-06-08 14:00:00,14,6,28.8,82.6,15.3,1.169,2.5,17.2,25.4
2025-06-08 15:00:00,15,6,20.7,74.5,22.4,1.201,1.3,0.0,31.2
2025-06-08 16:00:00,16,6,26.2,28.7,12.5,1.179,1.9,32.0,16.3
2025-06-08 17:00:00,17,6,20.5,74.4,6.0,1.202,0.0,0.0,7.8
2025-06-08 18:00:00,18,6,31.7,94.5,8.8,1.158,0.0,0.0,11.4
2025-06-08 19:00:00,19,6,24.5,63.1,9.8,1.186,0.0,0.0,9.5
2025-06-08 20:00:00,20,6,33.3,79.2,35.5,1.152,0.0,0.0,51.9
2025-06-08 21:00:00,21,6,6.4,64.6,30.4,1.263,0.0,0.0,44.2
2025-06-08 22:00:00,22,6,21.5,4.7,8.7,1.198,0.0,0.0,6.7
2025-06-08 23:00:00,23,6,17.7,83.9,31.9,1.214,0.0,0.0,43.8
2025-06-09 00:00:00,0,6,19.9,16.9,32.5,1.205,0.0,0.0,46.2
2025-06-09 01:00:00,1,6,18.7,48.3,30.5,1.209,0.0,0.0,42.3
2025-06-09 02:00:00,2,6,37.3,28.4,24.2,1.137,0.0,0.0,32.7
2025-06-09 03:00:00,3,6,23.3,39.5,7.0,1.191,0.0,0.0,10.4
2025-06-09 04:00:00,4,6,19.1,98.7,6.7,1.208,0.0,0.0,10.6
2025-06-09 05:00:00,5,6,26.3,43.8,44.6,1.179,0.0,0.0,59.9
2025-06-09 06:00:00,6,6,20.5,51.6,30.1,1.202,0.0,0.0,48.0
2025-06-09 07:00:00,7,6,23.3,54.9,10.5,1.191,0.0,0.0,13.3
2025-06-09 08:00:00,8,6,22.2,53.4,8.0,1.195,0.7,0.0,6.3
2025-06-09 09:00:00,9,6,15.5,82.4,10.6,1.223,0.9,0.0,16.0
2025-06-09 10:00:00,10,6,23.9,43.1,27.5,1.188,4.5,88.2,33.7
2025-06-09 11:00:00,11,6,26.5,99.4,36.6,1.178,3.4,32.9,48.5
2025-06-09 12:00:00,12,6,30.8,62.2,37.8,1.161,6.9,140.6,53.0
2025-06-09 13:00:00,13,6,26.8,60.5,24.6,1.177,5.3,98.2,34.1
2025-06-09 14:00:00,14,6,18.0,41.4,44.9,1.212,4.6,95.9,66.6
2025-06-09 15:00:00,15,6,19.7,42.6,26.9,1.205,2.9,50.3,42.2
2025-06-09 16:00:00,16,6,18.4,12.5,37.7,1.211,2.7,57.9,53.7
2025-06-09 17:00:00,17,6,17.5,0.0,6.6,1.214,1.7,41.9,6.1
2025-06-09 18:00:00,18,6,38.6,33.8,27.9,1.132,0.0,0.0,30.8
2025-06-09 19:00:00,19,6,26.3,61.6,13.5,1.179,0.0,0.0,23.3
2025-06-09 20:00:00,20,6,18.5,86.5,6.2,1.21,0.0,0.0,5.9
2025-06-09 21:00:00,21,6,9.5,3.0,13.3,1.249,0.0,0.1,18.9
2025-06-09 22:00:00,22,6,25.5,25.2,38.9,1.182,0.0,0.0,54.2
2025-06-09 23:00:00,23,6,21.3,88.9,16.6,1.199,0.0,0.0,18.5
2025-06-10 00:00:00,0,6,19.3,61.6,33.4,1.207,0.0,0.0,45.0
2025-06-10 01:00:00,1,6,21.6,19.0,12.4,1.198,0.0,0.0,17.1
2025-06-10 02:00:00,2,6,35.1,16.2,26.9,1.145,0.0,0.0,38.7
2025-06-10 03:00:00,3,6,29.7,57.5,23.6,1.166,0.0,0.0,31.4
2025-06-10 04:00:00,4,6,36.7,63.8,38.5,1.139,0.0,0.0,54.2
2025-06-10 05:00:00,5,6,15.6,35.4,17.7,1.222,0.0,0.0,19.5
2025-06-10 06:00:00,6,6,21.9,64.9,14.5,1.196,0.0,0.0,17.4
2025-06-10 07:00:00,7,6,24.5,50.9,35.3,1.186,0.0,0.0,49.9
2025-06-10 08:00:00,8,6,32.8,48.3,15.9,1.154,0.9,0.0,22.5
2025-06-10 09:00:00,9,6,32.7,49.7,25.5,1.154,2.5,37.3,40.4
2025-06-10 10:00:00,10,6,24.8,66.3,7.5,1.185,3.4,53.9,10.5
2025-06-10 11:00:00,11,6,22.0,40.9,43.3,1.196,6.3,137.4,58.6
2025-06-10 12:00:00,12,6,15.4,35.7,6.6,1.223,8.2,178.0,7.4
2025-06-10 13:00:00,13,6,21.0,52.8,28.9,1.2,5.7,115.1,42.2
2025-06-10 14:00:00,14,6,21.9,78.5,32.9,1.196,2.7,31.3,47.6
2025-06-10 15:00:00,15,6,20.9,15.6,44.5,1.2,4.2,98.4,63.4
2025-06-10 16:00:00,16,6,19.9,39.7,33.5,1.205,1.3,12.3,49.3
2025-06-10 17:00:00,17,6,29.7,64.6,36.9,1.166,0.0,0.0,53.6
2025-06-10 18:00:00,18,6,30.0,93.2,44.5,1.164,0.0,0.0,63.8
2025-06-10 19:00:00,19,6,22.5,71.9,17.3,1.194,0.0,0.0,25.5
2025-06-10 20:00:00,20,6,28.7,40.4,39.4,1.169,0.0,0.0,49.9
2025-06-10 21:00:00,21,6,34.3,50.0,44.6,1.148,0.0,0.0,64.4
2025-06-10 22:00:00,22,6,28.8,87.2,43.2,1.169,0.0,0.0,68.1
2025-06-10 23:00:00,23,6,28.1,64.6,35.1,1.172,0.0,0.0,47.3
2025-06-11 00:00:00,0,6,19.2,69.4,30.6,1.207,0.0,0.0,41.5
2025-06-11 01:00:00,1,6,37.2,31.3,12.4,1.137,0.0,0.0,16.0
2025-06-11 02:00:00,2,6,21.3,68.6,32.5,1.199,0.0,0.0,46.9
2025-06-11 03:00:00,3,6,38.5,30.5,34.2,1.133,0.0,0.0,49.3
2025-06-11 04:00:00,4,6,33.1,53.7,16.0,1.153,0.0,0.0,21.9
2025-06-11 05:00:00,5,6,26.3,24.4,37.3,1.179,0.0,0.0,54.1
2025-06-11 06:00:00,6,6,15.3,18.5,42.3,1.224,0.0,0.0,59.1
2025-06-11 07:00:00,7,6,22.1,86.5,5.7,1.196,0.0,0.0,3.3
2025-06-11 08:00:00,8,6,27.9,36.1,32.0,1.173,1.5,17.6,43.1
2025-06-11 09:00:00,9,6,27.5,76.2,35.6,1.174,1.2,0.0,55.3
2025-06-11 10:00:00,10,6,15.2,20.0,11.7,1.224,5.7,130.4,11.9
2025-06-11 11:00:00,11,6,27.4,52.5,13.7,1.174,5.7,119.8,17.7
2025-06-11 12:00:00,12,6,23.7,11.8,30.5,1.189,9.4,226.7,41.0
2025-06-11 13:00:00,13,6,30.6,99.3,6.5,1.162,3.4,47.9,7.5
2025-06-11 14:00:00,14,6,20.9,25.3,41.6,1.2,5.4,119.9,59.2
2025-06-11 15:00:00,15,6,13.5,3.4,9.6,1.231,4.8,103.0,10.8
2025-06-11 16:00:00,16,6,24.4,70.9,11.9,1.186,0.0,0.0,14.1
2025-06-11 17:00:00,17,6,27.2,69.7,20.7,1.175,0.0,0.0,26.3
2025-06-11 18:00:00,18,6,41.9,25.6,39.3,1.12,0.0,0.0,53.5
2025-06-11 19:00:00,19,6,29.8,40.4,10.5,1.165,0.0,0.0,12.3
2025-06-11 20:00:00,20,6,1.5,57.7,7.0,1.285,0.0,0.0,8.2
2025-06-11 21:00:00,21,6,25.4,64.8,29.5,1.182,0.0,0.0,40.0
2025-06-11 22:00:00,22,6,24.9,62.6,28.6,1.184,0.0,0.0,40.3
2025-06-11 23:00:00,23,6,18.4,21.3,21.7,1.211,0.0,0.0,25.9
2025-06-12 00:00:00,0,6,25.3,22.4,10.1,1.183,0.0,0.3,12.8
2025-06-12 01:00:00,1,6,30.8,5.2,44.1,1.161,0.0,0.0,57.0
2025-06-12 02:00:00,2,6,38.0,37.5,39.9,1.134,0.0,0.0,56.0
2025-06-12 03:00:00,3,6,12.6,62.5,18.6,1.235,0.0,0.0,24.3
2025-06-12 04:00:00,4,6,21.1,76.2,41.9,1.2,0.0,0.0,55.4
2025-06-12 05:00:00,5,6,23.9,92.5,15.5,1.188,0.0,0.0,21.4
2025-06-12 06:00:00,6,6,9.5,40.6,43.3,1.249,0.0,0.0,62.3
2025-06-12 07:00:00,7,6,32.1,65.7,11.1,1.156,0.0,0.0,20.5
2025-06-12 08:00:00,8,6,30.5,23.1,12.6,1.162,2.2,39.9,11.8
2025-06-12 09:00:00,9,6,15.5,30.1,23.6,1.223,3.5,67.3,34.4
2025-06-12 10:00:00,10,6,21.5,9.7,24.6,1.198,6.2,153.3,38.1
2025-06-12 11:00:00,11,6,33.8,52.6,34.8,1.15,5.7,116.5,49.7
2025-06-12 12:00:00,12,6,17.7,87.6,29.7,1.214,5.6,103.7,40.2
2025-06-12 13:00:00,13,6,26.7,21.1,10.0,1.177,7.3,171.6,9.1
2025-06-12 14:00:00,14,6,26.7,29.0,36.7,1.177,5.2,115.5,49.7
2025-06-12 15:00:00,15,6,21.3,22.2,39.7,1.199,3.9,87.5,57.6
2025-06-12 16:00:00,16,6,17.5,73.0,32.4,1.214,0.0,0.0,40.4
2025-06-12 17:00:00,17,6,23.6,91.1,35.8,1.19,0.0,0.0,50.5
2025-06-12 18:00:00,18,6,23.5,95.2,14.6,1.19,0.0,0.0,15.2
2025-06-12 19:00:00,19,6,19.4,19.0,10.3,1.207,0.0,0.0,14.7
2025-06-12 20:00:00,20,6,24.6,10.3,22.6,1.186,0.0,0.0,33.4
2025-06-12 21:00:00,21,6,30.5,68.1,10.0,1.162,0.0,0.0,14.3
2025-06-12 22:00:00,22,6,11.8,74.0,38.3,1.239,0.0,0.0,52.7
2025-06-12 23:00:00,23,6,38.0,17.8,30.9,1.134,0.0,0.0,45.1
2025-06-13 00:00:00,0,6,23.0,27.9,43.7,1.192,0.0,0.0,58.0
2025-06-13 01:00:00,1,6,25.2,54.7,30.5,1.183,0.0,0.0,40.7
2025-06-13 02:00:00,2,6,37.5,16.8,15.8,1.136,0.0,0.0,15.0
2025-06-13 03:00:00,3,6,25.3,58.7,27.4,1.183,0.0,0.0,36.8
2025-06-13 04:00:00,4,6,32.4,79.4,44.6,1.155,0.0,0.0,63.4
2025-06-13 05:00:00,5,6,14.4,34.9,25.7,1.228,0.0,0.0,37.2
2025-06-13 06:00:00,6,6,33.0,14.2,30.6,1.153,0.0,0.0,44.1
2025-06-13 07:00:00,7,6,25.3,21.2,11.4,1.183,0.6,10.0,14.0
2025-06-13 08:00:00,8,6,35.7,24.9,43.9,1.143,2.1,36.6,63.8
2025-06-13 09:00:00,9,6,25.9,48.1,38.3,1.18,2.6,45.9,49.4
2025-06-13 10:00:00,10,6,31.0,29.1,5.9,1.161,5.2,113.9,5.2
2025-06-13 11:00:00,11,6,40.0,5.6,19.0,1.127,8.1,203.3,26.3
2025-06-13 12:00:00,12,6,31.6,55.5,5.4,1.158,7.2,155.0,2.1
2025-06-13 13:00:00,13,6,21.9,68.4,16.1,1.196,4.9,98.5,25.4
2025-06-13 14:00:00,14,6,25.9,66.4,29.1,1.18,3.3,40.5,39.7
2025-06-13 15:00:00,15,6,31.6,78.8,42.5,1.158,1.1,0.0,55.0
2025-06-13 16:00:00,16,6,14.3,90.0,23.4,1.228,0.0,0.0,33.2
2025-06-13 17:00:00,17,6,31.9,64.7,12.8,1.157,0.0,0.0,11.7
2025-06-13 18:00:00,18,6,36.8,96.3,42.6,1.139,0.0,0.0,58.2
2025-06-13 19:00:00,19,6,25.9,93.4,29.6,1.18,0.0,0.0,41.6
2025-06-13 20:00:00,20,6,21.5,18.6,16.7,1.198,0.0,0.0,26.1
2025-06-13 21:00:00,21,6,35.1,50.7,14.9,1.145,0.0,0.0,17.7
2025-06-13 22:00:00,22,6,14.5,95.8,11.7,1.227,0.0,0.0,19.3
2025-06-13 23:00:00,23,6,11.5,11.5,35.9,1.24,0.0,0.0,54.4
2025-06-14 00:00:00,0,6,18.8,14.9,14.8,1.209,0.0,0.0,17.5
2025-06-14 01:00:00,1,6,17.0,86.3,16.7,1.217,0.0,0.0,25.0
2025-06-14 02:00:00,2,6,20.8,83.8,25.6,1.201,0.0,0.0,37.7
2025-06-14 03:00:00,3,6,38.3,24.0,20.9,1.133,0.0,0.0,32.3
2025-06-14 04:00:00,4,6,20.4,79.7,33.8,1.202,0.0,0.0,48.0
2025-06-14 05:00:00,5,6,12.7,72.3,39.3,1.235,0.0,0.0,54.1
2025-06-14 06:00:00,6,6,11.7,90.4,31.7,1.239,0.0,0.0,41.4
2025-06-14 07:00:00,7,6,26.4,6.9,20.7,1.178,1.3,25.7,27.7
2025-06-14 08:00:00,8,6,22.5,86.6,13.7,1.194,0.0,0.0,12.0
2025-06-14 09:00:00,9,6,18.3,7.3,20.4,1.211,4.6,115.2,27.3
2025-06-14 10:00:00,10,6,29.4,60.2,30.9,1.167,3.7,61.8,44.9
2025-06-14 11:00:00,11,6,29.9,19.6,41.0,1.165,7.4,171.2,53.5
2025-06-14 12:00:00,12,6,33.7,83.5,22.6,1.15,5.8,106.0,27.4
2025-06-14 13:00:00,13,6,22.8,29.3,30.0,1.193,6.9,159.4,43.3
2025-06-14 14:00:00,14,6,28.1,49.4,43.5,1.172,4.2,79.3,62.8
2025-06-14 15:00:00,15,6,23.1,63.4,30.7,1.192,1.8,18.5,47.3
2025-06-14 16:00:00,16,6,33.0,52.5,42.8,1.153,0.7,0.0,62.5
2025-06-14 17:00:00,17,6,19.2,72.7,40.6,1.207,0.0,0.0,59.9
2025-06-14 18:00:00,18,6,17.3,26.3,29.5,1.215,0.0,0.0,38.3
2025-06-14 19:00:00,19,6,23.6,24.4,15.2,1.19,0.0,0.0,18.5
2025-06-14 20:00:00,20,6,24.3,95.0,13.1,1.187,0.0,0.0,24.0
2025-06-14 21:00:00,21,6,24.8,38.9,42.1,1.185,0.0,0.0,64.1
2025-06-14 22:00:00,22,6,14.5,35.1,33.8,1.227,0.0,0.0,46.6
2025-06-14 23:00:00,23,6,19.2,74.3,18.2,1.207,0.0,0.0,26.8
2025-06-15 00:00:00,0,6,30.8,39.1,12.2,1.161,0.0,0.0,13.4
2025-06-15 01:00:00,1,6,34.5,37.3,15.5,1.147,0.0,0.0,25.5
2025-06-15 02:00:00,2,6,17.5,14.9,19.2,1.214,0.0,0.0,23.9
2025-06-15 03:00:00,3,6,23.8,72.6,39.1,1.189,0.0,0.0,56.3
2025-06-15 04:00:00,4,6,41.7,41.5,9.6,1.121,0.0,0.0,13.4
2025-06-15 05:00:00,5,6,20.1,80.9,39.9,1.204,0.0,0.0,60.6
2025-06-15 06:00:00,6,6,21.5,44.6,41.9,1.198,0.0,0.0,61.2
2025-06-15 07:00:00,7,6,33.9,71.8,22.3,1.15,0.0,0.0,27.6
2025-06-15 08:00:00,8,6,27.6,22.3,21.4,1.174,2.2,34.8,25.3
2025-06-15 09:00:00,9,6,30.4,49.7,26.2,1.163,2.5,37.9,36.8
2025-06-15 10:00:00,10,6,19.6,52.6,14.3,1.206,4.0,73.1,18.4
2025-06-15 11:00:00,11,6,34.5,82.2,39.8,1.147,4.2,64.5,53.9
2025-06-15 12:00:00,12,6,13.4,41.5,28.5,1.232,7.9,168.3,35.0
2025-06-15 13:00:00,13,6,33.6,25.0,17.3,1.151,7.1,158.8,20.7
2025-06-15 14:00:00,14,6,33.9,19.2,10.3,1.15,5.7,128.9,8.6
2025-06-15 15:00:00,15,6,27.0,37.8,8.9,1.176,3.1,53.7,7.0
2025-06-15 16:00:00,16,6,20.0,4.5,42.4,1.204,3.1,84.3,57.5
2025-06-15 17:00:00,17,6,21.1,13.0,20.0,1.2,1.0,16.9,27.4
2025-06-15 18:00:00,18,6,30.0,45.8,44.1,1.164,0.0,0.0,61.3
2025-06-15 19:00:00,19,6,6.4,87.2,19.7,1.263,0.0,0.0,26.5
2025-06-15 20:00:00,20,6,33.3,18.2,9.5,1.152,0.0,0.0,13.6
2025-06-15 21:00:00,21,6,16.8,76.9,30.0,1.217,0.0,0.0,46.7
2025-06-15 22:00:00,22,6,24.5,5.4,33.0,1.186,0.0,0.0,51.5
2025-06-15 23:00:00,23,6,27.2,89.3,37.9,1.175,0.0,0.0,48.1
2025-06-16 00:00:00,0,6,13.6,80.3,20.7,1.231,0.0,0.0,34.1
2025-06-16 01:00:00,1,6,32.4,13.3,25.0,1.155,0.0,0.0,29.3
2025-06-16 02:00:00,2,6,22.1,75.8,8.5,1.196,0.0,0.0,12.1
2025-06-16 03:00:00,3,6,23.7,24.3,29.3,1.189,0.0,0.0,39.2
2025-06-16 04:00:00,4,6,29.3,54.0,11.6,1.167,0.0,0.0,14.8
2025-06-16 05:00:00,5,6,21.9,90.2,8.8,1.196,0.0,0.0,9.6
2025-06-16 06:00:00,6,6,28.6,52.8,11.0,1.17,0.0,0.0,12.4
2025-06-16 07:00:00,7,6,21.9,98.6,6.7,1.196,0.0,0.0,7.7
2025-06-16 08:00:00,8,6,29.3,19.1,13.7,1.167,2.4,55.7,13.7
2025-06-16 09:00:00,9,6,41.9,85.0,26.7,1.12,0.8,0.0,36.5
2025-06-16 10:00:00,10,6,24.4,16.8,16.8,1.186,5.8,142.7,27.8
2025-06-16 11:00:00,11,6,30.9,22.2,27.6,1.161,7.2,166.8,38.1
2025-06-16 12:00:00,12,6,16.1,0.5,22.6,1.22,10.0,244.9,33.3
2025-06-16 13:00:00,13,6,39.3,78.5,35.4,1.13,4.4,61.5,47.7
2025-06-16 14:00:00,14,6,29.2,8.7,17.9,1.167,6.2,152.3,28.2
2025-06-16 15:00:00,15,6,33.4,30.3,20.8,1.151,3.5,62.8,31.9
2025-06-16 16:00:00,16,6,23.1,43.2,28.7,1.192,1.2,5.3,37.8
2025-06-16 17:00:00,17,6,23.0,21.9,34.9,1.192,0.6,4.8,48.0
2025-06-16 18:00:00,18,6,35.1,86.7,36.0,1.145,0.0,0.0,49.7
2025-06-16 19:00:00,19,6,29.1,10.3,20.4,1.168,0.0,0.0,24.6
2025-06-16 20:00:00,20,6,33.1,69.9,37.3,1.153,0.0,0.0,53.9
2025-06-16 21:00:00,21,6,13.0,3.9,36.5,1.234,0.0,0.0,50.7
2025-06-16 22:00:00,22,6,29.5,95.5,5.5,1.166,0.0,0.0,4.1
2025-06-16 23:00:00,23,6,17.9,94.6,32.3,1.213,0.0,0.0,46.3
2025-06-17 00:00:00,0,6,22.4,45.9,27.5,1.194,0.0,0.0,35.4
2025-06-17 01:00:00,1,6,18.6,20.1,8.2,1.21,0.0,0.0,7.1
2025-06-17 02:00:00,2,6,22.3,26.3,25.6,1.195,0.0,0.0,31.0
2025-06-17 03:00:00,3,6,17.7,63.2,10.9,1.214,0.0,0.0,12.9
2025-06-17 04:00:00,4,6,28.6,23.9,27.2,1.17,0.0,0.0,42.2
2025-06-17 05:00:00,5,6,28.9,9.1,17.1,1.169,0.0,0.0,21.1
2025-06-17 06:00:00,6,6,22.6,58.9,41.9,1.194,0.0,0.0,61.4
2025-06-17 07:00:00,7,6,30.5,41.0,34.5,1.162,0.0,0.0,53.9
2025-06-17 08:00:00,8,6,35.8,91.5,10.5,1.143,0.0,0.0,4.2
2025-06-17 09:00:00,9,6,19.9,22.3,29.5,1.205,3.9,81.0,38.3
2025-06-17 10:00:00,10,6,23.3,60.4,22.9,1.191,3.6,63.0,36.7
2025-06-17 11:00:00,11,6,10.7,24.1,36.4,1.244,7.1,163.6,50.4
2025-06-17 12:00:00,12,6,21.7,36.4,12.1,1.197,8.2,192.0,17.9
2025-06-17 13:00:00,13,6,13.1,54.1,17.7,1.233,5.6,111.9,24.4
2025-06-17 14:00:00,14,6,19.3,24.8,35.3,1.207,5.4,122.9,52.5
2025-06-17 15:00:00,15,6,23.1,43.8,39.2,1.192,2.8,47.6,57.7
2025-06-17 16:00:00,16,6,30.4,17.5,10.5,1.163,2.5,56.4,15.7
2025-06-17 17:00:00,17,6,29.3,88.7,28.0,1.167,0.0,0.0,37.6
2025-06-17 18:00:00,18,6,35.3,40.3,43.2,1.144,0.0,0.0,61.7
2025-06-17 19:00:00,19,6,10.1,7.8,42.5,1.246,0.0,0.0,62.0
2025-06-17 20:00:00,20,6,18.9,47.1,11.7,1.209,0.0,0.0,17.8
2025-06-17 21:00:00,21,6,3.3,38.2,42.3,1.277,0.0,0.0,63.1
2025-06-17 22:00:00,22,6,11.3,23.1,11.4,1.241,0.0,0.0,12.9
2025-06-17 23:00:00,23,6,16.5,55.9,38.4,1.219,0.0,0.0,59.2
2025-06-18 00:00:00,0,6,35.4,46.0,41.6,1.144,0.0,0.0,53.9
2025-06-18 01:00:00,1,6,31.8,34.2,13.1,1.158,0.0,0.0,17.4
2025-06-18 02:00:00,2,6,13.7,61.1,22.7,1.231,0.0,0.0,32.3
2025-06-18 03:00:00,3,6,32.8,32.1,33.1,1.154,0.0,0.0,50.0
2025-06-18 04:00:00,4,6,27.7,14.1,8.6,1.173,0.0,0.0,2.3
2025-06-18 05:00:00,5,6,28.8,34.3,26.0,1.169,0.0,0.0,40.1
2025-06-18 06:00:00,6,6,4.6,61.6,9.5,1.271,0.0,0.0,14.2
2025-06-18 07:00:00,7,6,26.4,58.8,17.3,1.178,0.0,0.0,25.1
2025-06-18 08:00:00,8,6,27.2,76.6,32.2,1.175,0.0,0.0,45.5
2025-06-18 09:00:00,9,6,12.9,13.9,25.9,1.234,4.3,101.9,36.8
2025-06-18 10:00:00,10,6,24.6,77.1,35.7,1.186,2.8,35.1,46.4
2025-06-18 11:00:00,11,6,23.2,96.1,16.1,1.191,3.5,47.7,22.0
2025-06-18 12:00:00,12,6,28.0,63.6,21.3,1.172,6.8,130.1,28.8
2025-06-18 13:00:00,13,6,36.9,31.1,15.3,1.138,6.8,150.7,22.1
2025-06-18 14:00:00,14,6,47.7,51.2,34.8,1.1,4.1,78.8,52.4
2025-06-18 15:00:00,15,6,19.0,99.4,34.2,1.208,0.0,0.0,52.4
2025-06-18 16:00:00,16,6,26.0,28.8,22.6,1.18,1.9,30.1,31.5
2025-06-18 17:00:00,17,6,28.9,91.5,36.8,1.169,0.0,0.0,57.6
2025-06-18 18:00:00,18,6,23.5,56.5,15.3,1.19,0.0,0.0,18.2
2025-06-18 19:00:00,19,6,34.1,8.1,34.0,1.149,0.0,0.0,46.7
2025-06-18 20:00:00,20,6,21.2,9.3,33.0,1.199,0.0,0.0,48.8
2025-06-18 21:00:00,21,6,31.4,58.2,10.3,1.159,0.0,0.0,10.2
2025-06-18 22:00:00,22,6,17.8,32.9,23.2,1.213,0.0,0.0,31.9
2025-06-18 23:00:00,23,6,24.0,99.3,11.0,1.188,0.0,0.0,11.4
2025-06-19 00:00:00,0,6,21.2,61.8,34.4,1.199,0.0,0.0,52.5
2025-06-19 01:00:00,1,6,24.8,84.3,38.6,1.185,0.0,0.0,52.8
2025-06-19 02:00:00,2,6,42.5,70.1,16.7,1.118,0.0,0.0,20.7
2025-06-19 03:00:00,3,6,2.1,72.2,12.0,1.282,0.0,0.0,19.5
2025-06-19 04:00:00,4,6,24.0,40.5,23.1,1.188,0.0,0.0,27.8
2025-06-19 05:00:00,5,6,22.0,74.2,6.1,1.196,0.0,0.0,5.0
2025-06-19 06:00:00,6,6,27.3,42.8,42.1,1.175,0.0,0.0,57.0
2025-06-19 07:00:00,7,6,26.6,95.9,5.5,1.178,0.0,0.0,4.9
2025-06-19 08:00:00,8,6,21.2,6.3,12.4,1.199,3.0,75.2,21.7
2025-06-19 09:00:00,9,6,27.4,62.5,12.2,1.174,1.9,14.8,20.8
2025-06-19 10:00:00,10,6,20.7,10.3,22.0,1.201,6.2,153.9,34.3
2025-06-19 11:00:00,11,6,26.5,26.4,37.3,1.178,7.0,169.6,58.0
2025-06-19 12:00:00,12,6,26.6,52.0,41.5,1.178,7.4,164.7,62.1
2025-06-19 13:00:00,13,6,28.8,24.5,24.2,1.169,7.1,164.6,32.0
2025-06-19 14:00:00,14,6,23.7,29.1,7.0,1.189,5.2,111.8,6.1
2025-06-19 15:00:00,15,6,49.8,5.5,6.4,1.093,4.7,116.0,6.0
2025-06-19 16:00:00,16,6,15.1,22.5,21.6,1.225,2.2,35.5,30.4
2025-06-19 17:00:00,17,6,24.1,87.5,41.1,1.188,0.0,0.0,59.1
2025-06-19 18:00:00,18,6,21.9,44.9,5.9,1.196,0.0,0.0,8.8
2025-06-19 19:00:00,19,6,28.0,94.8,11.0,1.172,0.0,0.0,14.8
2025-06-19 20:00:00,20,6,27.9,41.4,29.7,1.173,0.0,0.0,45.5
2025-06-19 21:00:00,21,6,12.0,28.3,7.7,1.238,0.0,0.0,11.7
2025-06-19 22:00:00,22,6,28.1,24.9,11.6,1.172,0.0,0.0,12.4
2025-06-19 23:00:00,23,6,24.5,60.0,38.7,1.186,0.0,0.0,57.0
2025-06-20 00:00:00,0,6,21.2,92.8,31.5,1.199,0.0,0.0,41.8
2025-06-20 01:00:00,1,6,16.7,2.2,22.5,1.218,0.0,5.0,30.7
2025-06-20 02:00:00,2,6,13.8,26.2,10.3,1.23,0.0,0.0,11.7
2025-06-20 03:00:00,3,6,14.3,60.8,36.7,1.228,0.0,0.0,53.5
2025-06-20 04:00:00,4,6,24.7,4.0,7.6,1.185,0.0,3.0,9.7
2025-06-20 05:00:00,5,6,13.4,48.1,43.4,1.232,0.0,0.0,64.5
2025-06-20 06:00:00,6,6,40.1,52.8,7.8,1.127,0.0,0.0,10.7
2025-06-20 07:00:00,7,6,26.8,33.3,41.5,1.177,0.0,0.0,56.4
2025-06-20 08:00:00,8,6,25.7,88.0,7.3,1.181,0.0,0.0,3.6
2025-06-20 09:00:00,9,6,27.4,90.4,8.0,1.174,0.5,0.0,8.4
2025-06-20 10:00:00,10,6,26.3,26.0,37.8,1.179,5.4,123.7,55.7
2025-06-20 11:00:00,11,6,24.2,59.8,12.3,1.187,5.3,105.1,16.0
2025-06-20 12:00:00,12,6,38.0,85.2,39.3,1.134,5.7,99.4,56.1
2025-06-20 13:00:00,13,6,18.9,47.0,25.0,1.209,6.0,124.7,37.4
2025-06-20 14:00:00,14,6,17.9,91.1,5.1,1.213,2.1,1.1,11.3
2025-06-20 15:00:00,15,6,30.6,56.1,5.6,1.162,2.2,28.3,3.2
2025-06-20 16:00:00,16,6,28.2,83.2,17.6,1.171,0.0,0.0,18.2
2025-06-20 17:00:00,17,6,18.7,88.3,11.4,1.209,0.0,0.0,18.7
2025-06-20 18:00:00,18,6,25.2,21.4,29.9,1.183,0.0,0.0,38.0
2025-06-20 19:00:00,19,6,25.5,3.8,9.7,1.182,0.0,0.0,10.8
2025-06-20 20:00:00,20,6,22.0,90.3,43.3,1.196,0.0,0.0,61.2
2025-06-20 21:00:00,21,6,18.3,47.3,36.0,1.211,0.0,0.0,57.5
2025-06-20 22:00:00,22,6,11.2,50.8,19.2,1.241,0.0,0.0,29.5
2025-06-20 23:00:00,23,6,25.0,89.4,30.2,1.184,0.0,0.0,43.2
2025-06-21 00:00:00,0,6,27.6,72.7,36.7,1.174,0.0,0.0,52.7
2025-06-21 01:00:00,1,6,17.9,93.6,18.0,1.213,0.0,0.0,25.9
2025-06-21 02:00:00,2,6,23.0,59.2,32.2,1.192,0.0,0.0,49.3
2025-06-21 03:00:00,3,6,33.4,16.1,17.8,1.151,0.0,0.0,20.3
2025-06-21 04:00:00,4,6,29.0,46.3,22.8,1.168,0.0,0.0,29.8
2025-06-21 05:00:00,5,6,23.8,73.0,40.1,1.189,0.0,0.0,56.1
2025-06-21 06:00:00,6,6,25.0,37.5,24.2,1.184,0.0,0.0,35.4
2025-06-21 07:00:00,7,6,37.3,30.1,6.3,1.137,0.2,0.0,4.9
2025-06-21 08:00:00,8,6,18.8,17.4,20.5,1.209,2.5,59.1,28.3
2025-06-21 09:00:00,9,6,30.2,6.2,18.4,1.164,4.7,123.7,26.0
2025-06-21 10:00:00,10,6,27.6,22.7,18.5,1.174,5.5,124.8,26.7
2025-06-21 11:00:00,11,6,12.6,74.3,20.6,1.235,4.6,72.2,30.9
2025-06-21 12:00:00,12,6,23.5,95.1,34.0,1.19,5.2,74.4,49.0
2025-06-21 13:00:00,13,6,23.8,5.7,16.1,1.189,8.0,189.5,24.5
2025-06-21 14:00:00,14,6,30.8,49.0,22.2,1.161,4.2,80.3,30.2
2025-06-21 15:00:00,15,6,6.8,39.2,35.5,1.261,3.0,55.1,50.0
2025-06-21 16:00:00,16,6,23.7,28.4,39.8,1.189,1.9,28.7,53.5
2025-06-21 17:00:00,17,6,34.0,42.0,16.8,1.149,0.0,0.0,18.8
2025-06-21 18:00:00,18,6,4.6,16.0,30.7,1.271,0.0,0.0,45.2
2025-06-21 19:00:00,19,6,29.0,84.6,43.7,1.168,0.0,0.0,64.3
2025-06-21 20:00:00,20,6,27.8,50.0,24.3,1.173,0.0,0.0,32.9
2025-06-21 21:00:00,21,6,8.5,1.8,31.5,1.253,0.0,0.0,40.1
2025-06-21 22:00:00,22,6,35.3,34.0,19.7,1.144,0.0,0.0,21.4
2025-06-21 23:00:00,23,6,24.9,53.1,16.3,1.184,0.0,0.0,19.8
2025-06-22 00:00:00,0,6,13.9,97.8,9.8,1.23,0.0,0.0,12.5
2025-06-22 01:00:00,1,6,27.4,81.8,12.4,1.174,0.0,0.0,14.6
2025-06-22 02:00:00,2,6,31.1,28.0,14.7,1.16,0.0,0.0,21.0
2025-06-22 03:00:00,3,6,31.8,46.5,14.3,1.158,0.0,0.0,19.6
2025-06-22 04:00:00,4,6,32.7,15.4,20.7,1.154,0.0,0.0,24.6
2025-06-22 05:00:00,5,6,23.3,56.6,14.3,1.191,0.0,0.0,19.3
2025-06-22 06:00:00,6,6,20.0,37.9,6.7,1.204,0.0,0.0,7.1
2025-06-22 07:00:00,7,6,28.1,63.5,8.7,1.172,0.0,0.0,12.3
2025-06-22 08:00:00,8,6,30.2,63.6,30.2,1.164,0.2,0.0,42.3
2025-06-22 09:00:00,9,6,23.6,55.0,30.3,1.19,2.2,30.3,41.0
2025-06-22 10:00:00,10,6,19.0,44.8,6.8,1.208,4.4,86.1,10.5
2025-06-22 11:00:00,11,6,26.9,91.9,17.9,1.176,3.7,33.1,24.6
2025-06-22 12:00:00,12,6,13.3,57.9,7.5,1.232,7.1,145.3,7.4
2025-06-22 13:00:00,13,6,20.8,55.5,22.4,1.201,5.6,118.7,24.9
2025-06-22 14:00:00,14,6,17.5,46.1,10.6,1.214,4.4,90.4,12.7
2025-06-22 15:00:00,15,6,33.6,60.7,15.2,1.151,2.0,26.9,14.9
2025-06-22 16:00:00,16,6,14.5,30.5,17.4,1.227,1.8,24.3,21.9
2025-06-22 17:00:00,17,6,20.9,90.3,25.3,1.2,0.0,0.0,34.4
2025-06-22 18:00:00,18,6,41.3,98.1,13.1,1.123,0.0,0.0,21.6
2025-06-22 19:00:00,19,6,6.9,30.6,6.8,1.26,0.0,0.0,7.9
2025-06-22 20:00:00,20,6,28.3,5.6,21.7,1.171,0.0,1.6,36.3
2025-06-22 21:00:00,21,6,35.2,42.1,30.8,1.145,0.0,0.0,38.8
2025-06-22 22:00:00,22,6,26.6,74.5,11.9,1.178,0.0,0.0,13.5
2025-06-22 23:00:00,23,6,25.8,91.8,28.7,1.181,0.0,0.0,40.5
2025-06-23 00:00:00,0,6,27.0,37.8,39.4,1.176,0.0,0.0,58.3
2025-06-23 01:00:00,1,6,34.1,84.4,42.2,1.149,0.0,0.0,59.4
2025-06-23 02:00:00,2,6,5.6,24.9,17.6,1.266,0.0,0.0,29.1
2025-06-23 03:00:00,3,6,26.2,36.2,16.8,1.179,0.0,0.0,14.9
2025-06-23 04:00:00,4,6,26.6,72.6,14.7,1.178,0.0,0.0,19.1
2025-06-23 05:00:00,5,6,32.9,12.9,31.6,1.153,0.0,0.0,41.5
2025-06-23 06:00:00,6,6,16.5,38.7,20.3,1.219,0.0,0.0,26.6
2025-06-23 07:00:00,7,6,20.3,83.2,37.5,1.203,0.0,0.0,50.2
2025-06-23 08:00:00,8,6,13.4,55.3,20.3,1.232,0.6,0.0,27.8
2025-06-23 09:00:00,9,6,26.9,58.5,41.8,1.176,2.1,18.6,60.0
2025-06-23 10:00:00,10,6,20.1,58.4,44.0,1.204,3.7,57.0,61.5
2025-06-23 11:00:00,11,6,30.0,95.5,7.6,1.164,3.6,34.9,12.7
2025-06-23 12:00:00,12,6,15.3,45.2,39.1,1.224,7.7,179.5,50.2
2025-06-23 13:00:00,13,6,39.7,43.9,33.0,1.128,6.1,128.1,43.1
2025-06-23 14:00:00,14,6,26.1,66.0,44.5,1.18,3.4,45.9,60.7
2025-06-23 15:00:00,15,6,26.4,57.8,42.0,1.178,2.1,24.6,59.0
2025-06-23 16:00:00,16,6,20.4,31.6,26.5,1.202,1.8,24.1,33.5
2025-06-23 17:00:00,17,6,36.9,74.2,9.5,1.138,0.0,0.0,11.5
2025-06-23 18:00:00,18,6,17.3,75.7,30.2,1.215,0.0,0.0,41.8
2025-06-23 19:00:00,19,6,23.1,64.0,5.8,1.192,0.0,0.0,2.6
2025-06-23 20:00:00,20,6,36.0,80.9,26.1,1.142,0.0,0.0,37.4
2025-06-23 21:00:00,21,6,21.0,24.3,23.6,1.2,0.0,0.0,34.9
2025-06-23 22:00:00,22,6,15.1,17.5,31.5,1.225,0.0,6.9,49.9
2025-06-23 23:00:00,23,6,17.2,50.2,39.6,1.216,0.0,0.0,58.9
2025-06-24 00:00:00,0,6,21.8,22.0,6.3,1.197,0.0,0.0,3.1
2025-06-24 01:00:00,1,6,29.6,26.7,34.5,1.166,0.0,0.0,49.1
2025-06-24 02:00:00,2,6,26.1,60.0,36.8,1.18,0.0,0.0,49.1
2025-06-24 03:00:00,3,6,24.6,54.1,18.2,1.186,0.0,0.0,22.0
2025-06-24 04:00:00,4,6,30.7,25.2,35.7,1.162,0.0,0.0,50.5
2025-06-24 05:00:00,5,6,15.3,45.8,26.0,1.224,0.0,0.0,40.6
2025-06-24 06:00:00,6,6,30.0,24.6,31.0,1.164,0.0,0.0,43.6
2025-06-24 07:00:00,7,6,37.4,66.5,40.4,1.137,0.0,0.0,55.0
2025-06-24 08:00:00,8,6,25.8,47.7,5.6,1.181,0.9,0.0,3.1
2025-06-24 09:00:00,9,6,26.0,50.9,8.6,1.18,2.5,39.3,3.7
2025-06-24 10:00:00,10,6,17.1,24.7,14.7,1.216,5.4,119.4,16.7
2025-06-24 11:00:00,11,6,16.8,13.8,37.7,1.217,7.6,187.7,55.0
2025-06-24 12:00:00,12,6,25.0,73.9,16.4,1.184,6.3,127.1,22.2
2025-06-24 13:00:00,13,6,21.6,34.2,20.5,1.198,6.6,146.5,29.3
2025-06-24 14:00:00,14,6,29.9,67.6,8.2,1.165,3.3,51.7,4.6
2025-06-24 15:00:00,15,6,23.5,22.8,13.5,1.19,3.9,88.9,20.2
2025-06-24 16:00:00,16,6,26.4,6.3,41.6,1.178,3.0,66.9,64.2
2025-06-24 17:00:00,17,6,15.4,65.0,28.5,1.223,0.0,0.0,34.0
2025-06-24 18:00:00,18,6,24.1,54.2,24.3,1.188,0.0,0.0,38.9
2025-06-24 19:00:00,19,6,7.1,99.9,26.6,1.26,0.0,0.0,36.8
2025-06-24 20:00:00,20,6,26.4,53.1,42.3,1.178,0.0,0.0,57.0
2025-06-24 21:00:00,21,6,40.9,45.4,38.9,1.124,0.0,0.0,54.1
2025-06-24 22:00:00,22,6,37.7,30.8,7.3,1.136,0.0,0.0,11.3
2025-06-24 23:00:00,23,6,26.1,24.0,44.9,1.18,0.0,0.0,68.3
2025-06-25 00:00:00,0,6,34.4,76.1,7.5,1.148,0.0,0.0,9.7
2025-06-25 01:00:00,1,6,32.2,47.4,24.2,1.156,0.0,0.0,29.6
2025-06-25 02:00:00,2,6,34.2,93.5,7.3,1.148,0.0,0.0,6.6
2025-06-25 03:00:00,3,6,33.3,50.7,42.4,1.152,0.0,0.0,60.5
2025-06-25 04:00:00,4,6,14.5,16.9,21.4,1.227,0.0,0.0,34.0
2025-06-25 05:00:00,5,6,27.6,88.7,19.3,1.174,0.0,0.0,21.9
2025-06-25 06:00:00,6,6,23.9,81.2,33.9,1.188,0.0,0.0,45.2
2025-06-25 07:00:00,7,6,13.1,18.6,33.3,1.233,0.7,12.0,46.4
2025-06-25 08:00:00,8,6,35.8,70.3,26.2,1.143,0.0,0.0,35.6
2025-06-25 09:00:00,9,6,35.6,2.4,17.0,1.143,4.9,111.6,23.4
2025-06-25 10:00:00,10,6,20.5,28.5,36.4,1.202,5.2,115.9,58.4
2025-06-25 11:00:00,11,6,32.6,36.4,38.5,1.154,6.5,149.2,52.3
2025-06-25 12:00:00,12,6,21.3,72.6,16.4,1.199,6.4,118.1,20.6
2025-06-25 13:00:00,13,6,20.2,66.8,11.3,1.203,5.0,86.2,12.8
2025-06-25 14:00:00,14,6,25.3,45.0,11.2,1.183,4.4,86.6,12.5
2025-06-25 15:00:00,15,6,20.6,95.2,18.6,1.202,0.2,0.0,23.5
2025-06-25 16:00:00,16,6,33.7,99.0,13.5,1.15,0.0,0.0,17.2
2025-06-25 17:00:00,17,6,35.0,7.9,7.3,1.146,1.3,22.7,5.5
2025-06-25 18:00:00,18,6,20.5,61.7,14.5,1.202,0.0,0.0,21.4
2025-06-25 19:00:00,19,6,20.7,68.3,42.0,1.201,0.0,0.0,63.9
2025-06-25 20:00:00,20,6,18.9,2.7,42.9,1.209,0.0,3.1,66.9
2025-06-25 21:00:00,21,6,15.6,43.9,16.3,1.222,0.0,0.0,16.7
2025-06-25 22:00:00,22,6,11.8,93.4,42.5,1.239,0.0,0.0,63.2
2025-06-25 23:00:00,23,6,10.5,47.3,32.1,1.244,0.0,0.0,45.4
2025-06-26 00:00:00,0,6,26.6,46.5,22.6,1.178,0.0,0.0,27.1
2025-06-26 01:00:00,1,6,33.7,77.3,8.9,1.15,0.0,0.0,11.8
2025-06-26 02:00:00,2,6,29.9,22.9,24.9,1.165,0.0,0.0,37.5
2025-06-26 03:00:00,3,6,12.6,25.4,38.6,1.235,0.0,0.0,57.4
2025-06-26 04:00:00,4,6,21.1,1.5,16.1,1.2,0.0,0.7,26.3
2025-06-26 05:00:00,5,6,29.2,73.2,12.5,1.167,0.0,0.0,13.8
2025-06-26 06:00:00,6,6,11.1,30.5,9.1,1.242,0.0,0.0,8.7
2025-06-26 07:00:00,7,6,9.3,74.3,5.2,1.25,0.0,0.0,8.3
2025-06-26 08:00:00,8,6,35.8,11.9,25.3,1.143,2.7,58.4,36.3
2025-06-26 09:00:00,9,6,14.5,14.9,21.4,1.227,4.3,100.0,36.9
2025-06-26 10:00:00,10,6,18.3,66.1,14.3,1.211,3.4,53.5,15.4
2025-06-26 11:00:00,11,6,24.9,75.9,9.4,1.184,4.5,69.4,7.9
2025-06-26 12:00:00,12,6,14.2,13.7,15.1,1.228,9.3,220.5,20.0
2025-06-26 13:00:00,13,6,19.4,84.0,17.1,1.207,4.1,62.8,25.5
2025-06-26 14:00:00,14,6,41.9,31.9,18.9,1.12,5.1,116.4,26.1
2025-06-26 15:00:00,15,6,20.1,67.7,38.5,1.204,1.6,8.5,51.1
2025-06-26 16:00:00,16,6,21.3,73.6,39.3,1.199,0.0,0.0,57.5
2025-06-26 17:00:00,17,6,20.4,2.3,35.5,1.202,1.6,43.5,50.7
2025-06-26 18:00:00,18,6,0.8,32.4,9.0,1.289,0.0,0.0,11.1
2025-06-26 19:00:00,19,6,26.7,5.4,5.2,1.177,0.0,2.8,1.4
2025-06-26 20:00:00,20,6,29.6,55.6,41.8,1.166,0.0,0.0,60.1
2025-06-26 21:00:00,21,6,19.5,1.4,42.3,1.206,0.0,3.4,57.6
2025-06-26 22:00:00,22,6,18.2,78.7,11.7,1.212,0.0,0.0,15.7
2025-06-26 23:00:00,23,6,24.8,75.0,35.3,1.185,0.0,0.0,54.8
2025-06-27 00:00:00,0,6,23.1,36.4,6.3,1.192,0.0,0.0,0.0
2025-06-27 01:00:00,1,6,28.8,79.5,7.3,1.169,0.0,0.0,7.8
2025-06-27 02:00:00,2,6,31.9,51.9,17.7,1.157,0.0,0.0,20.3
2025-06-27 03:00:00,3,6,34.6,38.1,31.8,1.147,0.0,0.0,45.3
2025-06-27 04:00:00,4,6,27.2,76.4,13.4,1.175,0.0,0.0,17.3
2025-06-27 05:00:00,5,6,21.0,85.4,15.4,1.2,0.0,0.0,17.6
2025-06-27 06:00:00,6,6,28.6,84.5,35.4,1.17,0.0,0.0,47.2
2025-06-27 07:00:00,7,6,26.8,99.0,8.9,1.177,0.0,0.0,13.1
2025-06-27 08:00:00,8,6,27.7,14.3,8.1,1.173,2.6,57.8,7.0
2025-06-27 09:00:00,9,6,21.4,11.4,29.1,1.198,4.4,114.1,40.2
2025-06-27 10:00:00,10,6,28.1,73.7,26.8,1.172,3.0,35.1,41.6
2025-06-27 11:00:00,11,6,33.6,58.5,22.4,1.151,5.4,108.4,30.5
2025-06-27 12:00:00,12,6,39.1,68.1,41.8,1.13,6.6,131.8,61.2
2025-06-27 13:00:00,13,6,29.0,45.5,8.3,1.168,6.1,124.0,10.2
2025-06-27 14:00:00,14,6,6.4,41.9,28.2,1.263,4.6,96.2,42.2
2025-06-27 15:00:00,15,6,19.1,72.6,13.4,1.208,1.4,0.0,10.8
2025-06-27 16:00:00,16,6,38.0,35.6,23.0,1.134,1.6,17.9,37.7
2025-06-27 17:00:00,17,6,18.2,43.6,26.7,1.212,0.0,0.0,37.1
2025-06-27 18:00:00,18,6,23.3,31.1,44.2,1.191,0.0,0.0,61.3
2025-06-27 19:00:00,19,6,24.2,18.2,9.2,1.187,0.0,0.0,14.3
2025-06-27 20:00:00,20,6,18.0,33.5,36.1,1.212,0.0,0.0,53.4
2025-06-27 21:00:00,21,6,15.9,35.1,18.0,1.221,0.0,0.0,25.3
2025-06-27 22:00:00,22,6,17.7,32.4,23.9,1.214,0.0,0.0,32.0
2025-06-27 23:00:00,23,6,14.7,91.1,37.3,1.226,0.0,0.0,51.8
2025-06-28 00:00:00,0,6,39.2,93.4,6.5,1.13,0.0,0.0,4.8
2025-06-28 01:00:00,1,6,31.0,67.4,30.5,1.161,0.0,0.0,41.0
2025-06-28 02:00:00,2,6,41.2,16.3,24.8,1.123,0.0,0.0,35.7
2025-06-28 03:00:00,3,6,22.3,5.7,29.1,1.195,0.0,0.6,39.5
2025-06-28 04:00:00,4,6,24.7,29.9,10.6,1.185,0.0,0.0,10.7
2025-06-28 05:00:00,5,6,25.1,39.4,19.5,1.184,0.0,0.0,30.8
2025-06-28 06:00:00,6,6,20.1,77.2,28.6,1.204,0.0,0.0,44.3
2025-06-28 07:00:00,7,6,20.8,80.9,33.6,1.201,0.0,0.0,49.5
2025-06-28 08:00:00,8,6,18.0,50.2,11.5,1.212,0.8,0.7,12.8
2025-06-28 09:00:00,9,6,23.7,78.6,13.3,1.189,1.1,0.0,16.7
2025-06-28 10:00:00,10,6,19.0,80.6,43.5,1.208,2.6,27.9,66.2
2025-06-28 11:00:00,11,6,26.6,6.4,24.4,1.178,8.0,198.2,32.0
2025-06-28 12:00:00,12,6,25.2,83.3,39.9,1.183,5.8,100.4,51.3
2025-06-28 13:00:00,13,6,31.8,68.0,33.4,1.158,4.9,95.6,44.8
2025-06-28 14:00:00,14,6,26.9,13.2,17.1,1.176,6.0,151.4,21.8
2025-06-28 15:00:00,15,6,29.9,41.2,42.6,1.165,2.9,47.6,63.9
2025-06-28 16:00:00,16,6,24.5,83.4,40.8,1.186,0.0,0.0,59.3
2025-06-28 17:00:00,17,6,21.7,79.8,29.7,1.197,0.0,0.0,41.7
2025-06-28 18:00:00,18,6,15.3,76.5,5.1,1.224,0.0,0.0,10.3
2025-06-28 19:00:00,19,6,12.0,39.2,44.1,1.238,0.0,0.0,63.9
2025-06-28 20:00:00,20,6,29.4,46.8,20.5,1.167,0.0,0.0,30.0
2025-06-28 21:00:00,21,6,26.1,78.8,38.1,1.18,0.0,0.0,53.0
2025-06-28 22:00:00,22,6,23.8,91.8,33.3,1.189,0.0,0.0,41.0
2025-06-28 23:00:00,23,6,9.4,6.4,24.0,1.249,0.0,0.0,30.5
2025-06-29 00:00:00,0,6,17.0,9.5,7.0,1.217,0.0,0.0,6.4
2025-06-29 01:00:00,1,6,25.7,0.8,17.4,1.181,0.0,0.0,19.4
2025-06-29 02:00:00,2,6,30.1,2.4,42.4,1.164,0.0,2.2,59.0
2025-06-29 03:00:00,3,6,22.3,47.5,16.2,1.195,0.0,0.0,21.2
2025-06-29 04:00:00,4,6,26.6,1.1,35.1,1.178,0.0,0.0,49.9
2025-06-29 05:00:00,5,6,20.0,87.6,45.0,1.204,0.0,0.0,61.8
2025-06-29 06:00:00,6,6,38.1,68.9,14.9,1.134,0.0,0.0,20.6
2025-06-29 07:00:00,7,6,23.3,90.6,43.7,1.191,0.0,0.0,54.8
2025-06-29 08:00:00,8,6,30.7,94.9,7.8,1.162,0.0,0.0,5.3
2025-06-29 09:00:00,9,6,26.6,18.0,16.7,1.178,4.1,88.7,18.0
2025-06-29 10:00:00,10,6,36.5,49.4,35.8,1.14,4.2,87.3,54.6
2025-06-29 11:00:00,11,6,26.8,36.8,32.6,1.177,6.5,144.7,47.4
2025-06-29 12:00:00,12,6,15.4,43.3,12.6,1.223,7.8,177.3,16.3
2025-06-29 13:00:00,13,6,17.4,42.6,40.5,1.215,6.2,134.9,60.9
2025-06-29 14:00:00,14,6,15.3,72.0,14.8,1.224,3.1,42.4,16.6
2025-06-29 15:00:00,15,6,7.5,50.5,8.5,1.258,2.5,39.9,9.4
2025-06-29 16:00:00,16,6,28.9,45.8,28.5,1.169,1.0,2.0,35.2
2025-06-29 17:00:00,17,6,28.8,20.9,35.9,1.169,0.6,11.3,58.3
2025-06-29 18:00:00,18,6,5.5,70.4,10.2,1.267,0.0,0.0,13.2
2025-06-29 19:00:00,19,6,28.8,22.9,25.5,1.169,0.0,0.0,33.6
2025-06-29 20:00:00,20,6,26.8,65.0,40.8,1.177,0.0,0.0,54.1
2025-06-29 21:00:00,21,6,32.1,38.4,13.6,1.156,0.0,0.0,12.7
2025-06-29 22:00:00,22,6,31.0,21.8,17.5,1.161,0.0,0.0,22.4
2025-06-29 23:00:00,23,6,24.9,81.0,19.0,1.184,0.0,0.0,18.0
2025-06-30 00:00:00,0,6,31.1,5.2,40.0,1.16,0.0,0.0,63.7
2025-06-30 01:00:00,1,6,30.4,64.8,16.0,1.163,0.0,0.0,21.2
2025-06-30 02:00:00,2,6,38.5,85.2,17.7,1.133,0.0,0.0,22.6
2025-06-30 03:00:00,3,6,23.1,75.6,29.9,1.192,0.0,0.0,42.8
2025-06-30 04:00:00,4,6,21.1,98.1,8.6,1.2,0.0,0.0,7.5
2025-06-30 05:00:00,5,6,29.9,1.0,30.4,1.165,0.0,0.0,46.9
2025-06-30 06:00:00,6,6,25.2,50.1,21.9,1.183,0.0,0.0,32.1
2025-06-30 07:00:00,7,6,28.2,73.9,24.4,1.171,0.0,0.0,31.4
2025-06-30 08:00:00,8,6,23.3,86.2,40.1,1.191,0.0,0.0,60.5
2025-06-30 09:00:00,9,6,28.1,98.7,10.6,1.172,0.1,0.0,15.2
2025-06-30 10:00:00,10,6,27.5,93.1,24.2,1.174,2.0,0.0,29.8
2025-06-30 11:00:00,11,6,16.3,92.9,42.1,1.22,3.7,51.5,57.6
2025-06-30 12:00:00,12,6,34.3,45.0,24.2,1.148,7.8,166.3,28.9
2025-06-30 13:00:00,13,6,26.0,52.7,44.3,1.18,5.7,109.0,64.2
2025-06-30 14:00:00,14,6,26.1,65.5,15.7,1.18,3.4,53.8,23.3
2025-06-30 15:00:00,15,6,25.7,64.4,14.0,1.181,1.8,21.7,21.0
2025-06-30 16:00:00,16,6,23.0,63.5,39.1,1.192,0.2,0.0,57.5
2025-06-30 17:00:00,17,6,31.3,99.3,9.8,1.159,0.0,0.0,14.3
2025-06-30 18:00:00,18,6,22.0,68.9,7.5,1.196,0.0,0.0,4.0
2025-06-30 19:00:00,19,6,42.4,54.5,9.2,1.119,0.0,0.0,7.8
2025-06-30 20:00:00,20,6,29.0,47.6,5.7,1.168,0.0,0.0,6.6
2025-06-30 21:00:00,21,6,42.0,53.5,40.4,1.12,0.0,0.0,57.8
2025-06-30 22:00:00,22,6,34.3,77.1,28.1,1.148,0.0,0.0,41.3
2025-06-30 23:00:00,23,6,22.2,68.2,15.5,1.195,0.0,0.0,25.0
2025-07-01 00:00:00,0,7,25.8,99.0,25.0,1.181,0.0,0.0,30.2
2025-07-01 01:00:00,1,7,28.5,75.7,27.0,1.17,0.0,0.0,39.2
2025-07-01 02:00:00,2,7,14.6,93.1,8.5,1.227,0.0,0.0,12.5
2025-07-01 03:00:00,3,7,20.3,36.4,11.6,1.203,0.0,0.0,11.4
2025-07-01 04:00:00,4,7,23.9,82.0,15.4,1.188,0.0,0.0,19.0
2025-07-01 05:00:00,5,7,32.4,75.3,29.6,1.155,0.0,0.0,41.2
2025-07-01 06:00:00,6,7,26.2,63.6,25.9,1.179,0.0,0.0,36.1
2025-07-01 07:00:00,7,7,11.2,4.3,32.4,1.241,1.5,32.9,46.5
2025-07-01 08:00:00,8,7,35.5,9.2,25.9,1.144,2.9,65.6,31.4
2025-07-01 09:00:00,9,7,23.7,77.7,44.2,1.189,1.1,0.0,60.0
2025-07-01 10:00:00,10,7,31.3,48.0,29.2,1.159,4.3,83.0,34.9
2025-07-01 11:00:00,11,7,23.1,64.1,31.3,1.192,5.1,88.5,46.2
2025-07-01 12:00:00,12,7,28.6,93.4,19.6,1.17,5.3,78.3,26.0
2025-07-01 13:00:00,13,7,28.1,43.3,11.7,1.172,6.2,130.8,19.1
2025-07-01 14:00:00,14,7,36.8,93.9,15.0,1.139,2.0,0.0,24.8
2025-07-01 15:00:00,15,7,33.1,76.7,9.1,1.153,1.2,0.0,17.3
2025-07-01 16:00:00,16,7,37.7,40.2,43.3,1.136,1.3,9.9,65.7
2025-07-01 17:00:00,17,7,22.5,22.2,11.2,1.194,0.6,6.9,12.1
2025-07-01 18:00:00,18,7,27.7,11.9,19.7,1.173,0.0,0.0,29.2
2025-07-01 19:00:00,19,7,29.5,16.9,35.8,1.166,0.0,0.0,51.3
2025-07-01 20:00:00,20,7,20.0,27.2,36.6,1.204,0.0,0.0,44.9
2025-07-01 21:00:00,21,7,22.6,71.3,9.6,1.194,0.0,0.0,11.5
2025-07-01 22:00:00,22,7,17.8,92.8,22.7,1.213,0.0,0.0,32.5
2025-07-01 23:00:00,23,7,10.2,65.1,31.6,1.246,0.0,0.0,39.8
2025-07-02 00:00:00,0,7,18.6,93.1,28.3,1.21,0.0,0.0,38.7
2025-07-02 01:00:00,1,7,27.0,51.5,24.2,1.176,0.0,0.0,31.2
2025-07-02 02:00:00,2,7,27.5,15.8,7.4,1.174,0.0,0.0,11.9
2025-07-02 03:00:00,3,7,21.6,26.2,22.5,1.198,0.0,0.0,29.3
2025-07-02 04:00:00,4,7,16.2,73.7,6.6,1.22,0.0,0.0,6.0
2025-07-02 05:00:00,5,7,23.7,91.0,29.3,1.189,0.0,0.0,48.3
2025-07-02 06:00:00,6,7,33.4,21.8,22.4,1.151,0.0,0.0,35.1
2025-07-02 07:00:00,7,7,11.9,63.3,33.0,1.238,0.0,0.0,52.6
2025-07-02 08:00:00,8,7,31.1,10.2,41.2,1.16,2.8,73.6,57.5
2025-07-02 09:00:00,9,7,7.4,2.1,32.7,1.258,4.9,124.7,46.2
2025-07-02 10:00:00,10,7,31.4,13.2,38.2,1.159,6.0,141.7,55.6
2025-07-02 11:00:00,11,7,25.2,97.0,8.0,1.183,3.5,34.1,8.9
2025-07-02 12:00:00,12,7,17.5,64.6,30.3,1.214,6.8,136.6,44.5
2025-07-02 13:00:00,13,7,29.2,82.2,11.9,1.167,4.2,72.8,10.3
2025-07-02 14:00:00,14,7,28.4,23.7,5.8,1.171,5.5,120.1,2.8
2025-07-02 15:00:00,15,7,7.4,39.0,19.4,1.258,3.0,52.2,29.6
2025-07-02 16:00:00,16,7,40.7,49.1,38.6,1.125,0.9,0.8,51.9
2025-07-02 17:00:00,17,7,19.3,11.6,44.2,1.207,1.1,18.5,60.9
2025-07-02 18:00:00,18,7,29.0,43.1,29.5,1.168,0.0,0.0,39.8
2025-07-02 19:00:00,19,7,22.3,69.3,24.6,1.195,0.0,0.0,30.2
2025-07-02 20:00:00,20,7,15.6,93.4,13.1,1.222,0.0,0.0,21.3
2025-07-02 21:00:00,21,7,23.1,66.1,5.1,1.192,0.0,0.0,0.0
2025-07-02 22:00:00,22,7,40.1,30.7,41.4,1.127,0.0,0.0,59.4
2025-07-02 23:00:00,23,7,25.7,96.5,26.2,1.181,0.0,0.0,33.4
2025-07-03 00:00:00,0,7,17.4,9.4,6.5,1.215,0.0,0.0,1.1
2025-07-03 01:00:00,1,7,16.6,25.4,10.1,1.218,0.0,0.0,11.1
2025-07-03 02:00:00,2,7,13.7,85.8,40.5,1.231,0.0,0.0,56.2
2025-07-03 03:00:00,3,7,24.7,91.0,20.5,1.185,0.0,0.0,31.2
2025-07-03 04:00:00,4,7,32.4,89.1,32.0,1.155,0.0,0.0,44.3
2025-07-03 05:00:00,5,7,15.8,99.6,18.7,1.222,0.0,0.0,24.5
2025-07-03 06:00:00,6,7,11.3,41.0,34.9,1.241,0.0,0.0,49.9
2025-07-03 07:00:00,7,7,47.0,84.5,13.8,1.103,0.0,0.0,13.6
2025-07-03 08:00:00,8,7,37.4,81.3,6.6,1.137,0.0,0.0,0.8
2025-07-03 09:00:00,9,7,18.0,51.8,43.5,1.212,2.4,31.5,60.4
2025-07-03 10:00:00,10,7,17.4,78.0,42.6,1.215,2.8,34.2,63.6
2025-07-03 11:00:00,11,7,22.5,84.8,15.8,1.194,4.1,55.3,21.8
2025-07-03 12:00:00,12,7,25.3,96.2,31.2,1.183,5.2,79.3,52.4
2025-07-03 13:00:00,13,7,21.0,61.2,17.2,1.2,5.3,107.6,22.9
2025-07-03 14:00:00,14,7,29.4,3.3,16.3,1.167,6.5,161.9,19.1
2025-07-03 15:00:00,15,7,33.9,0.8,41.6,1.15,5.0,119.8,55.9
2025-07-03 16:00:00,16,7,18.4,95.3,35.6,1.211,0.0,0.0,51.5
2025-07-03 17:00:00,17,7,28.8,65.2,34.9,1.169,0.0,0.0,42.8
2025-07-03 18:00:00,18,7,22.8,27.1,12.3,1.193,0.0,0.0,15.9
2025-07-03 19:00:00,19,7,35.7,13.8,36.9,1.143,0.0,0.0,49.3
2025-07-03 20:00:00,20,7,31.9,46.4,39.5,1.157,0.0,0.0,54.4
2025-07-03 21:00:00,21,7,28.3,26.0,22.9,1.171,0.0,0.0,28.0
2025-07-03 22:00:00,22,7,30.8,79.3,42.1,1.161,0.0,0.0,55.7
2025-07-03 23:00:00,23,7,27.3,9.3,18.5,1.175,0.0,0.0,26.2
2025-07-04 00:00:00,0,7,23.2,19.5,21.7,1.191,0.0,0.0,37.1
2025-07-04 01:00:00,1,7,18.6,26.9,32.9,1.21,0.0,0.0,46.3
2025-07-04 02:00:00,2,7,20.3,88.8,30.3,1.203,0.0,0.0,46.5
2025-07-04 03:00:00,3,7,23.4,49.6,43.8,1.19,0.0,0.0,59.3
2025-07-04 04:00:00,4,7,21.2,4.4,36.2,1.199,0.0,0.4,52.7
2025-07-04 05:00:00,5,7,28.9,98.0,44.5,1.169,0.0,0.0,65.4
2025-07-04 06:00:00,6,7,25.5,59.9,42.0,1.182,0.0,0.0,58.4
2025-07-04 07:00:00,7,7,28.9,1.4,21.9,1.169,1.6,46.5,26.1
2025-07-04 08:00:00,8,7,34.2,12.2,24.5,1.148,2.7,51.4,36.5
2025-07-04 09:00:00,9,7,16.5,5.1,25.3,1.219,4.7,112.6,35.7
2025-07-04 10:00:00,10,7,39.8,51.1,31.0,1.128,4.1,75.4,44.1
2025-07-04 11:00:00,11,7,40.0,53.0,12.8,1.127,5.7,117.7,13.1
2025-07-04 12:00:00,12,7,13.7,42.2,5.9,1.231,7.9,180.2,8.1
2025-07-04 13:00:00,13,7,24.1,99.8,16.9,1.188,3.3,29.7,22.0
2025-07-04 14:00:00,14,7,28.0,52.8,6.0,1.172,4.0,70.9,5.6
2025-07-04 15:00:00,15,7,19.9,12.3,37.4,1.205,4.4,104.5,51.0
2025-07-04 16:00:00,16,7,45.2,95.1,41.7,1.109,0.0,0.0,56.3
2025-07-04 17:00:00,17,7,24.9,18.0,44.4,1.184,0.8,17.7,61.4
2025-07-04 18:00:00,18,7,19.8,83.0,26.1,1.205,0.0,0.0,36.1
2025-07-04 19:00:00,19,7,10.4,82.5,38.6,1.245,0.0,0.0,54.0
2025-07-04 20:00:00,20,7,24.2,38.8,44.0,1.187,0.0,0.0,57.3
2025-07-04 21:00:00,21,7,24.3,17.2,19.7,1.187,0.0,0.0,25.0
2025-07-04 22:00:00,22,7,36.8,30.4,11.8,1.139,0.0,0.0,8.8
2025-07-04 23:00:00,23,7,18.2,11.0,26.8,1.212,0.0,0.0,35.7
2025-07-05 00:00:00,0,7,27.1,83.2,25.1,1.176,0.0,0.0,35.1
2025-07-05 01:00:00,1,7,30.5,44.8,24.1,1.162,0.0,0.0,36.5
2025-07-05 02:00:00,2,7,26.3,61.2,12.6,1.179,0.0,0.0,19.9
2025-07-05 03:00:00,3,7,28.2,13.0,15.0,1.171,0.0,0.0,23.5
2025-07-05 04:00:00,4,7,14.4,95.9,25.5,1.228,0.0,0.0,41.2
2025-07-05 05:00:00,5,7,27.4,67.5,20.9,1.174,0.0,0.0,32.0
2025-07-05 06:00:00,6,7,21.0,10.1,24.2,1.2,0.0,0.0,32.5
2025-07-05 07:00:00,7,7,24.7,95.6,21.9,1.185,0.0,0.0,26.9
2025-07-05 08:00:00,8,7,30.1,19.8,24.2,1.164,2.3,47.1,32.0
2025-07-05 09:00:00,9,7,16.4,80.1,15.0,1.219,1.0,0.0,18.9
2025-07-05 10:00:00,10,7,16.3,83.9,27.1,1.22,2.5,20.1,41.2
2025-07-05 11:00:00,11,7,29.4,82.3,25.1,1.167,4.2,62.1,35.3
2025-07-05 12:00:00,12,7,20.7,86.8,13.9,1.201,5.7,94.5,19.5
2025-07-05 13:00:00,13,7,19.3,12.1,31.6,1.207,7.7,190.0,43.9
2025-07-05 14:00:00,14,7,27.9,65.9,32.7,1.173,3.4,56.3,44.8
2025-07-05 15:00:00,15,7,21.0,15.9,41.8,1.2,4.2,97.5,60.0
2025-07-05 16:00:00,16,7,32.8,24.0,15.9,1.154,2.1,43.4,15.7
2025-07-05 17:00:00,17,7,18.3,65.2,13.6,1.211,0.0,0.0,15.9
2025-07-05 18:00:00,18,7,36.0,32.3,30.8,1.142,0.0,0.0,40.3
2025-07-05 19:00:00,19,7,39.1,38.4,19.2,1.13,0.0,0.0,22.7
2025-07-05 20:00:00,20,7,32.7,33.0,25.2,1.154,0.0,0.0,36.8
2025-07-05 21:00:00,21,7,18.1,42.3,31.7,1.212,0.0,0.0,49.0
2025-07-05 22:00:00,22,7,26.7,5.8,10.1,1.177,0.0,3.7,10.1
2025-07-05 23:00:00,23,7,22.3,72.4,22.3,1.195,0.0,0.0,30.4
2025-07-06 00:00:00,0,7,38.2,20.9,6.4,1.134,0.0,0.0,5.7
2025-07-06 01:00:00,1,7,25.6,91.8,32.6,1.182,0.0,0.0,40.6
2025-07-06 02:00:00,2,7,28.5,68.7,20.8,1.17,0.0,0.0,25.2
2025-07-06 03:00:00,3,7,25.4,28.2,22.9,1.182,0.0,0.0,31.4
2025-07-06 04:00:00,4,7,22.5,70.6,35.1,1.194,0.0,0.0,51.7
2025-07-06 05:00:00,5,7,35.4,25.7,33.0,1.144,0.0,0.0,47.4
2025-07-06 06:00:00,6,7,21.8,51.3,21.3,1.197,0.0,0.0,30.0
2025-07-06 07:00:00,7,7,24.1,94.8,18.6,1.188,0.0,0.0,20.8
2025-07-06 08:00:00,8,7,20.6,0.7,37.2,1.202,3.3,83.4,50.0
2025-07-06 09:00:00,9,7,19.5,65.5,39.0,1.206,1.7,4.1,57.4
2025-07-06 10:00:00,10,7,34.3,2.1,35.0,1.148,6.6,175.0,44.7
2025-07-06 11:00:00,11,7,24.4,52.5,28.6,1.186,5.7,103.6,41.8
2025-07-06 12:00:00,12,7,23.4,13.3,28.9,1.19,9.3,238.7,43.0
2025-07-06 13:00:00,13,7,28.5,78.2,44.4,1.17,4.4,65.3,61.0
2025-07-06 14:00:00,14,7,15.9,12.2,28.9,1.221,6.1,150.8,43.2
2025-07-06 15:00:00,15,7,28.9,35.6,27.4,1.169,3.2,59.9,37.8
2025-07-06 16:00:00,16,7,31.6,5.0,38.8,1.158,3.1,76.9,49.1
2025-07-06 17:00:00,17,7,28.5,36.0,8.4,1.17,0.0,0.0,10.5
2025-07-06 18:00:00,18,7,8.0,50.7,16.9,1.256,0.0,0.0,20.8
2025-07-06 19:00:00,19,7,22.5,48.8,35.1,1.194,0.0,0.0,52.1
2025-07-06 20:00:00,20,7,29.1,2.2,32.8,1.168,0.0,1.0,47.1
2025-07-06 21:00:00,21,7,34.9,44.6,25.3,1.146,0.0,0.0,35.3
2025-07-06 22:00:00,22,7,10.1,71.2,10.2,1.246,0.0,0.0,12.7
2025-07-06 23:00:00,23,7,6.2,45.0,36.6,1.264,0.0,0.0,52.1
2025-07-07 00:00:00,0,7,25.7,12.4,31.4,1.181,0.0,0.0,44.1
2025-07-07 01:00:00,1,7,30.8,32.0,25.5,1.161,0.0,0.0,38.0
2025-07-07 02:00:00,2,7,29.2,58.5,9.5,1.167,0.0,0.0,6.7
2025-07-07 03:00:00,3,7,30.6,96.1,35.4,1.162,0.0,0.0,46.9
2025-07-07 04:00:00,4,7,23.9,56.5,30.0,1.188,0.0,0.0,43.2
2025-07-07 05:00:00,5,7,28.3,90.0,22.2,1.171,0.0,0.0,32.8
2025-07-07 06:00:00,6,7,17.5,29.6,16.0,1.214,0.0,0.0,24.8
2025-07-07 07:00:00,7,7,33.8,17.7,22.4,1.15,0.8,8.4,27.5
2025-07-07 08:00:00,8,7,43.0,14.2,8.3,1.117,2.6,60.3,9.1
2025-07-07 09:00:00,9,7,26.6,56.9,6.4,1.178,2.2,21.8,4.2
2025-07-07 10:00:00,10,7,40.0,1.7,8.7,1.127,6.6,161.5,7.0
2025-07-07 11:00:00,11,7,14.6,7.5,17.5,1.227,8.0,199.5,24.4
2025-07-07 12:00:00,12,7,23.9,53.4,37.7,1.188,7.3,159.4,53.5
2025-07-07 13:00:00,13,7,22.6,83.1,37.7,1.194,4.2,67.4,57.4
2025-07-07 14:00:00,14,7,13.0,78.4,12.7,1.234,2.7,22.7,15.6
2025-07-07 15:00:00,15,7,22.5,34.9,6.8,1.194,3.3,56.2,7.6
2025-07-07 16:00:00,16,7,36.0,57.4,29.6,1.142,0.5,0.0,39.6
2025-07-07 17:00:00,17,7,20.7,30.1,27.0,1.201,0.2,0.0,37.0
2025-07-07 18:00:00,18,7,26.7,97.0,10.1,1.177,0.0,0.0,7.4
2025-07-07 19:00:00,19,7,23.5,18.4,28.5,1.19,0.0,0.0,40.8
2025-07-07 20:00:00,20,7,16.7,68.3,24.7,1.218,0.0,0.0,31.2
2025-07-07 21:00:00,21,7,18.1,69.2,10.6,1.212,0.0,0.0,13.9
2025-07-07 22:00:00,22,7,36.9,74.9,10.1,1.138,0.0,0.0,11.0
2025-07-07 23:00:00,23,7,37.2,53.0,29.5,1.137,0.0,0.0,40.8
2025-07-08 00:00:00,0,7,32.5,54.5,29.6,1.155,0.0,0.0,40.4
2025-07-08 01:00:00,1,7,30.2,35.6,33.3,1.164,0.0,0.0,45.0
2025-07-08 02:00:00,2,7,23.7,4.0,16.0,1.189,0.0,0.3,20.3
2025-07-08 03:00:00,3,7,31.8,8.0,7.0,1.158,0.0,0.0,7.2
2025-07-08 04:00:00,4,7,14.2,31.3,24.5,1.228,0.0,0.0,33.9
2025-07-08 05:00:00,5,7,17.5,75.7,17.5,1.214,0.0,0.0,23.9
2025-07-08 06:00:00,6,7,13.2,91.0,26.8,1.233,0.0,0.0,40.6
2025-07-08 07:00:00,7,7,24.9,17.2,6.8,1.184,0.8,9.8,5.6
2025-07-08 08:00:00,8,7,20.2,94.0,38.2,1.203,0.0,0.0,51.6
2025-07-08 09:00:00,9,7,15.6,79.4,16.4,1.222,1.0,0.0,24.5
2025-07-08 10:00:00,10,7,18.9,99.8,44.4,1.209,1.7,0.0,63.1
2025-07-08 11:00:00,11,7,28.8,1.7,10.3,1.169,8.2,197.7,11.7
2025-07-08 12:00:00,12,7,21.8,93.3,7.6,1.197,5.3,81.3,13.3
2025-07-08 13:00:00,13,7,5.4,18.4,5.2,1.267,7.4,175.4,4.2
2025-07-08 14:00:00,14,7,24.1,27.7,15.5,1.188,5.3,121.3,15.0
2025-07-08 15:00:00,15,7,21.9,61.3,31.0,1.196,1.9,19.5,35.8
2025-07-08 16:00:00,16,7,18.1,79.4,35.8,1.212,0.0,0.0,56.8
2025-07-08 17:00:00,17,7,21.7,92.5,26.7,1.197,0.0,0.0,34.5
2025-07-08 18:00:00,18,7,10.7,63.0,13.3,1.244,0.0,0.0,13.9
2025-07-08 19:00:00,19,7,18.6,19.6,38.2,1.21,0.0,0.0,52.7
2025-07-08 20:00:00,20,7,27.9,52.8,8.4,1.173,0.0,0.0,6.6
2025-07-08 21:00:00,21,7,16.4,33.1,19.6,1.219,0.0,0.0,31.5
2025-07-08 22:00:00,22,7,24.1,24.0,39.1,1.188,0.0,0.0,51.4
2025-07-08 23:00:00,23,7,31.7,65.4,13.2,1.158,0.0,0.0,15.5
2025-07-09 00:00:00,0,7,26.1,36.0,17.8,1.18,0.0,0.0,26.3
2025-07-09 01:00:00,1,7,34.7,45.2,5.0,1.147,0.0,0.0,0.0
2025-07-09 02:00:00,2,7,16.0,59.2,34.1,1.221,0.0,0.0,50.0
2025-07-09 03:00:00,3,7,35.3,35.0,25.9,1.144,0.0,0.0,39.5
2025-07-09 04:00:00,4,7,27.9,92.0,44.2,1.173,0.0,0.0,66.0
2025-07-09 05:00:00,5,7,19.6,44.6,29.7,1.206,0.0,0.0,49.9
2025-07-09 06:00:00,6,7,32.6,12.3,9.5,1.154,0.0,2.2,11.2
2025-07-09 07:00:00,7,7,38.3,58.9,25.3,1.133,0.0,0.0,33.2
2025-07-09 08:00:00,8,7,27.4,71.8,25.6,1.174,0.0,0.0,30.7
2025-07-09 09:00:00,9,7,38.5,51.0,10.7,1.133,2.4,27.9,12.3
2025-07-09 10:00:00,10,7,19.3,1.5,18.7,1.207,6.6,154.5,24.1
2025-07-09 11:00:00,11,7,16.3,46.3,29.6,1.22,6.0,135.8,40.6
2025-07-09 12:00:00,12,7,21.5,6.1,6.1,1.198,9.7,241.9,8.1
2025-07-09 13:00:00,13,7,35.5,32.1,32.7,1.144,6.7,155.2,47.3
2025-07-09 14:00:00,14,7,14.4,99.4,31.1,1.228,1.7,0.0,46.7
2025-07-09 15:00:00,15,7,30.7,79.4,13.8,1.162,1.0,0.0,13.5
2025-07-09 16:00:00,16,7,16.9,95.9,24.2,1.217,0.0,0.0,41.9
2025-07-09 17:00:00,17,7,22.8,34.8,40.4,1.193,0.0,0.0,63.2
2025-07-09 18:00:00,18,7,20.2,62.7,20.0,1.203,0.0,0.0,26.6
2025-07-09 19:00:00,19,7,13.5,53.1,18.3,1.231,0.0,0.0,23.2
2025-07-09 20:00:00,20,7,19.6,65.9,31.0,1.206,0.0,0.0,43.7
2025-07-09 21:00:00,21,7,11.1,24.6,44.5,1.242,0.0,0.0,69.3
2025-07-09 22:00:00,22,7,25.4,76.9,14.0,1.182,0.0,0.0,14.5
2025-07-09 23:00:00,23,7,24.9,13.5,11.9,1.184,0.0,0.0,15.3
2025-07-10 00:00:00,0,7,24.7,86.9,39.4,1.185,0.0,0.0,50.6
2025-07-10 01:00:00,1,7,24.2,54.5,13.1,1.187,0.0,0.0,11.6
2025-07-10 02:00:00,2,7,29.2,29.3,34.7,1.167,0.0,0.0,50.1
2025-07-10 03:00:00,3,7,25.7,32.9,31.2,1.181,0.0,0.0,46.2
2025-07-10 04:00:00,4,7,32.1,42.3,25.6,1.156,0.0,0.0,36.6
2025-07-10 05:00:00,5,7,40.3,66.6,27.5,1.126,0.0,0.0,36.1
2025-07-10 06:00:00,6,7,32.9,25.4,40.0,1.153,0.0,0.0,50.4
2025-07-10 07:00:00,7,7,28.5,74.9,19.8,1.17,0.0,0.0,21.8
2025-07-10 08:00:00,8,7,18.2,99.8,26.3,1.212,0.0,0.0,38.7
2025-07-10 09:00:00,9,7,36.4,68.1,35.9,1.14,1.6,8.2,49.1
2025-07-10 10:00:00,10,7,18.3,38.6,26.5,1.211,4.7,97.5,35.4
2025-07-10 11:00:00,11,7,33.1,8.3,9.0,1.153,7.9,187.8,7.7
2025-07-10 12:00:00,12,7,33.7,58.1,5.3,1.15,7.1,150.6,2.9
2025-07-10 13:00:00,13,7,39.5,77.1,16.7,1.129,4.5,74.0,24.6
2025-07-10 14:00:00,14,7,12.7,24.0,7.9,1.235,5.5,128.3,13.1
2025-07-10 15:00:00,15,7,15.7,37.9,29.3,1.222,3.1,54.3,35.2
2025-07-10 16:00:00,16,7,28.5,44.0,37.2,1.17,1.1,5.0,50.8
2025-07-10 17:00:00,17,7,30.3,24.9,21.2,1.163,0.4,4.1,30.4
2025-07-10 18:00:00,18,7,35.7,28.7,41.6,1.143,0.0,0.0,61.8
2025-07-10 19:00:00,19,7,32.7,43.8,38.3,1.154,0.0,0.0,51.6
2025-07-10 20:00:00,20,7,19.9,55.9,20.2,1.205,0.0,0.0,28.1
2025-07-10 21:00:00,21,7,33.8,57.5,35.7,1.15,0.0,0.0,53.0
2025-07-10 22:00:00,22,7,30.8,57.7,29.2,1.161,0.0,0.0,40.0
2025-07-10 23:00:00,23,7,19.7,46.2,8.2,1.205,0.0,0.0,8.9
2025-07-11 00:00:00,0,7,42.2,0.1,30.2,1.119,0.0,4.7,38.6
2025-07-11 01:00:00,1,7,14.0,90.9,21.3,1.229,0.0,0.0,28.1
2025-07-11 02:00:00,2,7,27.0,52.5,24.2,1.176,0.0,0.0,34.6
2025-07-11 03:00:00,3,7,6.9,38.6,23.0,1.26,0.0,0.0,28.8
2025-07-11 04:00:00,4,7,21.1,75.0,9.0,1.2,0.0,0.0,11.7
2025-07-11 05:00:00,5,7,18.0,15.2,20.7,1.212,0.0,0.0,28.1
2025-07-11 06:00:00,6,7,19.5,50.1,36.1,1.206,0.0,0.0,49.9
2025-07-11 07:00:00,7,7,21.1,66.6,17.7,1.2,0.0,0.0,22.4
2025-07-11 08:00:00,8,7,28.5,8.2,42.0,1.17,2.9,63.0,58.3
2025-07-11 09:00:00,9,7,28.8,87.8,5.0,1.169,0.6,0.0,12.5
2025-07-11 10:00:00,10,7,18.6,54.4,10.8,1.21,3.9,65.5,14.2
2025-07-11 11:00:00,11,7,8.4,54.0,17.6,1.254,5.6,117.0,18.1
2025-07-11 12:00:00,12,7,36.9,55.8,11.3,1.138,7.2,149.2,16.3
2025-07-11 13:00:00,13,7,37.7,49.5,40.2,1.136,5.9,115.0,54.4
2025-07-11 14:00:00,14,7,43.5,70.0,20.6,1.115,3.2,51.0,30.9
2025-07-11 15:00:00,15,7,23.8,53.1,21.4,1.189,2.3,29.5,29.8
2025-07-11 16:00:00,16,7,35.0,31.6,8.1,1.146,1.8,27.6,4.1
2025-07-11 17:00:00,17,7,29.8,20.9,12.2,1.165,0.6,9.4,11.1
2025-07-11 18:00:00,18,7,27.8,29.3,18.3,1.173,0.0,0.0,26.8
2025-07-11 19:00:00,19,7,19.6,29.3,6.0,1.206,0.0,0.0,11.3
2025-07-11 20:00:00,20,7,20.8,97.6,31.4,1.201,0.0,0.0,42.1
2025-07-11 21:00:00,21,7,30.4,87.2,36.4,1.163,0.0,0.0,52.5
2025-07-11 22:00:00,22,7,34.2,65.2,44.7,1.148,0.0,0.0,65.9
2025-07-11 23:00:00,23,7,16.3,69.4,42.9,1.22,0.0,0.0,63.0
2025-07-12 00:00:00,0,7,26.5,74.4,22.8,1.178,0.0,0.0,32.9
2025-07-12 01:00:00,1,7,21.0,79.3,41.6,1.2,0.0,0.0,62.1
2025-07-12 02:00:00,2,7,21.2,28.3,31.7,1.199,0.0,0.0,51.4
2025-07-12 03:00:00,3,7,18.0,43.8,20.2,1.212,0.0,0.0,29.9
2025-07-12 04:00:00,4,7,23.1,4.8,39.6,1.192,0.0,1.2,56.1
2025-07-12 05:00:00,5,7,29.1,86.6,20.4,1.168,0.0,0.0,27.1
2025-07-12 06:00:00,6,7,22.0,62.7,10.6,1.196,0.0,0.0,13.1
2025-07-12 07:00:00,7,7,25.9,9.7,38.3,1.18,1.2,30.5,57.1
2025-07-12 08:00:00,8,7,31.1,93.8,6.9,1.16,0.0,0.0,4.9
2025-07-12 09:00:00,9,7,33.5,78.4,9.1,1.151,1.1,0.0,13.8
2025-07-12 10:00:00,10,7,16.7,72.5,8.1,1.218,3.0,47.2,14.2
2025-07-12 11:00:00,11,7,23.5,39.3,21.4,1.19,6.4,139.4,31.7
2025-07-12 12:00:00,12,7,17.3,9.5,9.7,1.215,9.5,234.2,9.7
2025-07-12 13:00:00,13,7,20.9,81.0,24.4,1.2,4.3,76.6,32.3
2025-07-12 14:00:00,14,7,13.7,78.8,25.5,1.231,2.7,36.2,39.7
2025-07-12 15:00:00,15,7,21.1,88.3,13.7,1.2,0.6,0.0,14.7
2025-07-12 16:00:00,16,7,20.1,81.7,25.4,1.204,0.0,0.0,34.3
2025-07-12 17:00:00,17,7,29.3,70.6,43.3,1.167,0.0,0.0,60.9
2025-07-12 18:00:00,18,7,23.1,4.3,15.1,1.192,0.0,0.5,17.1
2025-07-12 19:00:00,19,7,18.9,69.9,23.9,1.209,0.0,0.0,31.0
2025-07-12 20:00:00,20,7,31.6,93.4,40.0,1.158,0.0,0.0,53.1
2025-07-12 21:00:00,21,7,31.8,61.2,35.8,1.158,0.0,0.0,48.8
2025-07-12 22:00:00,22,7,34.5,64.6,27.6,1.147,0.0,0.0,42.3
2025-07-12 23:00:00,23,7,37.2,23.6,44.4,1.137,0.0,0.0,65.5
2025-07-13 00:00:00,0,7,39.1,93.1,36.8,1.13,0.0,0.0,48.4
2025-07-13 01:00:00,1,7,28.7,33.7,32.7,1.169,0.0,0.0,43.6
2025-07-13 02:00:00,2,7,24.8,44.0,44.1,1.185,0.0,0.0,61.2
2025-07-13 03:00:00,3,7,23.3,24.2,35.3,1.191,0.0,0.0,52.0
2025-07-13 04:00:00,4,7,35.3,62.1,41.2,1.144,0.0,0.0,57.7
2025-07-13 05:00:00,5,7,13.1,47.7,31.7,1.233,0.0,0.0,45.2
2025-07-13 06:00:00,6,7,20.2,18.9,22.9,1.203,0.0,0.0,31.1
2025-07-13 07:00:00,7,7,44.8,27.7,38.7,1.11,0.3,0.0,52.2
2025-07-13 08:00:00,8,7,35.3,79.9,15.1,1.144,0.0,0.0,17.7
2025-07-13 09:00:00,9,7,14.1,19.1,25.5,1.229,4.0,92.7,37.4
2025-07-13 10:00:00,10,7,21.1,68.8,12.6,1.2,3.2,43.2,15.0
2025-07-13 11:00:00,11,7,27.8,16.7,23.4,1.173,7.5,185.4,34.3
2025-07-13 12:00:00,12,7,19.6,79.9,8.6,1.206,6.0,111.5,14.1
2025-07-13 13:00:00,13,7,21.7,96.5,8.8,1.197,3.5,44.1,17.0
2025-07-13 14:00:00,14,7,22.4,90.5,28.1,1.194,2.1,8.5,41.9
2025-07-13 15:00:00,15,7,17.7,26.4,29.2,1.214,3.7,71.8,40.1
2025-07-13 16:00:00,16,7,21.5,86.7,16.5,1.198,0.0,0.0,22.6
2025-07-13 17:00:00,17,7,8.3,99.5,34.7,1.254,0.0,0.0,46.6
2025-07-13 18:00:00,18,7,24.9,8.7,10.0,1.184,0.0,0.0,11.1
2025-07-13 19:00:00,19,7,21.2,46.9,43.3,1.199,0.0,0.0,60.4
2025-07-13 20:00:00,20,7,15.8,85.4,40.3,1.222,0.0,0.0,60.0
2025-07-13 21:00:00,21,7,16.4,26.3,10.4,1.219,0.0,0.0,12.4
2025-07-13 22:00:00,22,7,16.3,30.8,9.7,1.22,0.0,0.0,9.5
2025-07-13 23:00:00,23,7,21.1,97.6,10.1,1.2,0.0,0.0,13.7
2025-07-14 00:00:00,0,7,34.1,71.2,13.1,1.149,0.0,0.0,15.5
2025-07-14 01:00:00,1,7,26.7,80.4,14.9,1.177,0.0,0.0,25.7
2025-07-14 02:00:00,2,7,18.7,25.8,23.6,1.209,0.0,0.0,30.0
2025-07-14 03:00:00,3,7,33.1,89.3,33.0,1.153,0.0,0.0,48.2
2025-07-14 04:00:00,4,7,36.7,81.4,28.9,1.139,0.0,0.0,39.0
2025-07-14 05:00:00,5,7,16.7,44.0,17.3,1.218,0.0,0.0,20.9
2025-07-14 06:00:00,6,7,7.7,11.8,5.4,1.257,0.0,0.0,2.9
2025-07-14 07:00:00,7,7,26.9,84.8,43.3,1.176,0.0,0.0,62.7
2025-07-14 08:00:00,8,7,9.3,48.4,26.4,1.25,0.9,3.9,41.1
2025-07-14 09:00:00,9,7,19.5,2.4,7.2,1.206,4.9,115.8,9.9
2025-07-14 10:00:00,10,7,21.8,15.9,28.6,1.197,5.9,132.0,44.1
2025-07-14 11:00:00,11,7,35.3,62.9,20.4,1.144,5.2,96.4,26.1
2025-07-14 12:00:00,12,7,33.9,46.6,34.4,1.15,7.7,169.6,46.4
2025-07-14 13:00:00,13,7,29.5,7.6,16.0,1.166,8.0,193.8,21.7
2025-07-14 14:00:00,14,7,19.3,69.1,39.3,1.207,3.2,37.4,50.0
2025-07-14 15:00:00,15,7,12.9,26.2,8.1,1.234,3.7,90.1,11.9
2025-07-14 16:00:00,16,7,28.1,86.9,18.3,1.172,0.0,0.0,24.7
2025-07-14 17:00:00,17,7,19.1,39.5,33.4,1.208,0.0,0.0,45.3
2025-07-14 18:00:00,18,7,29.7,19.8,13.1,1.166,0.0,0.0,12.8
2025-07-14 19:00:00,19,7,19.7,9.3,21.6,1.205,0.0,0.0,32.5
2025-07-14 20:00:00,20,7,23.0,77.1,21.7,1.192,0.0,0.0,26.7
2025-07-14 21:00:00,21,7,35.2,20.8,6.7,1.145,0.0,0.0,6.0
2025-07-14 22:00:00,22,7,14.7,20.0,25.6,1.226,0.0,0.0,35.2
2025-07-14 23:00:00,23,7,23.3,12.4,21.7,1.191,0.0,0.0,29.4
2025-07-15 00:00:00,0,7,22.8,70.6,8.1,1.193,0.0,0.0,10.9
2025-07-15 01:00:00,1,7,25.8,98.4,37.8,1.181,0.0,0.0,52.6
2025-07-15 02:00:00,2,7,14.5,19.1,23.5,1.227,0.0,0.0,36.0
2025-07-15 03:00:00,3,7,28.6,20.4,19.0,1.17,0.0,0.0,15.7
2025-07-15 04:00:00,4,7,31.0,85.0,36.9,1.161,0.0,0.0,52.3
2025-07-15 05:00:00,5,7,24.5,27.9,9.6,1.186,0.0,0.0,0.5
2025-07-15 06:00:00,6,7,21.6,76.3,26.5,1.198,0.0,0.0,34.7
2025-07-15 07:00:00,7,7,5.2,66.5,42.9,1.268,0.0,0.0,61.8
2025-07-15 08:00:00,8,7,24.0,16.5,29.4,1.188,2.5,60.1,38.5
2025-07-15 09:00:00,9,7,22.5,3.3,40.6,1.194,4.8,117.8,55.2
2025-07-15 10:00:00,10,7,38.7,25.0,9.1,1.132,5.4,122.4,7.5
2025-07-15 11:00:00,11,7,31.5,94.2,34.2,1.159,3.6,54.4,48.8
2025-07-15 12:00:00,12,7,20.0,86.4,41.0,1.204,5.7,99.0,53.8
2025-07-15 13:00:00,13,7,25.7,98.7,31.1,1.181,3.4,34.2,42.3
2025-07-15 14:00:00,14,7,21.4,28.2,7.9,1.198,5.3,123.2,10.5
2025-07-15 15:00:00,15,7,30.4,94.4,21.9,1.163,0.3,0.0,30.1
2025-07-15 16:00:00,16,7,24.1,26.8,14.0,1.188,2.0,43.0,16.9
2025-07-15 17:00:00,17,7,38.4,93.1,35.7,1.133,0.0,0.0,47.6
2025-07-15 18:00:00,18,7,29.2,43.6,41.8,1.167,0.0,0.0,58.2
2025-07-15 19:00:00,19,7,16.1,36.5,38.2,1.22,0.0,0.0,50.8
2025-07-15 20:00:00,20,7,29.2,54.2,43.5,1.167,0.0,0.0,61.6
2025-07-15 21:00:00,21,7,12.1,0.2,37.5,1.237,0.0,0.0,52.5
2025-07-15 22:00:00,22,7,14.9,30.2,13.8,1.225,0.0,0.0,22.0
2025-07-15 23:00:00,23,7,26.3,65.5,40.1,1.179,0.0,0.0,60.1
2025-07-16 00:00:00,0,7,25.4,15.4,42.9,1.182,0.0,0.0,56.7
2025-07-16 01:00:00,1,7,26.8,55.1,14.7,1.177,0.0,0.0,18.1
2025-07-16 02:00:00,2,7,21.1,91.0,41.9,1.2,0.0,0.0,58.5
2025-07-16 03:00:00,3,7,26.0,74.1,29.3,1.18,0.0,0.0,35.4
2025-07-16 04:00:00,4,7,14.3,28.5,24.1,1.228,0.0,0.0,30.3
2025-07-16 05:00:00,5,7,11.6,6.8,14.8,1.24,0.0,7.6,21.6
2025-07-16 06:00:00,6,7,30.4,17.7,19.2,1.163,0.0,0.0,28.8
2025-07-16 07:00:00,7,7,22.6,52.9,15.2,1.194,0.0,0.0,18.1
2025-07-16 08:00:00,8,7,23.6,38.0,14.3,1.19,1.4,23.4,18.3
2025-07-16 09:00:00,9,7,20.1,58.8,24.8,1.204,2.1,23.8,32.2
2025-07-16 10:00:00,10,7,27.9,75.3,34.6,1.173,2.9,40.7,49.6
2025-07-16 11:00:00,11,7,30.6,24.4,13.7,1.162,7.1,162.5,12.4
2025-07-16 12:00:00,12,7,22.5,38.0,42.0,1.194,8.1,180.2,70.4
2025-07-16 13:00:00,13,7,32.9,40.4,27.4,1.153,6.3,146.9,31.9
2025-07-16 14:00:00,14,7,27.9,27.7,8.4,1.173,5.3,118.5,6.7
2025-07-16 15:00:00,15,7,18.6,76.9,8.6,1.21,1.2,0.0,6.4
2025-07-16 16:00:00,16,7,19.4,75.0,16.1,1.207,0.0,0.0,20.8
2025-07-16 17:00:00,17,7,16.1,30.4,24.6,1.22,0.1,0.0,35.2
2025-07-16 18:00:00,18,7,12.6,89.9,18.3,1.235,0.0,0.0,23.6
2025-07-16 19:00:00,19,7,31.4,25.7,14.8,1.159,0.0,0.0,17.6
2025-07-16 20:00:00,20,7,8.2,4.1,9.2,1.255,0.0,0.0,8.8
2025-07-16 21:00:00,21,7,38.1,79.1,44.2,1.134,0.0,0.0,64.6
2025-07-16 22:00:00,22,7,33.2,89.6,25.9,1.152,0.0,0.0,34.8
2025-07-16 23:00:00,23,7,15.0,19.6,11.4,1.225,0.0,0.0,25.7
2025-07-17 00:00:00,0,7,20.1,63.5,31.6,1.204,0.0,0.0,40.7
2025-07-17 01:00:00,1,7,10.8,84.9,39.7,1.243,0.0,0.0,54.1
2025-07-17 02:00:00,2,7,43.5,3.6,24.5,1.115,0.0,0.0,31.9
2025-07-17 03:00:00,3,7,22.8,16.2,9.7,1.193,0.0,0.0,12.3
2025-07-17 04:00:00,4,7,34.4,37.7,34.9,1.148,0.0,0.0,45.0
2025-07-17 05:00:00,5,7,22.4,3.4,14.5,1.194,0.0,7.7,21.9
2025-07-17 06:00:00,6,7,24.8,7.5,12.5,1.185,0.0,0.0,13.8
2025-07-17 07:00:00,7,7,25.5,17.0,11.9,1.182,0.8,0.0,20.3
2025-07-17 08:00:00,8,7,14.9,96.6,13.4,1.225,0.0,0.0,19.1
2025-07-17 09:00:00,9,7,14.6,14.5,25.5,1.227,4.3,98.7,35.6
2025-07-17 10:00:00,10,7,11.0,38.3,43.4,1.242,4.8,98.3,62.5
2025-07-17 11:00:00,11,7,16.4,8.2,34.8,1.219,7.9,188.7,48.9
2025-07-17 12:00:00,12,7,45.8,61.1,29.2,1.107,6.9,147.0,40.9
2025-07-17 13:00:00,13,7,31.4,76.5,41.1,1.159,4.5,71.3,63.6
2025-07-17 14:00:00,14,7,24.0,35.2,44.5,1.188,4.9,115.0,61.1
2025-07-17 15:00:00,15,7,28.8,27.6,37.5,1.169,3.6,80.5,54.7
2025-07-17 16:00:00,16,7,22.9,66.3,7.7,1.192,0.0,0.0,5.9
2025-07-17 17:00:00,17,7,15.2,20.4,5.7,1.224,0.6,0.0,5.4
2025-07-17 18:00:00,18,7,12.5,86.3,31.8,1.236,0.0,0.0,45.5
2025-07-17 19:00:00,19,7,22.5,66.1,8.1,1.194,0.0,0.0,8.7
2025-07-17 20:00:00,20,7,23.1,53.0,34.1,1.192,0.0,0.0,47.5
2025-07-17 21:00:00,21,7,16.1,46.9,38.0,1.22,0.0,0.0,57.9
2025-07-17 22:00:00,22,7,34.6,98.3,42.1,1.147,0.0,0.0,63.2
2025-07-17 23:00:00,23,7,22.0,0.3,43.5,1.196,0.0,0.0,66.4
2025-07-18 00:00:00,0,7,25.4,17.3,10.9,1.182,0.0,0.0,14.1
2025-07-18 01:00:00,1,7,31.2,21.2,33.6,1.16,0.0,0.0,48.3
2025-07-18 02:00:00,2,7,21.1,86.4,6.5,1.2,0.0,0.0,8.2
2025-07-18 03:00:00,3,7,9.8,9.1,35.6,1.248,0.0,0.0,49.7
2025-07-18 04:00:00,4,7,24.5,0.5,35.4,1.186,0.0,11.2,49.3
2025-07-18 05:00:00,5,7,12.5,78.1,38.5,1.236,0.0,0.0,54.8
2025-07-18 06:00:00,6,7,21.0,87.5,6.8,1.2,0.0,0.0,6.0
2025-07-18 07:00:00,7,7,23.4,56.8,32.3,1.19,0.0,0.0,44.5
2025-07-18 08:00:00,8,7,31.7,12.7,13.2,1.158,2.7,61.6,14.8
2025-07-18 09:00:00,9,7,30.2,72.9,31.6,1.164,1.4,7.6,44.2
2025-07-18 10:00:00,10,7,21.5,61.6,24.3,1.198,3.6,61.7,32.0
2025-07-18 11:00:00,11,7,27.5,20.4,26.0,1.174,7.3,172.3,34.2
2025-07-18 12:00:00,12,7,18.5,44.1,5.6,1.21,7.8,168.6,10.7
2025-07-18 13:00:00,13,7,20.3,74.0,35.0,1.203,4.6,81.2,50.5
2025-07-18 14:00:00,14,7,19.5,59.0,6.1,1.206,3.7,64.0,7.2
2025-07-18 15:00:00,15,7,17.2,39.1,15.3,1.216,3.0,56.1,20.9
2025-07-18 16:00:00,16,7,25.0,57.3,42.6,1.184,0.5,0.0,53.4
2025-07-18 17:00:00,17,7,14.0,56.6,31.1,1.229,0.0,0.0,46.6
2025-07-18 18:00:00,18,7,17.2,46.2,19.7,1.216,0.0,0.0,27.3
2025-07-18 19:00:00,19,7,17.4,57.1,28.1,1.215,0.0,0.0,42.4
2025-07-18 20:00:00,20,7,29.4,93.3,23.9,1.167,0.0,0.0,27.6
2025-07-18 21:00:00,21,7,26.3,13.6,28.4,1.179,0.0,0.0,37.2
2025-07-18 22:00:00,22,7,19.5,17.6,21.0,1.206,0.0,0.0,26.2
2025-07-18 23:00:00,23,7,12.1,99.8,10.0,1.237,0.0,0.0,8.4
2025-07-19 00:00:00,0,7,32.2,59.9,22.0,1.156,0.0,0.0,25.6
2025-07-19 01:00:00,1,7,27.1,41.9,22.9,1.176,0.0,0.0,33.3
2025-07-19 02:00:00,2,7,31.7,73.9,15.7,1.158,0.0,0.0,20.8
2025-07-19 03:00:00,3,7,34.2,15.0,25.7,1.148,0.0,0.0,34.4
2025-07-19 04:00:00,4,7,28.4,95.1,40.7,1.171,0.0,0.0,60.9
2025-07-19 05:00:00,5,7,21.5,25.6,39.7,1.198,0.0,0.0,53.4
2025-07-19 06:00:00,6,7,14.6,3.8,34.7,1.227,0.0,0.0,51.2
2025-07-19 07:00:00,7,7,29.7,86.6,12.6,1.166,0.0,0.0,16.1
2025-07-19 08:00:00,8,7,15.7,60.6,30.6,1.222,0.3,0.0,41.2
2025-07-19 09:00:00,9,7,37.6,30.0,28.3,1.136,3.5,75.5,33.7
2025-07-19 10:00:00,10,7,25.6,15.9,8.0,1.182,5.9,139.4,9.2
2025-07-19 11:00:00,11,7,25.5,48.5,38.5,1.182,5.9,123.4,56.7
2025-07-19 12:00:00,12,7,32.6,1.7,25.2,1.154,9.9,254.6,34.2
2025-07-19 13:00:00,13,7,28.7,89.6,6.1,1.169,3.9,61.2,1.5
2025-07-19 14:00:00,14,7,28.0,62.4,27.6,1.172,3.5,54.5,37.0
2025-07-19 15:00:00,15,7,25.7,88.6,25.2,1.181,0.6,0.0,37.6
2025-07-19 16:00:00,16,7,24.4,70.2,34.3,1.186,0.0,0.0,50.5
2025-07-19 17:00:00,17,7,31.9,84.3,38.6,1.157,0.0,0.0,56.9
2025-07-19 18:00:00,18,7,29.2,54.6,24.1,1.167,0.0,0.0,33.8
2025-07-19 19:00:00,19,7,26.4,21.3,36.1,1.178,0.0,0.0,48.6
2025-07-19 20:00:00,20,7,15.4,17.9,38.0,1.223,0.0,0.0,53.1
2025-07-19 21:00:00,21,7,21.3,70.9,30.2,1.199,0.0,0.0,38.5
2025-07-19 22:00:00,22,7,35.4,24.1,39.1,1.144,0.0,0.0,54.2
2025-07-19 23:00:00,23,7,18.5,95.3,30.7,1.21,0.0,0.0,45.8
2025-07-20 00:00:00,0,7,35.0,65.7,31.3,1.146,0.0,0.0,46.5
2025-07-20 01:00:00,1,7,14.0,59.9,29.5,1.229,0.0,0.0,37.7
2025-07-20 02:00:00,2,7,32.2,23.0,21.4,1.156,0.0,0.0,31.6
2025-07-20 03:00:00,3,7,24.5,91.7,35.3,1.186,0.0,0.0,47.7
2025-07-20 04:00:00,4,7,18.4,19.8,26.6,1.211,0.0,0.0,41.5
2025-07-20 05:00:00,5,7,18.8,15.4,17.3,1.209,0.0,0.0,25.9
2025-07-20 06:00:00,6,7,25.4,13.7,10.1,1.182,0.0,0.0,10.6
2025-07-20 07:00:00,7,7,22.0,84.7,12.4,1.196,0.0,0.0,18.3
2025-07-20 08:00:00,8,7,27.6,71.9,37.9,1.174,0.0,0.0,55.0
2025-07-20 09:00:00,9,7,37.5,53.2,42.7,1.136,2.3,23.9,59.9
2025-07-20 10:00:00,10,7,24.2,30.7,27.8,1.187,5.1,116.9,37.4
2025-07-20 11:00:00,11,7,30.8,35.7,18.3,1.161,6.5,140.1,16.3
2025-07-20 12:00:00,12,7,18.1,18.1,37.1,1.212,9.1,220.9,50.1
2025-07-20 13:00:00,13,7,18.2,47.7,33.6,1.212,5.9,119.9,53.0
2025-07-20 14:00:00,14,7,15.6,10.0,24.2,1.222,6.2,135.7,34.2
2025-07-20 15:00:00,15,7,21.4,0.4,35.3,1.198,5.0,122.3,50.1
2025-07-20 16:00:00,16,7,32.9,72.6,18.0,1.153,0.0,0.0,20.3
2025-07-20 17:00:00,17,7,26.7,89.5,30.4,1.177,0.0,0.0,39.4
2025-07-20 18:00:00,18,7,22.1,71.8,39.0,1.196,0.0,0.0,52.4
2025-07-20 19:00:00,19,7,30.5,7.7,29.7,1.162,0.0,0.0,41.8
2025-07-20 20:00:00,20,7,16.0,94.0,26.0,1.221,0.0,0.0,35.0
2025-07-20 21:00:00,21,7,17.5,76.7,9.8,1.214,0.0,0.0,7.3
2025-07-20 22:00:00,22,7,24.9,81.3,10.1,1.184,0.0,0.0,17.8
2025-07-20 23:00:00,23,7,17.2,45.2,18.7,1.216,0.0,0.0,32.4
2025-07-21 00:00:00,0,7,31.2,4.3,31.2,1.16,0.0,0.0,47.0
2025-07-21 01:00:00,1,7,31.2,24.5,36.6,1.16,0.0,0.0,52.4
2025-07-21 02:00:00,2,7,27.7,47.5,34.9,1.173,0.0,0.0,47.3
2025-07-21 03:00:00,3,7,31.0,15.0,41.5,1.161,0.0,0.0,61.1
2025-07-21 04:00:00,4,7,17.6,42.7,41.0,1.214,0.0,0.0,62.9
2025-07-21 05:00:00,5,7,16.3,61.1,8.6,1.22,0.0,0.0,12.4
2025-07-21 06:00:00,6,7,28.8,24.2,35.1,1.169,0.0,0.0,52.9
2025-07-21 07:00:00,7,7,30.3,96.1,44.0,1.163,0.0,0.0,62.2
2025-07-21 08:00:00,8,7,30.2,14.4,41.1,1.164,2.6,59.0,55.2
2025-07-21 09:00:00,9,7,31.6,32.1,38.4,1.158,3.4,76.0,51.6
2025-07-21 10:00:00,10,7,28.9,54.7,29.4,1.169,3.9,70.0,40.3
2025-07-21 11:00:00,11,7,21.7,81.8,14.4,1.197,4.2,58.0,20.5
2025-07-21 12:00:00,12,7,24.2,96.8,34.8,1.187,5.2,77.9,45.8
2025-07-21 13:00:00,13,7,36.0,15.7,17.7,1.142,7.5,185.1,24.9
2025-07-21 14:00:00,14,7,23.7,18.8,9.8,1.189,5.7,127.9,12.1
2025-07-21 15:00:00,15,7,15.9,49.7,30.3,1.221,2.5,40.7,45.9
2025-07-21 16:00:00,16,7,21.2,66.4,38.1,1.199,0.0,0.0,47.6
2025-07-21 17:00:00,17,7,20.1,21.9,37.9,1.204,0.6,8.7,52.8
2025-07-21 18:00:00,18,7,24.9,41.3,9.4,1.184,0.0,0.0,8.9
2025-07-21 19:00:00,19,7,15.8,34.9,10.0,1.222,0.0,0.0,7.3
2025-07-21 20:00:00,20,7,24.7,46.6,41.6,1.185,0.0,0.0,57.5
2025-07-21 21:00:00,21,7,22.6,53.3,11.1,1.194,0.0,0.0,11.4
2025-07-21 22:00:00,22,7,29.0,30.1,27.8,1.168,0.0,0.0,42.3
2025-07-21 23:00:00,23,7,28.2,24.8,9.7,1.171,0.0,0.0,12.3
2025-07-22 00:00:00,0,7,17.3,77.6,37.7,1.215,0.0,0.0,50.8
2025-07-22 01:00:00,1,7,44.2,15.9,40.9,1.112,0.0,0.0,59.8
2025-07-22 02:00:00,2,7,25.7,12.4,33.7,1.181,0.0,0.0,47.8
2025-07-22 03:00:00,3,7,44.7,10.1,23.3,1.111,0.0,0.0,32.0
2025-07-22 04:00:00,4,7,15.9,10.1,17.8,1.221,0.0,0.0,23.7
2025-07-22 05:00:00,5,7,32.7,86.3,43.1,1.154,0.0,0.0,69.9
2025-07-22 06:00:00,6,7,13.5,85.3,18.2,1.231,0.0,0.0,23.6
2025-07-22 07:00:00,7,7,32.1,31.5,23.7,1.156,0.1,0.0,28.7
2025-07-22 08:00:00,8,7,27.7,12.6,34.6,1.173,2.7,55.7,51.6
2025-07-22 09:00:00,9,7,25.2,0.2,24.5,1.183,5.0,114.9,32.9
2025-07-22 10:00:00,10,7,12.4,49.0,29.5,1.236,4.2,70.8,43.8
2025-07-22 11:00:00,11,7,15.0,95.1,11.7,1.225,3.6,40.7,11.5
2025-07-22 12:00:00,12,7,15.6,50.2,36.6,1.222,7.5,166.1,44.0
2025-07-22 13:00:00,13,7,42.4,42.9,29.4,1.119,6.2,140.0,39.7
2025-07-22 14:00:00,14,7,23.4,19.7,7.9,1.19,5.7,139.4,6.1
2025-07-22 15:00:00,15,7,36.9,29.6,38.8,1.138,3.5,73.7,57.2
2025-07-22 16:00:00,16,7,34.1,86.4,12.1,1.149,0.0,0.0,14.0
2025-07-22 17:00:00,17,7,25.8,54.7,26.5,1.181,0.0,0.0,32.5
2025-07-22 18:00:00,18,7,17.7,75.3,43.5,1.214,0.0,0.0,58.4
2025-07-22 19:00:00,19,7,25.7,85.2,6.6,1.181,0.0,0.0,10.2
2025-07-22 20:00:00,20,7,13.2,15.7,34.6,1.233,0.0,0.0,45.9
2025-07-22 21:00:00,21,7,19.9,12.9,10.9,1.205,0.0,0.0,14.1
2025-07-22 22:00:00,22,7,31.6,24.2,39.3,1.158,0.0,0.0,48.8
2025-07-22 23:00:00,23,7,32.3,62.1,28.8,1.156,0.0,0.0,38.4
2025-07-23 00:00:00,0,7,2.7,93.4,39.5,1.28,0.0,0.0,58.7
2025-07-23 01:00:00,1,7,13.3,64.4,43.1,1.232,0.0,0.0,62.9
2025-07-23 02:00:00,2,7,21.5,0.6,31.9,1.198,0.0,0.0,46.5
2025-07-23 03:00:00,3,7,37.4,39.6,31.1,1.137,0.0,0.0,43.0
2025-07-23 04:00:00,4,7,22.8,27.3,34.2,1.193,0.0,0.0,52.6
2025-07-23 05:00:00,5,7,18.4,90.2,33.5,1.211,0.0,0.0,44.2
2025-07-23 06:00:00,6,7,26.6,46.7,20.4,1.178,0.0,0.0,29.7
2025-07-23 07:00:00,7,7,17.1,44.6,34.2,1.216,0.0,0.0,46.3
2025-07-23 08:00:00,8,7,37.3,2.3,7.3,1.137,3.2,82.8,3.8
2025-07-23 09:00:00,9,7,23.3,90.3,7.9,1.191,0.5,0.0,5.2
2025-07-23 10:00:00,10,7,39.7,57.3,42.2,1.128,3.8,69.1,56.5
2025-07-23 11:00:00,11,7,22.0,12.3,42.8,1.196,7.7,183.6,62.3
2025-07-23 12:00:00,12,7,32.0,2.6,15.5,1.157,9.9,246.2,18.2
2025-07-23 13:00:00,13,7,21.0,21.3,26.9,1.2,7.3,181.3,39.5
2025-07-23 14:00:00,14,7,35.2,28.3,21.0,1.145,5.3,115.4,25.4
2025-07-23 15:00:00,15,7,23.6,33.6,10.6,1.19,3.3,65.4,13.5
2025-07-23 16:00:00,16,7,38.2,51.9,27.8,1.134,0.7,0.0,33.1
2025-07-23 17:00:00,17,7,20.2,7.4,41.9,1.203,1.3,28.0,57.3
2025-07-23 18:00:00,18,7,24.7,20.0,33.2,1.185,0.0,0.0,47.7
2025-07-23 19:00:00,19,7,6.9,48.4,34.5,1.26,0.0,0.0,52.1
2025-07-23 20:00:00,20,7,32.8,42.9,26.2,1.154,0.0,0.0,40.4
2025-07-23 21:00:00,21,7,35.6,61.8,26.4,1.143,0.0,0.0,34.8
2025-07-23 22:00:00,22,7,28.7,32.8,23.6,1.169,0.0,0.0,23.7
2025-07-23 23:00:00,23,7,18.9,61.5,37.3,1.209,0.0,0.0,54.9
2025-07-24 00:00:00,0,7,26.3,55.4,14.3,1.179,0.0,0.0,19.8
2025-07-24 01:00:00,1,7,33.0,46.8,32.4,1.153,0.0,0.0,46.8
2025-07-24 02:00:00,2,7,21.8,34.8,31.9,1.197,0.0,0.0,48.0
2025-07-24 03:00:00,3,7,12.2,27.0,9.6,1.237,0.0,0.0,12.6
2025-07-24 04:00:00,4,7,23.0,73.9,28.2,1.192,0.0,0.0,38.3
2025-07-24 05:00:00,5,7,36.8,46.1,7.2,1.139,0.0,0.0,6.3
2025-07-24 06:00:00,6,7,34.0,81.7,17.4,1.149,0.0,0.0,24.3
2025-07-24 07:00:00,7,7,28.6,39.1,31.8,1.17,0.0,0.0,43.8
2025-07-24 08:00:00,8,7,27.4,22.7,11.8,1.174,2.2,52.3,11.0
2025-07-24 09:00:00,9,7,24.8,49.8,41.9,1.185,2.5,37.7,59.6
2025-07-24 10:00:00,10,7,16.3,83.9,41.2,1.22,2.5,27.4,58.8
2025-07-24 11:00:00,11,7,32.4,94.0,15.4,1.155,3.6,42.9,17.7
2025-07-24 12:00:00,12,7,26.2,85.3,13.7,1.179,5.7,98.7,15.8
2025-07-24 13:00:00,13,7,8.5,60.0,25.6,1.253,5.3,96.0,38.6
2025-07-24 14:00:00,14,7,22.3,11.6,31.0,1.195,6.1,159.0,48.6
2025-07-24 15:00:00,15,7,13.1,20.4,39.2,1.233,4.0,82.3,58.8
2025-07-24 16:00:00,16,7,29.5,63.5,5.3,1.166,0.2,0.0,3.2
2025-07-24 17:00:00,17,7,36.0,59.0,40.9,1.142,0.0,0.0,57.6
2025-07-24 18:00:00,18,7,30.0,47.5,27.8,1.164,0.0,0.0,41.8
2025-07-24 19:00:00,19,7,30.3,44.5,13.8,1.163,0.0,0.0,12.5
2025-07-24 20:00:00,20,7,25.9,20.4,27.2,1.18,0.0,0.0,33.1
2025-07-24 21:00:00,21,7,24.2,37.6,19.3,1.187,0.0,0.0,31.0
2025-07-24 22:00:00,22,7,27.4,16.9,32.0,1.174,0.0,0.0,44.9
2025-07-24 23:00:00,23,7,34.1,28.4,31.0,1.149,0.0,0.0,47.1
2025-07-25 00:00:00,0,7,18.5,91.6,41.0,1.21,0.0,0.0,57.3
2025-07-25 01:00:00,1,7,13.3,83.7,23.8,1.232,0.0,0.0,33.9
2025-07-25 02:00:00,2,7,37.8,99.1,29.1,1.135,0.0,0.0,39.3
2025-07-25 03:00:00,3,7,24.7,60.3,40.6,1.185,0.0,0.0,59.2
2025-07-25 04:00:00,4,7,37.3,23.2,25.7,1.137,0.0,0.0,34.6
2025-07-25 05:00:00,5,7,25.6,62.2,40.6,1.182,0.0,0.0,61.5
2025-07-25 06:00:00,6,7,35.6,2.6,35.3,1.143,0.0,1.4,45.8
2025-07-25 07:00:00,7,7,21.3,55.9,34.4,1.199,0.0,0.0,46.7
2025-07-25 08:00:00,8,7,8.9,64.2,24.7,1.252,0.1,0.0,33.3
2025-07-25 09:00:00,9,7,21.4,39.5,11.4,1.198,3.0,51.9,17.4
2025-07-25 10:00:00,10,7,9.1,9.3,29.9,1.251,6.2,148.0,42.1
2025-07-25 11:00:00,11,7,11.8,47.9,44.0,1.239,5.9,125.0,60.9
2025-07-25 12:00:00,12,7,41.2,83.3,13.1,1.123,5.8,106.8,14.3
2025-07-25 13:00:00,13,7,19.0,64.7,32.4,1.208,5.1,102.7,44.6
2025-07-25 14:00:00,14,7,24.4,33.9,6.9,1.186,5.0,101.9,6.6
2025-07-25 15:00:00,15,7,25.3,39.4,26.1,1.183,3.0,52.8,37.6
2025-07-25 16:00:00,16,7,19.3,23.2,38.7,1.207,2.2,37.7,54.3
2025-07-25 17:00:00,17,7,11.4,95.4,9.1,1.241,0.0,0.0,9.9
2025-07-25 18:00:00,18,7,48.0,65.8,21.3,1.099,0.0,0.0,23.5
2025-07-25 19:00:00,19,7,15.2,92.2,42.6,1.224,0.0,0.0,64.0
2025-07-25 20:00:00,20,7,30.5,50.6,30.1,1.162,0.0,0.0,44.9
2025-07-25 21:00:00,21,7,32.4,60.9,6.0,1.155,0.0,0.0,1.0
2025-07-25 22:00:00,22,7,22.2,35.4,43.0,1.195,0.0,0.0,62.1
2025-07-25 23:00:00,23,7,17.6,38.7,10.1,1.214,0.0,0.0,10.0
2025-07-26 00:00:00,0,7,13.4,66.2,12.1,1.232,0.0,0.0,15.5
2025-07-26 01:00:00,1,7,21.6,49.3,5.7,1.198,0.0,0.0,2.4
2025-07-26 02:00:00,2,7,30.9,51.0,35.2,1.161,0.0,0.0,52.1
2025-07-26 03:00:00,3,7,29.0,93.8,34.8,1.168,0.0,0.0,47.1
2025-07-26 04:00:00,4,7,35.0,57.1,13.7,1.146,0.0,0.0,9.0
2025-07-26 05:00:00,5,7,11.0,6.3,34.2,1.242,0.0,2.6,46.8
2025-07-26 06:00:00,6,7,26.1,18.1,6.6,1.18,0.0,0.0,7.2
2025-07-26 07:00:00,7,7,42.2,66.5,26.2,1.119,0.0,0.0,38.8
2025-07-26 08:00:00,8,7,20.1,17.7,22.6,1.204,2.4,50.4,28.0
2025-07-26 09:00:00,9,7,24.4,86.7,39.3,1.186,0.7,0.0,51.1
2025-07-26 10:00:00,10,7,39.3,10.4,28.3,1.13,6.1,145.8,38.8
2025-07-26 11:00:00,11,7,31.8,13.8,33.0,1.158,7.6,184.6,50.2
2025-07-26 12:00:00,12,7,40.1,9.1,32.4,1.127,9.5,244.1,47.3
2025-07-26 13:00:00,13,7,40.3,36.7,38.7,1.126,6.5,137.0,53.3
2025-07-26 14:00:00,14,7,37.7,62.6,29.3,1.136,3.5,61.7,43.0
2025-07-26 15:00:00,15,7,29.1,28.6,33.5,1.168,3.6,80.3,43.7
2025-07-26 16:00:00,16,7,30.6,96.6,41.7,1.162,0.0,0.0,62.0
2025-07-26 17:00:00,17,7,27.2,12.5,29.7,1.175,1.0,17.1,39.7
2025-07-26 18:00:00,18,7,22.5,75.2,35.9,1.194,0.0,0.0,49.9
2025-07-26 19:00:00,19,7,15.7,75.2,43.7,1.222,0.0,0.0,63.1
2025-07-26 20:00:00,20,7,39.5,2.2,33.4,1.129,0.0,0.0,42.6
2025-07-26 21:00:00,21,7,10.7,89.0,27.5,1.244,0.0,0.0,42.5
2025-07-26 22:00:00,22,7,23.0,93.5,11.4,1.192,0.0,0.0,10.7
2025-07-26 23:00:00,23,7,21.0,0.8,37.0,1.2,0.0,13.9,53.6
2025-07-27 00:00:00,0,7,19.1,73.8,20.5,1.208,0.0,0.0,27.8
2025-07-27 01:00:00,1,7,34.7,81.2,9.9,1.147,0.0,0.0,8.3
2025-07-27 02:00:00,2,7,23.7,45.0,42.1,1.189,0.0,0.0,62.3
2025-07-27 03:00:00,3,7,20.1,99.5,9.6,1.204,0.0,0.0,11.6
2025-07-27 04:00:00,4,7,24.2,31.9,29.7,1.187,0.0,0.0,45.8
2025-07-27 05:00:00,5,7,20.9,37.4,39.3,1.2,0.0,0.0,55.8
2025-07-27 06:00:00,6,7,21.6,7.6,21.7,1.198,0.0,0.0,35.3
2025-07-27 07:00:00,7,7,31.3,56.6,27.3,1.159,0.0,0.0,36.9
2025-07-27 08:00:00,8,7,26.1,64.3,14.9,1.18,0.1,0.0,22.3
2025-07-27 09:00:00,9,7,33.6,4.3,32.9,1.151,4.8,116.8,46.5
2025-07-27 10:00:00,10,7,20.5,26.5,40.4,1.202,5.3,114.3,57.9
2025-07-27 11:00:00,11,7,30.1,17.1,13.3,1.164,7.5,179.5,15.3
2025-07-27 12:00:00,12,7,32.8,13.2,9.1,1.154,9.3,223.9,12.2
2025-07-27 13:00:00,13,7,25.4,94.2,30.1,1.182,3.6,40.8,41.1
2025-07-27 14:00:00,14,7,32.5,46.0,41.0,1.155,4.4,83.8,53.6
2025-07-27 15:00:00,15,7,22.8,40.5,20.7,1.193,3.0,49.7,26.3
2025-07-27 16:00:00,16,7,20.1,84.3,37.0,1.204,0.0,0.0,57.5
2025-07-27 17:00:00,17,7,29.5,76.9,19.2,1.166,0.0,0.0,26.8
2025-07-27 18:00:00,18,7,30.7,17.5,31.0,1.162,0.0,0.0,41.7
2025-07-27 19:00:00,19,7,30.1,55.1,19.1,1.164,0.0,0.0,22.8
2025-07-27 20:00:00,20,7,31.7,45.9,29.1,1.158,0.0,0.0,42.6
2025-07-27 21:00:00,21,7,23.9,66.5,24.8,1.188,0.0,0.0,33.3
2025-07-27 22:00:00,22,7,26.3,57.0,27.7,1.179,0.0,0.0,37.5
2025-07-27 23:00:00,23,7,42.8,72.8,18.1,1.117,0.0,0.0,26.2
2025-07-28 00:00:00,0,7,32.8,56.1,42.6,1.154,0.0,0.0,61.1
2025-07-28 01:00:00,1,7,25.4,37.2,28.0,1.182,0.0,0.0,44.6
2025-07-28 02:00:00,2,7,21.1,39.2,31.9,1.2,0.0,0.0,43.9
2025-07-28 03:00:00,3,7,30.7,69.1,21.9,1.162,0.0,0.0,32.1
2025-07-28 04:00:00,4,7,24.6,42.7,7.7,1.186,0.0,0.0,8.6
2025-07-28 05:00:00,5,7,25.5,19.5,20.7,1.182,0.0,0.0,28.8
2025-07-28 06:00:00,6,7,44.2,0.0,34.9,1.112,0.0,0.0,49.6
2025-07-28 07:00:00,7,7,9.0,88.8,7.8,1.251,0.0,0.0,4.1
2025-07-28 08:00:00,8,7,22.3,56.0,40.9,1.195,0.5,0.0,63.1
2025-07-28 09:00:00,9,7,30.2,92.4,32.8,1.164,0.4,0.0,44.0
2025-07-28 10:00:00,10,7,18.2,72.4,11.8,1.212,3.0,42.5,19.7
2025-07-28 11:00:00,11,7,34.8,33.6,43.6,1.146,6.7,151.2,61.7
2025-07-28 12:00:00,12,7,15.9,3.3,12.0,1.221,9.8,237.7,19.3
2025-07-28 13:00:00,13,7,19.6,49.5,27.9,1.206,5.9,123.8,39.0
2025-07-28 14:00:00,14,7,20.0,35.6,44.0,1.204,4.9,105.6,61.7
2025-07-28 15:00:00,15,7,26.1,20.4,17.3,1.18,4.0,98.8,28.3
2025-07-28 16:00:00,16,7,31.2,47.4,27.1,1.16,1.0,3.3,42.3
2025-07-28 17:00:00,17,7,22.0,79.4,40.9,1.196,0.0,0.0,58.9
2025-07-28 18:00:00,18,7,30.5,67.2,38.9,1.162,0.0,0.0,59.0
2025-07-28 19:00:00,19,7,31.7,10.8,11.6,1.158,0.0,0.0,16.5
2025-07-28 20:00:00,20,7,11.7,95.3,27.4,1.239,0.0,0.0,34.8
2025-07-28 21:00:00,21,7,14.2,1.9,20.5,1.228,0.0,0.0,27.3
2025-07-28 22:00:00,22,7,12.8,69.1,14.3,1.234,0.0,0.0,19.7
2025-07-28 23:00:00,23,7,9.7,11.6,13.6,1.248,0.0,0.0,19.0
2025-07-29 00:00:00,0,7,17.5,61.9,20.9,1.214,0.0,0.0,27.5
2025-07-29 01:00:00,1,7,27.4,25.7,18.9,1.174,0.0,0.0,26.7
2025-07-29 02:00:00,2,7,18.4,62.3,38.5,1.211,0.0,0.0,54.8
2025-07-29 03:00:00,3,7,19.9,89.2,7.5,1.205,0.0,0.0,6.9
2025-07-29 04:00:00,4,7,20.9,25.6,5.3,1.2,0.0,0.0,4.0
2025-07-29 05:00:00,5,7,29.7,92.2,41.9,1.166,0.0,0.0,61.9
2025-07-29 06:00:00,6,7,23.9,43.7,7.9,1.188,0.0,0.0,6.3
2025-07-29 07:00:00,7,7,31.5,98.0,31.5,1.159,0.0,0.0,46.0
2025-07-29 08:00:00,8,7,29.4,59.4,27.3,1.167,0.4,0.0,37.7
2025-07-29 09:00:00,9,7,28.1,6.1,42.0,1.172,4.7,110.2,57.2
2025-07-29 10:00:00,10,7,43.0,8.4,37.6,1.117,6.2,159.2,52.0
2025-07-29 11:00:00,11,7,14.6,8.5,12.6,1.227,7.9,186.2,15.2
2025-07-29 12:00:00,12,7,22.7,11.2,20.8,1.193,9.4,229.9,37.2
2025-07-29 13:00:00,13,7,27.3,2.7,14.6,1.175,8.2,211.5,20.3
2025-07-29 14:00:00,14,7,25.7,17.4,33.0,1.181,5.8,136.8,43.6
2025-07-29 15:00:00,15,7,22.1,28.0,36.8,1.196,3.6,75.4,52.0
2025-07-29 16:00:00,16,7,22.4,6.7,32.1,1.194,3.0,69.7,46.5
2025-07-29 17:00:00,17,7,26.1,23.1,10.7,1.18,0.5,0.0,10.0
2025-07-29 18:00:00,18,7,16.8,9.6,8.4,1.217,0.0,0.0,7.8
2025-07-29 19:00:00,19,7,26.1,13.4,35.9,1.18,0.0,0.0,48.2
2025-07-29 20:00:00,20,7,23.2,24.5,9.0,1.191,0.0,0.0,10.7
2025-07-29 21:00:00,21,7,27.9,71.6,44.2,1.173,0.0,0.0,64.0
2025-07-29 22:00:00,22,7,26.3,44.3,29.3,1.179,0.0,0.0,44.1
2025-07-29 23:00:00,23,7,25.4,47.6,19.4,1.182,0.0,0.0,21.2
2025-07-30 00:00:00,0,7,16.6,39.0,6.4,1.218,0.0,0.0,4.0
2025-07-30 01:00:00,1,7,12.8,92.0,7.6,1.234,0.0,0.0,7.4
2025-07-30 02:00:00,2,7,11.8,27.5,25.6,1.239,0.0,0.0,36.7
2025-07-30 03:00:00,3,7,30.6,88.2,24.2,1.162,0.0,0.0,32.9
2025-07-30 04:00:00,4,7,27.0,63.6,23.5,1.176,0.0,0.0,26.5
2025-07-30 05:00:00,5,7,27.8,58.9,43.7,1.173,0.0,0.0,63.2
2025-07-30 06:00:00,6,7,22.6,29.8,11.9,1.194,0.0,0.0,16.9
2025-07-30 07:00:00,7,7,24.3,60.1,18.5,1.187,0.0,0.0,20.4
2025-07-30 08:00:00,8,7,16.5,68.4,44.1,1.219,0.0,0.0,64.8
2025-07-30 09:00:00,9,7,27.0,63.4,42.5,1.176,1.8,13.3,54.8
2025-07-30 10:00:00,10,7,14.3,20.6,30.5,1.228,5.6,128.4,44.8
2025-07-30 11:00:00,11,7,45.4,32.4,6.2,1.108,6.7,161.0,6.9
2025-07-30 12:00:00,12,7,34.2,45.3,39.2,1.148,7.7,167.4,58.0
2025-07-30 13:00:00,13,7,25.8,84.6,24.7,1.181,4.1,59.9,39.9
2025-07-30 14:00:00,14,7,23.7,87.1,22.3,1.189,2.3,19.2,35.8
2025-07-30 15:00:00,15,7,16.0,6.6,5.0,1.221,4.7,111.5,3.8
2025-07-30 16:00:00,16,7,15.9,62.1,12.6,1.221,0.2,0.0,17.0
2025-07-30 17:00:00,17,7,16.5,92.6,25.2,1.219,0.0,0.0,39.1
2025-07-30 18:00:00,18,7,36.5,76.9,42.5,1.14,0.0,0.0,56.8
2025-07-30 19:00:00,19,7,18.8,45.9,34.3,1.209,0.0,0.0,42.6
2025-07-30 20:00:00,20,7,31.3,66.9,27.4,1.159,0.0,0.0,32.5
2025-07-30 21:00:00,21,7,19.1,5.7,29.9,1.208,0.0,1.0,43.8
2025-07-30 22:00:00,22,7,41.4,92.5,42.0,1.122,0.0,0.0,56.2
2025-07-30 23:00:00,23,7,35.4,66.1,34.1,1.144,0.0,0.0,47.0
2025-07-31 00:00:00,0,7,25.1,80.8,38.3,1.184,0.0,0.0,54.5
2025-07-31 01:00:00,1,7,28.9,36.1,24.6,1.169,0.0,0.0,32.8
2025-07-31 02:00:00,2,7,28.5,68.7,36.4,1.17,0.0,0.0,49.3
2025-07-31 03:00:00,3,7,17.7,27.5,34.1,1.214,0.0,0.0,50.8
2025-07-31 04:00:00,4,7,27.2,43.9,31.5,1.175,0.0,0.0,38.5
2025-07-31 05:00:00,5,7,27.1,6.0,5.6,1.176,0.0,1.5,6.9
2025-07-31 06:00:00,6,7,28.5,30.9,29.9,1.17,0.0,0.0,40.2
2025-07-31 07:00:00,7,7,10.4,5.2,10.7,1.245,1.4,22.5,16.1
2025-07-31 08:00:00,8,7,30.1,38.4,38.7,1.164,1.4,15.2,48.6
2025-07-31 09:00:00,9,7,31.3,19.2,28.4,1.159,4.0,96.4,37.3
2025-07-31 10:00:00,10,7,16.5,36.8,14.2,1.219,4.8,100.2,24.3
2025-07-31 11:00:00,11,7,14.9,53.7,41.9,1.225,5.6,117.2,58.6
2025-07-31 12:00:00,12,7,3.2,98.9,12.3,1.277,5.1,82.6,19.2
2025-07-31 13:00:00,13,7,13.5,52.8,17.2,1.231,5.7,111.8,22.8
2025-07-31 14:00:00,14,7,22.8,55.1,32.0,1.193,3.9,71.9,46.5
2025-07-31 15:00:00,15,7,20.1,88.3,7.2,1.204,0.6,0.0,8.2
2025-07-31 16:00:00,16,7,24.5,35.8,17.0,1.186,1.5,23.7,23.6
2025-07-31 17:00:00,17,7,23.6,3.0,14.9,1.19,1.5,36.3,16.1
2025-07-31 18:00:00,18,7,40.9,30.1,36.5,1.124,0.0,0.0,48.3
2025-07-31 19:00:00,19,7,32.0,76.0,14.3,1.157,0.0,0.0,16.4
2025-07-31 20:00:00,20,7,22.7,7.7,33.7,1.193,0.0,0.0,42.8
2025-07-31 21:00:00,21,7,21.8,10.9,21.4,1.197,0.0,0.0,24.8
2025-07-31 22:00:00,22,7,13.8,54.4,11.4,1.23,0.0,0.0,11.2
2025-07-31 23:00:00,23,7,18.8,15.9,17.1,1.209,0.0,0.0,21.0
2025-08-01 00:00:00,0,8,22.5,51.6,44.5,1.194,0.0,0.0,60.8
2025-08-01 01:00:00,1,8,17.8,2.5,24.1,1.213,0.0,2.4,33.9
2025-08-01 02:00:00,2,8,22.3,18.5,37.3,1.195,0.0,0.0,57.0
2025-08-01 03:00:00,3,8,30.6,98.6,27.0,1.162,0.0,0.0,39.7
2025-08-01 04:00:00,4,8,29.1,88.3,24.1,1.168,0.0,0.0,28.5
2025-08-01 05:00:00,5,8,23.3,8.8,14.9,1.191,0.0,0.0,24.4
2025-08-01 06:00:00,6,8,42.1,25.4,33.5,1.12,0.0,0.0,45.2
2025-08-01 07:00:00,7,8,42.8,68.1,21.1,1.117,0.0,0.0,34.0
2025-08-01 08:00:00,8,8,27.8,28.1,20.7,1.173,1.9,46.0,30.6
2025-08-01 09:00:00,9,8,25.3,9.7,18.1,1.183,4.5,105.5,23.6
2025-08-01 10:00:00,10,8,16.8,37.1,15.9,1.217,4.8,93.8,17.7
2025-08-01 11:00:00,11,8,35.7,86.5,29.6,1.143,4.0,53.5,38.5
2025-08-01 12:00:00,12,8,30.9,16.1,9.9,1.161,9.2,229.1,10.4
2025-08-01 13:00:00,13,8,23.3,31.6,25.8,1.191,6.8,157.4,34.5
2025-08-01 14:00:00,14,8,23.6,95.6,39.6,1.19,1.9,1.4,54.6
2025-08-01 15:00:00,15,8,22.8,98.5,14.6,1.193,0.1,0.0,21.2
2025-08-01 16:00:00,16,8,11.1,81.7,23.2,1.242,0.0,0.0,33.5
2025-08-01 17:00:00,17,8,20.6,24.4,10.9,1.202,0.4,0.0,11.8
2025-08-01 18:00:00,18,8,35.2,48.6,41.3,1.145,0.0,0.0,56.2
2025-08-01 19:00:00,19,8,26.6,90.0,22.8,1.178,0.0,0.0,24.3
2025-08-01 20:00:00,20,8,17.8,28.7,38.7,1.213,0.0,0.0,49.1
2025-08-01 21:00:00,21,8,19.7,12.1,26.5,1.205,0.0,0.0,35.3
2025-08-01 22:00:00,22,8,42.0,86.8,26.0,1.12,0.0,0.0,35.6
2025-08-01 23:00:00,23,8,14.5,11.1,17.3,1.227,0.0,0.0,20.5
2025-08-02 00:00:00,0,8,23.9,47.4,12.7,1.188,0.0,0.0,17.4
2025-08-02 01:00:00,1,8,22.0,2.4,35.6,1.196,0.0,2.8,48.8
2025-08-02 02:00:00,2,8,28.3,56.8,16.1,1.171,0.0,0.0,22.0
2025-08-02 03:00:00,3,8,18.0,14.2,19.3,1.212,0.0,0.0,26.1
2025-08-02 04:00:00,4,8,27.8,68.8,14.3,1.173,0.0,0.0,14.4
2025-08-02 05:00:00,5,8,34.2,80.6,7.9,1.148,0.0,0.0,9.7
2025-08-02 06:00:00,6,8,19.3,45.5,26.7,1.207,0.0,0.0,40.2
2025-08-02 07:00:00,7,8,30.0,14.3,16.1,1.164,1.0,23.9,24.5
2025-08-02 08:00:00,8,8,27.6,67.7,39.9,1.174,0.0,0.0,56.8
2025-08-02 09:00:00,9,8,34.1,77.0,17.9,1.149,1.2,0.0,23.8
2025-08-02 10:00:00,10,8,33.0,96.5,5.6,1.153,1.8,0.0,4.8
2025-08-02 11:00:00,11,8,13.8,30.7,11.2,1.23,6.8,152.2,7.9
2025-08-02 12:00:00,12,8,20.9,10.1,21.8,1.2,9.5,239.0,30.6
2025-08-02 13:00:00,13,8,42.9,70.4,32.2,1.117,4.8,80.9,45.5
2025-08-02 14:00:00,14,8,21.1,98.2,10.0,1.2,1.8,0.0,12.4
2025-08-02 15:00:00,15,8,23.8,32.0,29.9,1.189,3.4,62.9,46.3
2025-08-02 16:00:00,16,8,8.4,24.3,42.0,1.254,2.1,37.7,57.6
2025-08-02 17:00:00,17,8,21.5,4.3,38.3,1.198,1.5,36.2,53.1
2025-08-02 18:00:00,18,8,15.7,81.9,16.2,1.222,0.0,0.0,25.0
2025-08-02 19:00:00,19,8,13.3,49.8,7.8,1.232,0.0,0.0,10.6
2025-08-02 20:00:00,20,8,30.0,49.7,30.8,1.164,0.0,0.0,41.5
2025-08-02 21:00:00,21,8,26.8,16.9,42.0,1.177,0.0,1.3,60.3
2025-08-02 22:00:00,22,8,29.7,36.8,44.3,1.166,0.0,0.0,58.5
2025-08-02 23:00:00,23,8,22.5,50.0,28.5,1.194,0.0,0.0,35.0
2025-08-03 00:00:00,0,8,23.6,65.0,26.4,1.19,0.0,0.0,35.4
2025-08-03 01:00:00,1,8,15.1,25.5,43.4,1.225,0.0,0.0,64.0
2025-08-03 02:00:00,2,8,15.6,51.4,28.7,1.222,0.0,0.0,39.8
2025-08-03 03:00:00,3,8,29.3,70.9,41.1,1.167,0.0,0.0,60.3
2025-08-03 04:00:00,4,8,31.0,74.2,38.2,1.161,0.0,0.0,56.0
2025-08-03 05:00:00,5,8,23.5,57.6,27.5,1.19,0.0,0.0,39.0
2025-08-03 06:00:00,6,8,18.4,15.1,42.0,1.211,0.0,0.0,63.7
2025-08-03 07:00:00,7,8,24.7,49.5,32.7,1.185,0.0,0.0,45.2
2025-08-03 08:00:00,8,8,20.5,20.3,36.5,1.202,2.3,56.4,56.9
2025-08-03 09:00:00,9,8,34.4,77.3,13.3,1.148,1.1,0.0,18.4
2025-08-03 10:00:00,10,8,14.3,61.6,35.5,1.228,3.6,68.0,51.9
2025-08-03 11:00:00,11,8,22.1,53.2,18.5,1.196,5.7,111.6,24.1
2025-08-03 12:00:00,12,8,20.2,10.7,27.6,1.203,9.5,234.3,41.0
2025-08-03 13:00:00,13,8,36.1,83.2,31.7,1.141,4.2,68.6,47.1
2025-08-03 14:00:00,14,8,30.8,84.3,36.6,1.161,2.5,26.8,52.5
2025-08-03 15:00:00,15,8,33.6,38.9,7.1,1.151,3.1,55.1,6.9
2025-08-03 16:00:00,16,8,24.1,72.7,40.0,1.188,0.0,0.0,54.3
2025-08-03 17:00:00,17,8,36.0,49.0,42.6,1.142,0.0,0.0,59.5
2025-08-03 18:00:00,18,8,29.7,45.5,25.6,1.166,0.0,0.0,32.1
2025-08-03 19:00:00,19,8,26.2,4.6,23.1,1.179,0.0,3.0,29.3
2025-08-03 20:00:00,20,8,14.8,68.0,26.4,1.226,0.0,0.0,32.8
2025-08-03 21:00:00,21,8,26.0,42.1,5.6,1.18,0.0,0.0,10.6
2025-08-03 22:00:00,22,8,17.4,2.0,23.8,1.215,0.0,0.0,30.9
2025-08-03 23:00:00,23,8,29.9,28.4,39.7,1.165,0.0,0.0,52.6
2025-08-04 00:00:00,0,8,12.0,60.0,6.9,1.238,0.0,0.0,5.1
2025-08-04 01:00:00,1,8,26.9,88.2,16.5,1.176,0.0,0.0,17.0
2025-08-04 02:00:00,2,8,23.4,20.4,41.0,1.19,0.0,0.0,58.3
2025-08-04 03:00:00,3,8,23.5,10.2,17.8,1.19,0.0,0.0,25.2
2025-08-04 04:00:00,4,8,40.5,69.2,8.8,1.125,0.0,0.0,11.6
2025-08-04 05:00:00,5,8,23.9,0.5,41.2,1.188,0.0,7.9,57.7
2025-08-04 06:00:00,6,8,20.6,17.9,7.8,1.202,0.0,0.0,9.3
2025-08-04 07:00:00,7,8,20.3,12.6,30.4,1.203,1.0,18.0,42.0
2025-08-04 08:00:00,8,8,32.7,80.3,40.8,1.154,0.0,0.0,57.2
2025-08-04 09:00:00,9,8,25.3,95.2,23.2,1.183,0.2,0.0,32.0
2025-08-04 10:00:00,10,8,10.3,96.5,43.6,1.245,1.8,0.8,60.2
2025-08-04 11:00:00,11,8,34.1,77.6,6.6,1.149,4.5,70.4,9.5
2025-08-04 12:00:00,12,8,16.6,8.3,18.9,1.218,9.6,226.1,19.3
2025-08-04 13:00:00,13,8,21.5,46.0,31.3,1.198,6.0,122.5,42.7
2025-08-04 14:00:00,14,8,33.0,43.7,25.3,1.153,4.5,89.1,38.6
2025-08-04 15:00:00,15,8,29.6,17.6,10.8,1.166,4.1,89.4,15.1
2025-08-04 16:00:00,16,8,20.6,21.5,7.9,1.202,2.3,51.7,9.4
2025-08-04 17:00:00,17,8,13.7,2.9,36.5,1.231,1.5,34.5,49.4
2025-08-04 18:00:00,18,8,28.8,3.4,26.7,1.169,0.0,8.7,36.3
2025-08-04 19:00:00,19,8,21.2,76.3,38.7,1.199,0.0,0.0,55.8
2025-08-04 20:00:00,20,8,14.5,50.5,37.6,1.227,0.0,0.0,48.5
2025-08-04 21:00:00,21,8,31.7,18.5,19.2,1.158,0.0,0.0,29.3
2025-08-04 22:00:00,22,8,25.4,69.7,5.2,1.182,0.0,0.0,0.0
2025-08-04 23:00:00,23,8,32.5,3.3,37.1,1.155,0.0,0.0,45.5
2025-08-05 00:00:00,0,8,39.9,9.5,37.8,1.128,0.0,0.0,55.1
2025-08-05 01:00:00,1,8,13.7,6.3,32.3,1.231,0.0,0.0,47.1
2025-08-05 02:00:00,2,8,6.8,17.2,22.4,1.261,0.0,0.0,34.3
2025-08-05 03:00:00,3,8,21.5,42.4,18.9,1.198,0.0,0.0,24.2
2025-08-05 04:00:00,4,8,36.6,85.3,36.0,1.14,0.0,0.0,51.1
2025-08-05 05:00:00,5,8,21.4,14.4,13.5,1.198,0.0,0.0,17.8
2025-08-05 06:00:00,6,8,24.3,81.8,10.6,1.187,0.0,0.0,6.9
2025-08-05 07:00:00,7,8,13.9,46.2,29.5,1.23,0.0,0.0,36.8
2025-08-05 08:00:00,8,8,27.9,5.8,31.4,1.173,3.0,64.3,40.5
2025-08-05 09:00:00,9,8,27.2,52.9,29.4,1.175,2.4,33.9,43.2
2025-08-05 10:00:00,10,8,32.8,81.0,11.1,1.154,2.6,31.6,13.0
2025-08-05 11:00:00,11,8,11.2,29.9,20.2,1.241,6.8,158.2,27.8
2025-08-05 12:00:00,12,8,16.6,89.8,26.2,1.218,5.5,94.5,40.5
2025-08-05 13:00:00,13,8,12.2,95.3,15.2,1.237,3.6,44.2,16.8
2025-08-05 14:00:00,14,8,40.6,6.3,21.0,1.125,6.4,159.9,22.9
2025-08-05 15:00:00,15,8,25.4,5.1,33.6,1.182,4.7,124.5,52.8
2025-08-05 16:00:00,16,8,31.7,84.6,35.4,1.158,0.0,0.0,51.4
2025-08-05 17:00:00,17,8,28.6,10.9,36.9,1.17,1.1,33.7,54.7
2025-08-05 18:00:00,18,8,29.9,39.6,26.9,1.165,0.0,0.0,34.1
2025-08-05 19:00:00,19,8,21.4,26.5,42.3,1.198,0.0,0.0,62.8
2025-08-05 20:00:00,20,8,36.5,83.5,25.8,1.14,0.0,0.0,37.1
2025-08-05 21:00:00,21,8,20.9,67.6,5.3,1.2,0.0,0.0,6.2
2025-08-05 22:00:00,22,8,24.6,12.7,15.7,1.186,0.0,0.0,21.9
2025-08-05 23:00:00,23,8,22.2,84.6,18.3,1.195,0.0,0.0,26.1
2025-08-06 00:00:00,0,8,24.2,54.6,33.9,1.187,0.0,0.0,49.5
2025-08-06 01:00:00,1,8,21.1,7.6,14.1,1.2,0.0,0.0,19.3
2025-08-06 02:00:00,2,8,26.4,37.4,11.5,1.178,0.0,0.0,16.6
2025-08-06 03:00:00,3,8,26.4,28.3,19.4,1.178,0.0,0.0,23.8
2025-08-06 04:00:00,4,8,30.1,36.4,41.6,1.164,0.0,0.0,62.7
2025-08-06 05:00:00,5,8,41.7,10.5,28.1,1.121,0.0,0.0,38.2
2025-08-06 06:00:00,6,8,28.2,27.0,16.4,1.171,0.0,0.0,18.8
2025-08-06 07:00:00,7,8,16.0,83.1,23.8,1.221,0.0,0.0,34.4
2025-08-06 08:00:00,8,8,17.6,73.6,13.8,1.214,0.0,0.0,20.7
2025-08-06 09:00:00,9,8,27.0,8.8,16.9,1.176,4.6,105.0,24.2
2025-08-06 10:00:00,10,8,38.6,11.0,31.6,1.132,6.1,153.9,48.4
2025-08-06 11:00:00,11,8,22.4,37.3,13.3,1.194,6.5,145.0,18.3
2025-08-06 12:00:00,12,8,20.2,96.2,42.4,1.203,5.2,83.0,59.6
2025-08-06 13:00:00,13,8,24.0,50.5,40.1,1.188,5.8,125.8,60.5
2025-08-06 14:00:00,14,8,29.8,33.2,12.6,1.165,5.0,97.1,15.2
2025-08-06 15:00:00,15,8,31.1,97.0,29.0,1.16,0.2,0.0,40.5
2025-08-06 16:00:00,16,8,38.9,83.9,12.6,1.131,0.0,0.0,14.0
2025-08-06 17:00:00,17,8,24.7,95.2,19.2,1.185,0.0,0.0,27.8
2025-08-06 18:00:00,18,8,20.8,53.5,6.4,1.201,0.0,0.0,9.4
2025-08-06 19:00:00,19,8,18.3,80.1,10.0,1.211,0.0,0.0,17.3
2025-08-06 20:00:00,20,8,19.4,84.9,9.3,1.207,0.0,0.0,12.0
2025-08-06 21:00:00,21,8,25.3,35.8,34.2,1.183,0.0,0.0,47.6
2025-08-06 22:00:00,22,8,27.5,83.6,36.0,1.174,0.0,0.0,53.0
2025-08-06 23:00:00,23,8,19.5,99.1,32.3,1.206,0.0,0.0,42.6
2025-08-07 00:00:00,0,8,32.2,89.7,37.9,1.156,0.0,0.0,54.3
2025-08-07 01:00:00,1,8,16.2,24.5,29.3,1.22,0.0,0.0,38.1
2025-08-07 02:00:00,2,8,21.2,63.7,40.2,1.199,0.0,0.0,61.3
2025-08-07 03:00:00,3,8,29.1,80.5,40.6,1.168,0.0,0.0,54.9
2025-08-07 04:00:00,4,8,27.6,27.2,35.5,1.174,0.0,0.0,45.7
2025-08-07 05:00:00,5,8,38.7,31.9,31.3,1.132,0.0,0.0,44.4
2025-08-07 06:00:00,6,8,32.9,15.0,6.3,1.153,0.0,0.0,7.3
2025-08-07 07:00:00,7,8,28.4,98.0,26.2,1.171,0.0,0.0,35.6
2025-08-07 08:00:00,8,8,11.8,38.6,5.9,1.239,1.4,26.0,5.2
2025-08-07 09:00:00,9,8,8.8,0.8,26.1,1.252,5.0,119.2,34.8
2025-08-07 10:00:00,10,8,19.6,81.8,20.0,1.206,2.6,27.1,26.5
2025-08-07 11:00:00,11,8,23.7,95.1,20.6,1.189,3.6,38.8,25.4
2025-08-07 12:00:00,12,8,21.1,58.4,39.3,1.2,7.1,149.1,58.4
2025-08-07 13:00:00,13,8,25.1,71.5,41.6,1.184,4.8,88.8,62.1
2025-08-07 14:00:00,14,8,20.7,34.3,30.3,1.201,5.0,107.7,47.1
2025-08-07 15:00:00,15,8,28.7,13.1,29.9,1.169,4.3,105.7,40.9
2025-08-07 16:00:00,16,8,27.8,99.9,23.2,1.173,0.0,0.0,30.3
2025-08-07 17:00:00,17,8,16.2,49.6,27.0,1.22,0.0,0.0,32.9
2025-08-07 18:00:00,18,8,34.0,99.2,32.9,1.149,0.0,0.0,47.0
2025-08-07 19:00:00,19,8,15.9,58.8,21.7,1.221,0.0,0.0,30.2
2025-08-07 20:00:00,20,8,21.2,43.6,41.3,1.199,0.0,0.0,56.0
2025-08-07 21:00:00,21,8,22.7,94.8,8.7,1.193,0.0,0.0,9.5
2025-08-07 22:00:00,22,8,25.8,23.0,9.2,1.181,0.0,0.0,11.7
2025-08-07 23:00:00,23,8,22.9,41.9,13.4,1.192,0.0,0.0,21.2
2025-08-08 00:00:00,0,8,30.8,61.3,16.1,1.161,0.0,0.0,15.6
2025-08-08 01:00:00,1,8,28.3,44.8,9.3,1.171,0.0,0.0,14.9
2025-08-08 02:00:00,2,8,40.9,65.4,35.5,1.124,0.0,0.0,46.2
2025-08-08 03:00:00,3,8,14.5,75.6,11.1,1.227,0.0,0.0,14.9
2025-08-08 04:00:00,4,8,35.5,54.4,43.0,1.144,0.0,0.0,60.1
2025-08-08 05:00:00,5,8,27.1,79.7,30.9,1.176,0.0,0.0,41.8
2025-08-08 06:00:00,6,8,21.3,33.7,34.8,1.199,0.0,0.0,46.5
2025-08-08 07:00:00,7,8,35.6,51.4,44.9,1.143,0.0,0.0,64.4
2025-08-08 08:00:00,8,8,37.0,48.0,17.2,1.138,0.9,6.3,19.3
2025-08-08 09:00:00,9,8,28.4,95.9,15.9,1.171,0.2,0.0,17.8
2025-08-08 10:00:00,10,8,17.6,60.9,23.5,1.214,3.6,63.0,34.1
2025-08-08 11:00:00,11,8,19.2,68.4,32.5,1.207,4.9,86.9,40.7
2025-08-08 12:00:00,12,8,11.2,94.0,12.5,1.241,5.3,76.9,14.1
2025-08-08 13:00:00,13,8,19.2,71.9,20.3,1.207,4.7,84.1,26.4
2025-08-08 14:00:00,14,8,27.1,52.8,33.4,1.176,4.0,68.9,46.5
2025-08-08 15:00:00,15,8,30.5,74.2,24.1,1.162,1.3,0.1,34.1
2025-08-08 16:00:00,16,8,20.6,25.2,36.8,1.202,2.1,44.2,54.7
2025-08-08 17:00:00,17,8,40.7,68.1,35.8,1.125,0.0,0.0,45.2
2025-08-08 18:00:00,18,8,27.3,56.9,33.9,1.175,0.0,0.0,51.8
2025-08-08 19:00:00,19,8,28.0,10.5,35.9,1.172,0.0,0.0,55.4
2025-08-08 20:00:00,20,8,25.2,88.6,28.7,1.183,0.0,0.0,39.7
2025-08-08 21:00:00,21,8,27.3,33.0,26.4,1.175,0.0,0.0,36.2
2025-08-08 22:00:00,22,8,29.2,27.5,6.2,1.167,0.0,0.0,10.4
2025-08-08 23:00:00,23,8,22.9,89.9,7.0,1.192,0.0,0.0,4.8
2025-08-09 00:00:00,0,8,27.7,6.5,14.3,1.173,0.0,0.1,21.0
2025-08-09 01:00:00,1,8,24.6,77.1,23.3,1.186,0.0,0.0,28.0
2025-08-09 02:00:00,2,8,18.2,7.9,36.5,1.212,0.0,0.0,53.4
2025-08-09 03:00:00,3,8,22.5,42.4,22.2,1.194,0.0,0.0,29.2
2025-08-09 04:00:00,4,8,22.4,96.4,36.1,1.194,0.0,0.0,51.4
2025-08-09 05:00:00,5,8,20.9,38.0,26.0,1.2,0.0,0.0,39.3
2025-08-09 06:00:00,6,8,16.0,97.7,6.9,1.221,0.0,0.0,9.3
2025-08-09 07:00:00,7,8,30.3,7.5,42.2,1.163,1.3,26.3,59.6
2025-08-09 08:00:00,8,8,37.8,37.6,10.8,1.135,1.5,25.2,16.8
2025-08-09 09:00:00,9,8,11.7,88.0,20.2,1.239,0.6,0.0,32.1
2025-08-09 10:00:00,10,8,21.8,73.8,26.9,1.197,3.0,36.2,43.0
2025-08-09 11:00:00,11,8,22.6,48.7,7.8,1.194,5.9,124.3,7.1
2025-08-09 12:00:00,12,8,35.1,29.0,6.4,1.145,8.6,206.7,11.5
2025-08-09 13:00:00,13,8,36.2,94.3,10.9,1.141,3.6,47.6,8.1
2025-08-09 14:00:00,14,8,23.5,97.6,44.6,1.19,1.8,0.0,61.8
2025-08-09 15:00:00,15,8,29.8,13.3,11.7,1.165,4.3,98.8,11.7
2025-08-09 16:00:00,16,8,19.0,19.3,26.6,1.208,2.4,56.0,39.9
2025-08-09 17:00:00,17,8,28.3,83.7,29.1,1.171,0.0,0.0,41.7
2025-08-09 18:00:00,18,8,36.1,85.0,16.0,1.141,0.0,0.0,21.9
2025-08-09 19:00:00,19,8,21.3,65.1,34.0,1.199,0.0,0.0,47.0
2025-08-09 20:00:00,20,8,24.9,30.3,27.7,1.184,0.0,0.0,36.4
2025-08-09 21:00:00,21,8,27.4,88.5,26.1,1.174,0.0,0.0,38.9
2025-08-09 22:00:00,22,8,33.9,47.9,31.5,1.15,0.0,0.0,46.7
2025-08-09 23:00:00,23,8,20.9,36.1,6.4,1.2,0.0,0.0,1.6
2025-08-10 00:00:00,0,8,28.9,36.6,31.6,1.169,0.0,0.0,43.9
2025-08-10 01:00:00,1,8,25.6,52.6,31.5,1.182,0.0,0.0,38.6
2025-08-10 02:00:00,2,8,20.9,62.4,20.6,1.2,0.0,0.0,27.4
2025-08-10 03:00:00,3,8,26.4,92.0,13.9,1.178,0.0,0.0,21.3
2025-08-10 04:00:00,4,8,18.7,54.4,5.2,1.209,0.0,0.0,10.8
2025-08-10 05:00:00,5,8,17.3,55.8,39.6,1.215,0.0,0.0,55.7
2025-08-10 06:00:00,6,8,22.4,44.1,20.8,1.194,0.0,0.0,30.0
2025-08-10 07:00:00,7,8,22.5,53.7,29.1,1.194,0.0,0.0,38.5
2025-08-10 08:00:00,8,8,31.7,87.7,38.6,1.158,0.0,0.0,57.6
2025-08-10 09:00:00,9,8,30.3,83.9,26.3,1.163,0.8,0.0,40.5
2025-08-10 10:00:00,10,8,24.6,13.9,10.7,1.186,6.0,148.5,14.1
2025-08-10 11:00:00,11,8,25.6,28.3,40.6,1.182,6.9,155.9,55.5
2025-08-10 12:00:00,12,8,20.7,67.0,39.7,1.201,6.6,127.4,58.5
2025-08-10 13:00:00,13,8,49.5,29.5,37.1,1.094,6.9,166.8,52.0
2025-08-10 14:00:00,14,8,28.6,39.2,35.8,1.17,4.7,96.1,48.2
2025-08-10 15:00:00,15,8,11.8,7.9,24.9,1.239,4.6,109.9,39.0
2025-08-10 16:00:00,16,8,16.2,39.0,42.3,1.22,1.4,17.7,63.2
2025-08-10 17:00:00,17,8,14.7,11.7,32.6,1.226,1.1,22.3,44.8
2025-08-10 18:00:00,18,8,24.0,23.2,7.8,1.188,0.0,0.0,7.9
2025-08-10 19:00:00,19,8,32.7,21.2,19.8,1.154,0.0,0.0,22.0
2025-08-10 20:00:00,20,8,20.2,56.0,21.9,1.203,0.0,0.0,29.8
2025-08-10 21:00:00,21,8,24.3,79.0,44.4,1.187,0.0,0.0,67.2
2025-08-10 22:00:00,22,8,13.9,46.8,14.1,1.23,0.0,0.0,16.1
2025-08-10 23:00:00,23,8,19.9,12.2,29.6,1.205,0.0,0.0,43.6
2025-08-11 00:00:00,0,8,19.1,7.3,9.5,1.208,0.0,0.0,15.7
2025-08-11 01:00:00,1,8,14.0,84.0,15.2,1.229,0.0,0.0,21.8
2025-08-11 02:00:00,2,8,31.4,21.8,8.5,1.159,0.0,0.0,8.7
2025-08-11 03:00:00,3,8,16.9,78.0,16.1,1.217,0.0,0.0,16.4
2025-08-11 04:00:00,4,8,17.1,11.5,41.3,1.216,0.0,0.0,54.5
2025-08-11 05:00:00,5,8,31.3,37.8,14.3,1.159,0.0,0.0,16.5
2025-08-11 06:00:00,6,8,26.9,25.6,44.2,1.176,0.0,0.0,62.8
2025-08-11 07:00:00,7,8,17.3,81.2,21.3,1.215,0.0,0.0,21.8
2025-08-11 08:00:00,8,8,22.0,3.4,14.0,1.196,3.2,79.1,19.2
2025-08-11 09:00:00,9,8,25.4,15.9,17.5,1.182,4.2,104.2,16.4
2025-08-11 10:00:00,10,8,23.4,82.6,28.1,1.19,2.5,27.7,40.1
2025-08-11 11:00:00,11,8,28.2,57.6,5.8,1.171,5.5,109.7,2.1
2025-08-11 12:00:00,12,8,24.1,55.1,28.8,1.188,7.2,153.0,42.3
2025-08-11 13:00:00,13,8,17.1,85.0,25.7,1.216,4.1,49.0,36.5
2025-08-11 14:00:00,14,8,16.2,55.3,18.1,1.22,3.9,67.4,24.0
2025-08-11 15:00:00,15,8,30.7,3.9,32.5,1.162,4.8,121.0,46.4
2025-08-11 16:00:00,16,8,44.8,18.4,8.3,1.11,2.4,44.3,5.9
2025-08-11 17:00:00,17,8,27.0,98.1,25.7,1.176,0.0,0.0,35.9
2025-08-11 18:00:00,18,8,14.8,22.1,33.9,1.226,0.0,0.0,50.9
2025-08-11 19:00:00,19,8,25.3,1.7,21.5,1.183,0.0,0.0,23.0
2025-08-11 20:00:00,20,8,16.5,21.2,26.8,1.219,0.0,0.0,33.8
2025-08-11 21:00:00,21,8,17.7,68.3,14.7,1.214,0.0,0.0,20.3
2025-08-11 22:00:00,22,8,29.8,42.6,23.4,1.165,0.0,0.0,35.9
2025-08-11 23:00:00,23,8,30.1,58.5,33.4,1.164,0.0,0.0,51.8
2025-08-12 00:00:00,0,8,23.8,81.4,15.5,1.189,0.0,0.0,21.9
2025-08-12 01:00:00,1,8,29.0,27.2,37.3,1.168,0.0,0.0,53.4
2025-08-12 02:00:00,2,8,17.6,51.1,33.0,1.214,0.0,0.0,44.1
2025-08-12 03:00:00,3,8,26.8,66.5,11.1,1.177,0.0,0.0,11.7
2025-08-12 04:00:00,4,8,35.7,72.6,27.1,1.143,0.0,0.0,41.8
2025-08-12 05:00:00,5,8,27.1,32.9,29.8,1.176,0.0,0.0,41.4
2025-08-12 06:00:00,6,8,21.8,16.8,22.3,1.197,0.0,0.0,30.9
2025-08-12 07:00:00,7,8,29.4,27.4,43.8,1.167,0.3,0.0,59.4
2025-08-12 08:00:00,8,8,28.5,39.9,39.5,1.17,1.3,15.9,55.6
2025-08-12 09:00:00,9,8,42.4,68.5,43.3,1.119,1.6,2.5,58.1
2025-08-12 10:00:00,10,8,24.9,53.6,29.1,1.184,4.0,80.3,38.6
2025-08-12 11:00:00,11,8,24.9,6.2,11.5,1.184,8.0,201.8,14.4
2025-08-12 12:00:00,12,8,13.8,96.8,33.0,1.23,5.2,74.5,41.1
2025-08-12 13:00:00,13,8,21.6,49.3,22.0,1.198,5.9,118.7,33.5
2025-08-12 14:00:00,14,8,32.1,78.9,7.6,1.156,2.7,27.1,4.5
2025-08-12 15:00:00,15,8,18.0,36.3,22.8,1.212,3.2,67.0,30.6
2025-08-12 16:00:00,16,8,26.8,73.7,38.5,1.177,0.0,0.0,52.4
2025-08-12 17:00:00,17,8,32.6,72.2,7.2,1.154,0.0,0.0,7.4
2025-08-12 18:00:00,18,8,11.2,0.0,44.3,1.241,0.0,0.0,61.2
2025-08-12 19:00:00,19,8,26.8,54.3,15.5,1.177,0.0,0.0,23.3
2025-08-12 20:00:00,20,8,33.3,93.3,24.2,1.152,0.0,0.0,32.3
2025-08-12 21:00:00,21,8,31.1,86.1,18.9,1.16,0.0,0.0,21.5
2025-08-12 22:00:00,22,8,9.5,17.9,16.9,1.249,0.0,0.0,16.9
2025-08-12 23:00:00,23,8,26.1,58.2,31.8,1.18,0.0,0.0,41.6
2025-08-13 00:00:00,0,8,32.1,6.5,41.3,1.156,0.0,0.0,61.7
2025-08-13 01:00:00,1,8,33.4,85.5,18.8,1.151,0.0,0.0,22.9
2025-08-13 02:00:00,2,8,24.4,49.6,6.5,1.186,0.0,0.0,4.0
2025-08-13 03:00:00,3,8,24.5,33.2,28.2,1.186,0.0,0.0,39.2
2025-08-13 04:00:00,4,8,32.5,48.5,22.2,1.155,0.0,0.0,27.1
2025-08-13 05:00:00,5,8,16.9,56.5,32.5,1.217,0.0,0.0,46.0
2025-08-13 06:00:00,6,8,21.3,85.2,36.7,1.199,0.0,0.0,49.6
2025-08-13 07:00:00,7,8,18.6,58.5,27.4,1.21,0.0,0.0,37.5
2025-08-13 08:00:00,8,8,33.1,71.1,42.4,1.153,0.0,0.0,61.4
2025-08-13 09:00:00,9,8,33.3,74.3,42.5,1.152,1.3,0.0,61.6
2025-08-13 10:00:00,10,8,28.3,13.6,7.7,1.171,6.0,150.1,9.8
2025-08-13 11:00:00,11,8,33.2,91.4,33.1,1.152,3.8,42.9,47.3
2025-08-13 12:00:00,12,8,25.7,85.9,42.2,1.181,5.7,101.4,60.7
2025-08-13 13:00:00,13,8,26.4,95.7,29.2,1.178,3.5,42.4,40.6
2025-08-13 14:00:00,14,8,36.3,43.3,37.0,1.141,4.5,91.8,55.7
2025-08-13 15:00:00,15,8,25.6,31.3,36.2,1.182,3.4,68.7,54.4
2025-08-13 16:00:00,16,8,29.5,96.6,18.2,1.166,0.0,0.0,20.8
2025-08-13 17:00:00,17,8,28.2,93.1,12.0,1.171,0.0,0.0,15.6
2025-08-13 18:00:00,18,8,29.6,18.2,25.1,1.166,0.0,0.0,33.0
2025-08-13 19:00:00,19,8,26.5,1.9,5.7,1.178,0.0,0.0,5.3
2025-08-13 20:00:00,20,8,19.7,96.5,38.2,1.205,0.0,0.0,47.8
2025-08-13 21:00:00,21,8,25.3,29.1,31.4,1.183,0.0,0.0,44.6
2025-08-13 22:00:00,22,8,22.3,23.6,26.6,1.195,0.0,0.0,37.0
2025-08-13 23:00:00,23,8,17.2,83.1,28.5,1.216,0.0,0.0,36.8
2025-08-14 00:00:00,0,8,35.5,45.5,23.1,1.144,0.0,0.0,30.2
2025-08-14 01:00:00,1,8,25.5,28.9,26.5,1.182,0.0,0.0,39.1
2025-08-14 02:00:00,2,8,16.8,19.4,16.5,1.217,0.0,0.0,16.8
2025-08-14 03:00:00,3,8,27.1,93.4,26.0,1.176,0.0,0.0,39.8
2025-08-14 04:00:00,4,8,26.4,33.5,44.3,1.178,0.0,0.0,60.1
2025-08-14 05:00:00,5,8,7.8,48.0,14.5,1.256,0.0,0.0,16.0
2025-08-14 06:00:00,6,8,27.2,71.2,13.3,1.175,0.0,0.0,17.8
2025-08-14 07:00:00,7,8,26.6,73.4,7.5,1.178,0.0,0.0,4.6
2025-08-14 08:00:00,8,8,22.4,58.3,39.4,1.194,0.4,0.0,56.8
2025-08-14 09:00:00,9,8,30.4,2.3,37.3,1.163,4.9,117.1,54.0
2025-08-14 10:00:00,10,8,29.5,50.9,21.3,1.166,4.1,87.0,29.1
2025-08-14 11:00:00,11,8,22.7,11.4,30.6,1.193,7.8,191.6,41.8
2025-08-14 12:00:00,12,8,16.0,45.0,19.7,1.221,7.8,172.1,26.5
2025-08-14 13:00:00,13,8,14.2,94.2,29.1,1.228,3.6,41.3,48.5
2025-08-14 14:00:00,14,8,11.3,93.6,33.6,1.241,2.0,7.0,45.8
2025-08-14 15:00:00,15,8,25.6,80.1,39.3,1.182,1.0,0.0,53.2
2025-08-14 16:00:00,16,8,23.7,26.2,30.1,1.189,2.0,30.1,41.2
2025-08-14 17:00:00,17,8,12.6,58.6,36.5,1.235,0.0,0.0,44.6
2025-08-14 18:00:00,18,8,34.3,14.9,13.0,1.148,0.0,0.0,18.9
2025-08-14 19:00:00,19,8,11.3,38.3,5.5,1.241,0.0,0.0,5.8
2025-08-14 20:00:00,20,8,25.9,5.4,41.6,1.18,0.0,0.0,60.3
2025-08-14 21:00:00,21,8,31.8,24.2,37.5,1.158,0.0,0.0,51.7
2025-08-14 22:00:00,22,8,19.3,99.7,16.7,1.207,0.0,0.0,24.0
2025-08-14 23:00:00,23,8,23.4,23.6,9.1,1.19,0.0,0.0,7.4
2025-08-15 00:00:00,0,8,25.4,8.9,12.2,1.182,0.0,0.0,12.7
2025-08-15 01:00:00,1,8,20.9,98.3,35.2,1.2,0.0,0.0,48.5
2025-08-15 02:00:00,2,8,22.7,60.8,26.9,1.193,0.0,0.0,36.4
2025-08-15 03:00:00,3,8,23.7,58.4,42.7,1.189,0.0,0.0,58.4
2025-08-15 04:00:00,4,8,32.9,3.8,41.4,1.153,0.0,8.4,62.0
2025-08-15 05:00:00,5,8,31.4,85.0,33.2,1.159,0.0,0.0,44.8
2025-08-15 06:00:00,6,8,22.1,56.1,40.7,1.196,0.0,0.0,59.5
2025-08-15 07:00:00,7,8,28.9,88.3,39.6,1.169,0.0,0.0,52.5
2025-08-15 08:00:00,8,8,29.6,84.7,6.8,1.166,0.0,0.0,10.0
2025-08-15 09:00:00,9,8,29.3,65.6,35.7,1.167,1.7,12.7,51.2
2025-08-15 10:00:00,10,8,22.4,70.5,31.7,1.194,3.1,49.3,43.7
2025-08-15 11:00:00,11,8,27.0,99.6,36.6,1.176,3.4,32.6,47.1
2025-08-15 12:00:00,12,8,24.6,65.5,11.5,1.186,6.7,135.4,13.8
2025-08-15 13:00:00,13,8,11.4,10.1,31.1,1.241,7.8,187.2,45.1
2025-08-15 14:00:00,14,8,25.7,7.5,12.3,1.181,6.3,158.8,16.3
2025-08-15 15:00:00,15,8,32.3,35.0,26.2,1.156,3.2,53.9,40.2
2025-08-15 16:00:00,16,8,26.0,2.9,20.7,1.18,3.2,82.7,25.7
2025-08-15 17:00:00,17,8,26.7,90.4,33.7,1.177,0.0,0.0,50.6
2025-08-15 18:00:00,18,8,22.8,40.7,12.9,1.193,0.0,0.0,10.6
2025-08-15 19:00:00,19,8,38.2,28.9,43.2,1.134,0.0,0.0,54.2
2025-08-15 20:00:00,20,8,30.8,9.9,33.1,1.161,0.0,0.0,49.2
2025-08-15 21:00:00,21,8,15.1,86.2,33.7,1.225,0.0,0.0,51.3
2025-08-15 22:00:00,22,8,17.2,13.9,39.4,1.216,0.0,0.0,57.3
2025-08-15 23:00:00,23,8,29.6,87.0,7.1,1.166,0.0,0.0,2.5
2025-08-16 00:00:00,0,8,23.1,85.9,33.0,1.192,0.0,0.0,44.3
2025-08-16 01:00:00,1,8,24.3,9.4,25.4,1.187,0.0,0.1,34.5
2025-08-16 02:00:00,2,8,19.8,28.2,13.4,1.205,0.0,0.0,16.2
2025-08-16 03:00:00,3,8,34.1,20.8,11.1,1.149,0.0,0.0,12.8
2025-08-16 04:00:00,4,8,34.0,96.8,43.7,1.149,0.0,0.0,58.7
2025-08-16 05:00:00,5,8,15.6,65.2,30.7,1.222,0.0,0.0,42.0
2025-08-16 06:00:00,6,8,27.3,56.1,10.7,1.175,0.0,0.0,14.4
2025-08-16 07:00:00,7,8,9.8,20.9,35.4,1.248,0.6,7.5,51.2
2025-08-16 08:00:00,8,8,34.2,39.6,24.6,1.148,1.4,12.5,31.3
2025-08-16 09:00:00,9,8,24.9,17.7,25.0,1.184,4.1,93.8,36.2
2025-08-16 10:00:00,10,8,39.2,35.5,31.8,1.13,4.9,103.9,46.7
2025-08-16 11:00:00,11,8,24.5,20.5,16.3,1.186,7.3,175.8,17.3
2025-08-16 12:00:00,12,8,25.6,1.1,30.1,1.182,9.9,248.4,41.9
2025-08-16 13:00:00,13,8,22.9,92.4,8.6,1.192,3.7,40.1,11.7
2025-08-16 14:00:00,14,8,36.0,63.6,36.8,1.142,3.5,52.1,47.9
2025-08-16 15:00:00,15,8,26.5,74.4,15.5,1.178,1.3,0.0,20.5
2025-08-16 16:00:00,16,8,26.7,92.5,29.8,1.177,0.0,0.0,45.1
2025-08-16 17:00:00,17,8,24.1,34.0,33.4,1.188,0.0,0.0,49.6
2025-08-16 18:00:00,18,8,22.7,74.0,15.9,1.193,0.0,0.0,20.6
2025-08-16 19:00:00,19,8,21.7,90.1,34.2,1.197,0.0,0.0,44.4
2025-08-16 20:00:00,20,8,29.3,83.2,12.5,1.167,0.0,0.0,19.2
2025-08-16 21:00:00,21,8,29.7,36.5,13.3,1.166,0.0,0.0,15.5
2025-08-16 22:00:00,22,8,22.4,72.5,8.2,1.194,0.0,0.0,5.5
2025-08-16 23:00:00,23,8,21.7,92.1,7.8,1.197,0.0,0.0,10.6
2025-08-17 00:00:00,0,8,32.7,44.0,8.8,1.154,0.0,0.0,10.1
2025-08-17 01:00:00,1,8,23.3,15.5,13.5,1.191,0.0,0.0,18.1
2025-08-17 02:00:00,2,8,21.7,44.7,41.4,1.197,0.0,0.0,58.7
2025-08-17 03:00:00,3,8,37.4,16.8,30.0,1.137,0.0,0.0,40.3
2025-08-17 04:00:00,4,8,14.8,64.4,10.0,1.226,0.0,0.0,16.0
2025-08-17 05:00:00,5,8,21.8,28.0,29.7,1.197,0.0,0.0,42.5
2025-08-17 06:00:00,6,8,19.9,6.9,17.3,1.205,0.0,0.1,24.7
2025-08-17 07:00:00,7,8,23.8,43.3,25.2,1.189,0.0,0.0,31.7
2025-08-17 08:00:00,8,8,31.5,38.4,11.9,1.159,1.4,13.9,18.3
2025-08-17 09:00:00,9,8,30.7,18.6,22.6,1.162,4.1,95.4,35.5
2025-08-17 10:00:00,10,8,26.3,30.4,15.3,1.179,5.1,114.6,24.0
2025-08-17 11:00:00,11,8,30.2,70.2,14.2,1.164,4.8,88.6,20.9
2025-08-17 12:00:00,12,8,34.6,70.9,12.9,1.147,6.5,130.9,14.8
2025-08-17 13:00:00,13,8,16.6,23.7,14.9,1.218,7.1,168.2,20.9
2025-08-17 14:00:00,14,8,31.1,74.2,36.6,1.16,3.0,37.6,47.7
2025-08-17 15:00:00,15,8,21.2,40.2,26.7,1.199,3.0,61.9,40.3
2025-08-17 16:00:00,16,8,31.1,7.0,38.0,1.16,3.0,77.6,51.7
2025-08-17 17:00:00,17,8,33.0,67.4,6.9,1.153,0.0,0.0,12.3
2025-08-17 18:00:00,18,8,34.0,86.7,9.8,1.149,0.0,0.0,13.3
2025-08-17 19:00:00,19,8,29.8,87.9,18.0,1.165,0.0,0.0,20.5
2025-08-17 20:00:00,20,8,32.3,82.2,30.8,1.156,0.0,0.0,41.6
2025-08-17 21:00:00,21,8,26.6,76.8,15.8,1.178,0.0,0.0,23.3
2025-08-17 22:00:00,22,8,26.4,28.3,43.5,1.178,0.0,0.0,62.7
2025-08-17 23:00:00,23,8,28.7,19.1,12.3,1.169,0.0,0.0,13.5
2025-08-18 00:00:00,0,8,29.5,5.9,32.5,1.166,0.0,0.0,44.5
2025-08-18 01:00:00,1,8,33.2,86.3,35.4,1.152,0.0,0.0,52.0
2025-08-18 02:00:00,2,8,24.9,66.0,13.2,1.184,0.0,0.0,17.8
2025-08-18 03:00:00,3,8,14.6,30.3,8.3,1.227,0.0,0.0,6.4
2025-08-18 04:00:00,4,8,27.4,16.8,20.2,1.174,0.0,0.0,25.7
2025-08-18 05:00:00,5,8,18.9,25.2,5.2,1.209,0.0,0.0,0.0
2025-08-18 06:00:00,6,8,36.5,93.2,44.6,1.14,0.0,0.0,63.4
2025-08-18 07:00:00,7,8,31.1,91.3,7.9,1.16,0.0,0.0,9.0
2025-08-18 08:00:00,8,8,26.5,7.8,9.0,1.178,2.9,61.4,12.0
2025-08-18 09:00:00,9,8,23.0,28.3,41.9,1.192,3.6,77.3,55.7
2025-08-18 10:00:00,10,8,34.2,56.2,24.3,1.148,3.9,79.7,31.8
2025-08-18 11:00:00,11,8,20.6,45.1,41.1,1.202,6.1,134.2,58.7
2025-08-18 12:00:00,12,8,10.6,98.2,41.6,1.244,5.1,83.6,64.7
2025-08-18 13:00:00,13,8,22.1,91.8,6.9,1.196,3.7,56.5,3.6
2025-08-18 14:00:00,14,8,30.4,43.8,16.5,1.163,4.5,87.5,17.0
2025-08-18 15:00:00,15,8,8.6,61.6,12.8,1.253,1.9,22.4,17.5
2025-08-18 16:00:00,16,8,26.7,44.1,38.8,1.177,1.1,6.7,49.8
2025-08-18 17:00:00,17,8,14.2,58.2,32.7,1.228,0.0,0.0,48.5
2025-08-18 18:00:00,18,8,30.8,85.3,30.2,1.161,0.0,0.0,42.7
2025-08-18 19:00:00,19,8,28.9,63.8,41.3,1.169,0.0,0.0,55.3
2025-08-18 20:00:00,20,8,29.3,73.7,33.4,1.167,0.0,0.0,48.6
2025-08-18 21:00:00,21,8,19.3,69.5,41.9,1.207,0.0,0.0,57.2
2025-08-18 22:00:00,22,8,23.3,94.5,35.2,1.191,0.0,0.0,49.8
2025-08-18 23:00:00,23,8,38.2,40.2,8.4,1.134,0.0,0.0,4.4
2025-08-19 00:00:00,0,8,26.4,57.9,24.7,1.178,0.0,0.0,32.3
2025-08-19 01:00:00,1,8,28.3,68.4,41.1,1.171,0.0,0.0,57.1
2025-08-19 02:00:00,2,8,15.0,71.1,41.8,1.225,0.0,0.0,60.4
2025-08-19 03:00:00,3,8,31.2,17.4,32.5,1.16,0.0,0.0,45.1
2025-08-19 04:00:00,4,8,19.2,23.1,44.4,1.207,0.0,0.0,64.9
2025-08-19 05:00:00,5,8,31.1,41.9,31.8,1.16,0.0,0.0,44.2
2025-08-19 06:00:00,6,8,14.7,88.7,7.2,1.226,0.0,0.0,2.0
2025-08-19 07:00:00,7,8,30.3,73.3,28.7,1.163,0.0,0.0,42.3
2025-08-19 08:00:00,8,8,29.0,36.4,35.3,1.168,1.5,9.3,50.9
2025-08-19 09:00:00,9,8,29.9,86.6,22.9,1.165,0.7,0.0,32.4
2025-08-19 10:00:00,10,8,31.1,34.0,16.7,1.16,5.0,101.9,19.9
2025-08-19 11:00:00,11,8,18.2,70.8,10.9,1.212,4.8,73.7,15.1
2025-08-19 12:00:00,12,8,24.3,56.6,25.4,1.187,7.2,150.2,28.9
2025-08-19 13:00:00,13,8,35.2,89.7,7.5,1.145,3.8,51.5,13.4
2025-08-19 14:00:00,14,8,31.4,68.8,18.7,1.159,3.2,47.9,24.7
2025-08-19 15:00:00,15,8,24.0,46.2,36.8,1.188,2.7,40.3,50.2
2025-08-19 16:00:00,16,8,24.2,10.3,32.9,1.187,2.8,52.6,48.3
2025-08-19 17:00:00,17,8,26.2,51.7,30.8,1.179,0.0,0.0,41.3
2025-08-19 18:00:00,18,8,28.3,58.7,10.6,1.171,0.0,0.0,15.5
2025-08-19 19:00:00,19,8,17.6,99.1,33.2,1.214,0.0,0.0,48.7
2025-08-19 20:00:00,20,8,33.9,70.2,19.7,1.15,0.0,0.0,26.6
2025-08-19 21:00:00,21,8,14.0,44.1,40.5,1.229,0.0,0.0,57.2
2025-08-19 22:00:00,22,8,37.4,44.9,8.5,1.137,0.0,0.0,1.1
2025-08-19 23:00:00,23,8,24.0,5.3,37.5,1.188,0.0,0.0,52.7
2025-08-20 00:00:00,0,8,41.0,12.8,19.1,1.124,0.0,0.0,20.7
2025-08-20 01:00:00,1,8,22.3,2.2,39.1,1.195,0.0,0.0,60.6
2025-08-20 02:00:00,2,8,16.4,65.0,23.1,1.219,0.0,0.0,29.9
2025-08-20 03:00:00,3,8,13.2,87.7,38.3,1.233,0.0,0.0,54.2
2025-08-20 04:00:00,4,8,30.1,43.7,29.6,1.164,0.0,0.0,39.4
2025-08-20 05:00:00,5,8,29.9,51.1,8.3,1.165,0.0,0.0,8.6
2025-08-20 06:00:00,6,8,31.6,90.4,9.1,1.158,0.0,0.0,6.8
2025-08-20 07:00:00,7,8,18.0,7.0,10.9,1.212,1.3,25.2,14.1
2025-08-20 08:00:00,8,8,26.3,59.3,17.8,1.179,0.4,0.0,25.3
2025-08-20 09:00:00,9,8,25.8,88.6,15.9,1.181,0.6,0.0,21.8
2025-08-20 10:00:00,10,8,22.8,4.2,35.5,1.193,6.5,162.4,52.9
2025-08-20 11:00:00,11,8,13.3,87.3,33.9,1.232,4.0,56.6,46.6
2025-08-20 12:00:00,12,8,14.9,90.7,12.0,1.225,5.5,95.3,21.1
2025-08-20 13:00:00,13,8,36.5,3.4,16.6,1.14,8.2,200.9,26.1
2025-08-20 14:00:00,14,8,29.2,91.3,8.3,1.167,2.1,6.2,10.5
2025-08-20 15:00:00,15,8,16.0,79.2,25.5,1.221,1.0,0.0,36.2
2025-08-20 16:00:00,16,8,25.5,50.5,34.7,1.182,0.8,0.0,50.0
2025-08-20 17:00:00,17,8,23.5,79.6,22.7,1.19,0.0,0.0,33.9
2025-08-20 18:00:00,18,8,24.0,27.2,16.3,1.188,0.0,0.0,30.0
2025-08-20 19:00:00,19,8,24.8,49.9,32.2,1.185,0.0,0.0,51.1
2025-08-20 20:00:00,20,8,24.5,52.6,12.7,1.186,0.0,0.0,16.3
2025-08-20 21:00:00,21,8,33.3,16.7,44.2,1.152,0.0,0.0,63.0
2025-08-20 22:00:00,22,8,39.6,87.9,28.8,1.129,0.0,0.0,41.3
2025-08-20 23:00:00,23,8,25.3,95.2,20.9,1.183,0.0,0.0,27.1
2025-08-21 00:00:00,0,8,42.4,17.8,26.4,1.119,0.0,1.5,37.2
2025-08-21 01:00:00,1,8,24.6,46.6,32.5,1.186,0.0,0.0,48.7
2025-08-21 02:00:00,2,8,32.2,46.6,10.3,1.156,0.0,0.0,10.3
2025-08-21 03:00:00,3,8,27.5,12.2,18.5,1.174,0.0,0.0,25.6
2025-08-21 04:00:00,4,8,26.6,12.5,25.3,1.178,0.0,0.0,34.8
2025-08-21 05:00:00,5,8,33.7,88.8,44.0,1.15,0.0,0.0,58.0
2025-08-21 06:00:00,6,8,16.8,31.8,44.3,1.217,0.0,0.0,67.3
2025-08-21 07:00:00,7,8,32.7,43.4,14.7,1.154,0.0,0.0,16.9
2025-08-21 08:00:00,8,8,26.1,21.2,41.7,1.18,2.3,52.2,62.1
2025-08-21 09:00:00,9,8,10.5,0.8,9.2,1.244,5.0,125.9,8.8
2025-08-21 10:00:00,10,8,24.1,26.5,17.2,1.188,5.3,125.1,22.5
2025-08-21 11:00:00,11,8,18.0,93.9,28.4,1.212,3.6,41.1,38.3
2025-08-21 12:00:00,12,8,14.7,32.9,37.0,1.226,8.4,195.0,52.2
2025-08-21 13:00:00,13,8,44.9,14.6,22.5,1.11,7.6,178.8,25.6
2025-08-21 14:00:00,14,8,17.0,21.5,12.6,1.217,5.6,131.6,17.6
2025-08-21 15:00:00,15,8,13.1,29.7,29.5,1.233,3.5,75.0,35.5
2025-08-21 16:00:00,16,8,12.4,18.9,38.8,1.236,2.4,53.1,53.4
2025-08-21 17:00:00,17,8,32.8,31.6,33.5,1.154,0.1,0.0,45.8
2025-08-21 18:00:00,18,8,29.0,0.8,42.7,1.168,0.0,0.0,59.9
2025-08-21 19:00:00,19,8,12.8,69.7,40.5,1.234,0.0,0.0,57.8
2025-08-21 20:00:00,20,8,20.0,8.4,26.4,1.204,0.0,0.0,38.3
2025-08-21 21:00:00,21,8,11.7,59.4,18.1,1.239,0.0,0.0,22.0
2025-08-21 22:00:00,22,8,20.2,9.8,29.2,1.203,0.0,0.0,42.1
2025-08-21 23:00:00,23,8,27.5,35.5,36.1,1.174,0.0,0.0,45.9
2025-08-22 00:00:00,0,8,18.3,93.1,8.9,1.211,0.0,0.0,9.7
2025-08-22 01:00:00,1,8,34.1,70.1,41.2,1.149,0.0,0.0,61.6
2025-08-22 02:00:00,2,8,18.2,20.8,11.8,1.212,0.0,0.0,15.1
2025-08-22 03:00:00,3,8,31.4,36.0,7.3,1.159,0.0,0.0,4.2
2025-08-22 04:00:00,4,8,27.5,33.1,6.8,1.174,0.0,0.0,8.3
2025-08-22 05:00:00,5,8,29.6,74.8,24.8,1.166,0.0,0.0,29.6
2025-08-22 06:00:00,6,8,18.7,33.5,29.2,1.209,0.0,0.0,41.0
2025-08-22 07:00:00,7,8,11.9,74.0,13.0,1.238,0.0,0.0,10.5
2025-08-22 08:00:00,8,8,22.4,56.8,27.4,1.194,0.5,0.0,40.1
2025-08-22 09:00:00,9,8,15.8,96.7,20.2,1.222,0.2,0.0,28.6
2025-08-22 10:00:00,10,8,19.8,89.8,20.6,1.205,2.2,13.7,28.4
2025-08-22 11:00:00,11,8,17.4,1.9,42.6,1.215,8.2,215.5,59.2
2025-08-22 12:00:00,12,8,17.7,52.1,35.8,1.214,7.4,150.8,54.9
2025-08-22 13:00:00,13,8,29.2,98.9,21.4,1.167,3.4,29.1,30.6
2025-08-22 14:00:00,14,8,26.7,30.1,32.0,1.177,5.2,119.9,45.5
2025-08-22 15:00:00,15,8,24.0,98.3,29.1,1.188,0.1,0.0,45.7
2025-08-22 16:00:00,16,8,38.4,65.6,30.0,1.133,0.1,0.0,44.9
2025-08-22 17:00:00,17,8,31.1,56.0,32.3,1.16,0.0,0.0,41.9
2025-08-22 18:00:00,18,8,4.3,19.7,30.5,1.272,0.0,0.0,41.7
2025-08-22 19:00:00,19,8,24.0,65.8,37.8,1.188,0.0,0.0,62.5
2025-08-22 20:00:00,20,8,34.0,59.6,31.9,1.149,0.0,0.0,48.9
2025-08-22 21:00:00,21,8,19.6,32.4,9.5,1.206,0.0,0.0,8.8
2025-08-22 22:00:00,22,8,20.1,66.4,5.9,1.204,0.0,0.0,7.7
2025-08-22 23:00:00,23,8,7.7,50.8,25.8,1.257,0.0,0.0,32.6
2025-08-23 00:00:00,0,8,6.9,69.3,7.4,1.26,0.0,0.0,9.1
2025-08-23 01:00:00,1,8,19.8,13.5,24.9,1.205,0.0,0.0,30.4
2025-08-23 02:00:00,2,8,29.5,26.1,41.0,1.166,0.0,0.0,54.2
2025-08-23 03:00:00,3,8,18.1,85.5,21.9,1.212,0.0,0.0,22.8
2025-08-23 04:00:00,4,8,32.6,57.3,39.3,1.154,0.0,0.0,55.2
2025-08-23 05:00:00,5,8,22.6,10.2,31.0,1.194,0.0,0.0,43.5
2025-08-23 06:00:00,6,8,14.5,70.6,17.2,1.227,0.0,0.0,24.5
2025-08-23 07:00:00,7,8,27.1,58.3,26.0,1.176,0.0,0.0,30.3
2025-08-23 08:00:00,8,8,13.2,57.5,14.1,1.233,0.5,0.0,17.7
2025-08-23 09:00:00,9,8,25.0,92.8,26.8,1.184,0.4,0.0,41.6
2025-08-23 10:00:00,10,8,14.2,19.9,36.9,1.228,5.7,132.3,51.9
2025-08-23 11:00:00,11,8,22.8,16.3,7.1,1.193,7.5,179.5,5.9
2025-08-23 12:00:00,12,8,21.8,81.6,26.1,1.197,5.9,113.7,37.1
2025-08-23 13:00:00,13,8,18.6,57.0,19.7,1.21,5.5,112.1,27.8
2025-08-23 14:00:00,14,8,17.8,24.3,24.7,1.213,5.5,130.3,33.0
2025-08-23 15:00:00,15,8,22.8,10.9,12.8,1.193,4.5,114.6,12.0
2025-08-23 16:00:00,16,8,16.9,10.4,34.7,1.217,2.8,67.3,53.0
2025-08-23 17:00:00,17,8,35.2,58.6,22.8,1.145,0.0,0.0,26.8
2025-08-23 18:00:00,18,8,18.6,66.7,13.1,1.21,0.0,0.0,15.1
2025-08-23 19:00:00,19,8,30.6,23.0,15.5,1.162,0.0,0.0,17.9
2025-08-23 20:00:00,20,8,31.9,32.6,44.8,1.157,0.0,0.0,66.2
2025-08-23 21:00:00,21,8,10.0,25.6,41.7,1.247,0.0,0.0,58.3
2025-08-23 22:00:00,22,8,20.1,0.8,25.6,1.204,0.0,0.0,37.0
2025-08-23 23:00:00,23,8,33.4,70.3,43.5,1.151,0.0,0.0,64.8
2025-08-24 00:00:00,0,8,13.9,41.2,43.5,1.23,0.0,0.0,64.3
2025-08-24 01:00:00,1,8,23.0,66.5,34.2,1.192,0.0,0.0,52.3
2025-08-24 02:00:00,2,8,22.4,46.9,32.2,1.194,0.0,0.0,46.8
2025-08-24 03:00:00,3,8,14.2,8.0,43.5,1.228,0.0,0.5,66.6
2025-08-24 04:00:00,4,8,17.5,18.2,43.3,1.214,0.0,0.0,67.5
2025-08-24 05:00:00,5,8,27.3,50.4,31.3,1.175,0.0,0.0,43.2
2025-08-24 06:00:00,6,8,37.2,59.9,14.5,1.137,0.0,0.0,18.5
2025-08-24 07:00:00,7,8,17.2,70.2,36.5,1.216,0.0,0.0,51.2
2025-08-24 08:00:00,8,8,11.0,68.4,41.1,1.242,0.0,0.0,56.2
2025-08-24 09:00:00,9,8,27.3,72.7,15.6,1.175,1.4,7.8,26.3
2025-08-24 10:00:00,10,8,36.7,76.7,34.6,1.139,2.8,33.6,52.1
2025-08-24 11:00:00,11,8,21.7,5.2,5.5,1.197,8.1,201.2,2.6
2025-08-24 12:00:00,12,8,28.4,21.2,28.5,1.171,8.9,216.1,39.8
2025-08-24 13:00:00,13,8,21.5,87.5,31.0,1.198,4.0,66.2,39.1
2025-08-24 14:00:00,14,8,30.9,60.9,10.8,1.161,3.6,62.2,8.1
2025-08-24 15:00:00,15,8,32.6,67.2,13.0,1.154,1.6,7.2,17.8
2025-08-24 16:00:00,16,8,26.7,71.2,20.8,1.177,0.0,0.0,27.3
2025-08-24 17:00:00,17,8,41.9,76.5,41.1,1.12,0.0,0.0,53.4
2025-08-24 18:00:00,18,8,29.9,52.0,44.2,1.165,0.0,0.0,57.1
2025-08-24 19:00:00,19,8,29.5,16.5,21.8,1.166,0.0,0.0,33.4
2025-08-24 20:00:00,20,8,42.0,99.4,31.9,1.12,0.0,0.0,43.0
2025-08-24 21:00:00,21,8,27.6,77.6,44.4,1.174,0.0,0.0,66.9
2025-08-24 22:00:00,22,8,29.3,31.3,21.4,1.167,0.0,0.0,34.1
2025-08-24 23:00:00,23,8,22.8,35.5,25.7,1.193,0.0,0.0,38.3
2025-08-25 00:00:00,0,8,20.2,31.2,31.1,1.203,0.0,0.0,37.9
2025-08-25 01:00:00,1,8,36.9,6.2,5.1,1.138,0.0,0.0,1.4
2025-08-25 02:00:00,2,8,27.7,45.7,38.2,1.173,0.0,0.0,59.6
2025-08-25 03:00:00,3,8,16.0,90.4,15.8,1.221,0.0,0.0,28.4
2025-08-25 04:00:00,4,8,24.0,38.2,18.8,1.188,0.0,0.0,20.9
2025-08-25 05:00:00,5,8,39.7,49.0,41.0,1.128,0.0,0.0,55.5
2025-08-25 06:00:00,6,8,32.7,34.3,33.1,1.154,0.0,0.0,45.4
2025-08-25 07:00:00,7,8,25.9,93.9,7.4,1.18,0.0,0.0,7.4
2025-08-25 08:00:00,8,8,35.4,4.7,28.3,1.144,3.1,81.2,43.1
2025-08-25 09:00:00,9,8,19.4,9.0,19.9,1.207,4.6,99.7,26.7
2025-08-25 10:00:00,10,8,26.0,82.8,18.8,1.18,2.5,22.0,24.2
2025-08-25 11:00:00,11,8,16.0,55.8,9.3,1.221,5.5,105.5,6.7
2025-08-25 12:00:00,12,8,37.6,19.2,15.7,1.136,9.0,209.4,21.5
2025-08-25 13:00:00,13,8,14.8,52.5,16.9,1.226,5.7,126.2,21.7
2025-08-25 14:00:00,14,8,14.9,54.8,20.8,1.225,3.9,82.3,29.0
2025-08-25 15:00:00,15,8,31.2,18.4,29.8,1.16,4.1,90.9,40.2
2025-08-25 16:00:00,16,8,22.0,59.2,16.0,1.196,0.4,0.0,24.3
2025-08-25 17:00:00,17,8,29.0,8.5,25.5,1.168,1.2,33.5,36.9
2025-08-25 18:00:00,18,8,18.2,22.7,11.1,1.212,0.0,0.9,15.8
2025-08-25 19:00:00,19,8,25.7,20.4,6.4,1.181,0.0,0.0,9.6
2025-08-25 20:00:00,20,8,16.7,61.1,20.0,1.218,0.0,0.0,27.2
2025-08-25 21:00:00,21,8,26.4,94.3,16.8,1.178,0.0,0.0,18.8
2025-08-25 22:00:00,22,8,13.4,20.9,11.2,1.232,0.0,0.0,14.7
2025-08-25 23:00:00,23,8,34.3,68.7,40.5,1.148,0.0,0.0,54.6
2025-08-26 00:00:00,0,8,26.8,30.3,7.5,1.177,0.0,0.0,4.7
2025-08-26 01:00:00,1,8,33.2,83.8,18.0,1.152,0.0,0.0,20.6
2025-08-26 02:00:00,2,8,26.9,14.1,9.6,1.176,0.0,0.0,11.3
2025-08-26 03:00:00,3,8,7.1,85.5,15.2,1.26,0.0,0.0,20.8
2025-08-26 04:00:00,4,8,21.9,58.0,19.7,1.196,0.0,0.0,23.8
2025-08-26 05:00:00,5,8,17.3,82.2,17.2,1.215,0.0,0.0,18.7
2025-08-26 06:00:00,6,8,15.3,35.2,14.4,1.224,0.0,0.0,14.7
2025-08-26 07:00:00,7,8,29.3,12.9,6.5,1.167,1.0,27.2,7.8
2025-08-26 08:00:00,8,8,17.4,97.7,30.8,1.215,0.0,0.0,42.1
2025-08-26 09:00:00,9,8,23.2,7.0,32.7,1.191,4.6,111.4,44.6
2025-08-26 10:00:00,10,8,30.2,51.2,37.1,1.164,4.1,81.6,53.1
2025-08-26 11:00:00,11,8,22.9,18.6,26.9,1.192,7.4,176.0,35.0
2025-08-26 12:00:00,12,8,36.3,50.4,10.0,1.141,7.5,164.4,12.9
2025-08-26 13:00:00,13,8,23.0,64.9,38.8,1.192,5.1,97.9,53.3
2025-08-26 14:00:00,14,8,13.2,34.9,22.3,1.233,4.9,107.4,30.6
2025-08-26 15:00:00,15,8,31.0,62.7,17.3,1.161,1.9,15.3,20.8
2025-08-26 16:00:00,16,8,21.7,55.0,31.3,1.197,0.6,0.0,44.8
2025-08-26 17:00:00,17,8,21.0,77.8,35.9,1.2,0.0,0.0,54.8
2025-08-26 18:00:00,18,8,23.5,85.0,42.6,1.19,0.0,0.0,60.7
2025-08-26 19:00:00,19,8,9.9,31.1,24.2,1.247,0.0,0.0,36.4
2025-08-26 20:00:00,20,8,33.5,98.7,22.2,1.151,0.0,0.0,28.7
2025-08-26 21:00:00,21,8,14.4,22.6,31.5,1.228,0.0,0.0,44.5
2025-08-26 22:00:00,22,8,26.3,74.5,29.4,1.179,0.0,0.0,42.6
2025-08-26 23:00:00,23,8,21.0,17.9,15.1,1.2,0.0,0.0,17.8
2025-08-27 00:00:00,0,8,12.9,38.7,43.7,1.234,0.0,0.0,64.2
2025-08-27 01:00:00,1,8,14.8,95.1,8.3,1.226,0.0,0.0,11.5
2025-08-27 02:00:00,2,8,16.9,87.2,12.5,1.217,0.0,0.0,13.9
2025-08-27 03:00:00,3,8,46.0,22.6,16.8,1.106,0.0,0.0,23.5
2025-08-27 04:00:00,4,8,41.1,18.4,17.0,1.123,0.0,0.0,22.7
2025-08-27 05:00:00,5,8,26.7,22.0,8.5,1.177,0.0,0.0,17.6
2025-08-27 06:00:00,6,8,23.5,87.3,6.1,1.19,0.0,0.0,5.6
2025-08-27 07:00:00,7,8,13.6,83.6,33.0,1.231,0.0,0.0,49.8
2025-08-27 08:00:00,8,8,22.3,27.5,22.0,1.195,2.0,42.3,28.3
2025-08-27 09:00:00,9,8,32.6,32.4,18.8,1.154,3.4,78.0,21.8
2025-08-27 10:00:00,10,8,39.4,7.0,41.6,1.129,6.3,155.8,57.0
2025-08-27 11:00:00,11,8,19.7,42.9,15.8,1.205,6.2,140.9,18.1
2025-08-27 12:00:00,12,8,14.8,17.1,27.6,1.226,9.1,221.5,35.7
2025-08-27 13:00:00,13,8,32.5,59.2,17.5,1.155,5.4,97.6,21.6
2025-08-27 14:00:00,14,8,10.8,30.3,18.5,1.243,5.2,115.0,31.1
2025-08-27 15:00:00,15,8,34.4,56.0,33.2,1.148,2.2,26.0,40.1
2025-08-27 16:00:00,16,8,26.8,19.6,17.4,1.177,2.4,55.3,17.9
2025-08-27 17:00:00,17,8,23.0,77.5,8.0,1.192,0.0,0.0,8.2
2025-08-27 18:00:00,18,8,35.4,55.5,30.7,1.144,0.0,0.0,38.0
2025-08-27 19:00:00,19,8,28.3,83.3,8.6,1.171,0.0,0.0,7.7
2025-08-27 20:00:00,20,8,25.1,35.1,11.0,1.184,0.0,0.0,16.4
2025-08-27 21:00:00,21,8,40.4,21.4,44.0,1.126,0.0,0.0,65.1
2025-08-27 22:00:00,22,8,47.8,58.3,5.2,1.1,0.0,0.0,1.6
2025-08-27 23:00:00,23,8,20.7,11.1,18.2,1.201,0.0,0.0,22.5
2025-08-28 00:00:00,0,8,22.0,23.7,31.8,1.196,0.0,0.0,45.9
2025-08-28 01:00:00,1,8,13.2,27.8,36.2,1.233,0.0,0.0,47.7
2025-08-28 02:00:00,2,8,34.1,48.3,17.3,1.149,0.0,0.0,20.0
2025-08-28 03:00:00,3,8,26.1,13.4,10.7,1.18,0.0,0.0,12.9
2025-08-28 04:00:00,4,8,32.8,28.0,34.8,1.154,0.0,0.0,48.0
2025-08-28 05:00:00,5,8,19.1,75.1,14.2,1.208,0.0,0.0,19.6
2025-08-28 06:00:00,6,8,27.5,28.7,39.4,1.174,0.0,0.0,54.0
2025-08-28 07:00:00,7,8,20.0,79.7,29.2,1.204,0.0,0.0,37.0
2025-08-28 08:00:00,8,8,10.5,99.7,38.6,1.244,0.0,0.0,55.7
2025-08-28 09:00:00,9,8,15.7,38.6,13.2,1.222,3.1,61.1,20.5
2025-08-28 10:00:00,10,8,22.3,54.6,7.1,1.195,3.9,63.1,6.2
2025-08-28 11:00:00,11,8,7.3,20.3,36.6,1.259,7.3,169.4,48.1
2025-08-28 12:00:00,12,8,27.1,96.0,42.1,1.176,5.2,74.4,55.7
2025-08-28 13:00:00,13,8,32.7,23.3,12.1,1.154,7.2,177.4,12.8
2025-08-28 14:00:00,14,8,9.5,12.6,19.9,1.249,6.0,149.1,27.2
2025-08-28 15:00:00,15,8,14.0,89.7,34.8,1.229,0.5,0.0,48.8
2025-08-28 16:00:00,16,8,17.7,48.0,32.6,1.214,0.9,0.0,48.6
2025-08-28 17:00:00,17,8,20.8,46.2,42.9,1.201,0.0,0.0,68.3
2025-08-28 18:00:00,18,8,12.3,28.1,37.0,1.237,0.0,0.0,50.9
2025-08-28 19:00:00,19,8,23.9,30.7,39.8,1.188,0.0,0.0,54.6
2025-08-28 20:00:00,20,8,27.7,24.5,17.3,1.173,0.0,0.0,22.5
2025-08-28 21:00:00,21,8,28.1,29.5,30.9,1.172,0.0,0.0,42.0
2025-08-28 22:00:00,22,8,23.0,35.2,41.6,1.192,0.0,0.0,60.6
2025-08-28 23:00:00,23,8,22.4,54.3,42.0,1.194,0.0,0.0,59.3
2025-08-29 00:00:00,0,8,22.4,96.7,10.5,1.194,0.0,0.0,15.4
2025-08-29 01:00:00,1,8,17.1,25.7,30.6,1.216,0.0,0.0,46.8
2025-08-29 02:00:00,2,8,25.4,83.0,44.8,1.182,0.0,0.0,60.3
2025-08-29 03:00:00,3,8,26.5,45.3,12.7,1.178,0.0,0.0,18.3
2025-08-29 04:00:00,4,8,17.3,3.1,41.7,1.215,0.0,9.2,57.1
2025-08-29 05:00:00,5,8,17.5,58.3,19.8,1.214,0.0,0.0,28.5
2025-08-29 06:00:00,6,8,26.0,4.5,17.3,1.18,0.0,0.0,23.2
2025-08-29 07:00:00,7,8,26.9,83.8,32.4,1.176,0.0,0.0,43.4
2025-08-29 08:00:00,8,8,27.1,18.4,13.8,1.176,2.4,49.8,16.2
2025-08-29 09:00:00,9,8,23.9,71.3,9.6,1.188,1.4,0.0,12.5
2025-08-29 10:00:00,10,8,20.0,85.7,35.9,1.204,2.4,19.3,51.8
2025-08-29 11:00:00,11,8,27.0,26.4,35.4,1.176,7.0,167.0,48.0
2025-08-29 12:00:00,12,8,33.1,90.4,14.9,1.153,5.5,87.4,17.7
2025-08-29 13:00:00,13,8,17.9,6.2,24.6,1.213,8.0,189.1,35.0
2025-08-29 14:00:00,14,8,16.5,41.9,41.3,1.219,4.6,100.0,56.3
2025-08-29 15:00:00,15,8,26.5,58.7,14.8,1.178,2.1,27.0,22.1
2025-08-29 16:00:00,16,8,24.0,60.7,12.1,1.188,0.3,0.0,8.6
2025-08-29 17:00:00,17,8,19.7,83.6,27.8,1.205,0.0,0.0,31.8
2025-08-29 18:00:00,18,8,32.8,98.4,16.9,1.154,0.0,0.0,16.9
2025-08-29 19:00:00,19,8,26.7,76.7,7.8,1.177,0.0,0.0,10.6
2025-08-29 20:00:00,20,8,28.5,12.6,25.9,1.17,0.0,5.0,32.2
2025-08-29 21:00:00,21,8,30.4,9.3,39.3,1.163,0.0,0.0,62.7
2025-08-29 22:00:00,22,8,30.4,1.6,39.7,1.163,0.0,0.0,54.4
2025-08-29 23:00:00,23,8,30.2,93.8,8.4,1.164,0.0,0.0,7.2
2025-08-30 00:00:00,0,8,21.2,46.1,33.2,1.199,0.0,0.0,49.9
2025-08-30 01:00:00,1,8,30.4,84.1,41.3,1.163,0.0,0.0,59.1
2025-08-30 02:00:00,2,8,36.8,20.2,11.1,1.139,0.0,0.0,13.8
2025-08-30 03:00:00,3,8,21.1,52.4,19.5,1.2,0.0,0.0,25.1
2025-08-30 04:00:00,4,8,21.3,15.7,28.7,1.199,0.0,0.0,35.9
2025-08-30 05:00:00,5,8,27.1,48.9,26.0,1.176,0.0,0.0,40.0
2025-08-30 06:00:00,6,8,28.7,34.2,12.3,1.169,0.0,0.0,11.2
2025-08-30 07:00:00,7,8,22.5,64.6,11.2,1.194,0.0,0.0,12.1
2025-08-30 08:00:00,8,8,13.4,80.0,12.9,1.232,0.0,0.0,14.9
2025-08-30 09:00:00,9,8,26.2,88.5,29.4,1.179,0.6,0.0,41.5
2025-08-30 10:00:00,10,8,30.7,84.5,23.4,1.162,2.4,22.4,31.1
2025-08-30 11:00:00,11,8,16.5,6.1,42.0,1.219,8.0,196.2,63.2
2025-08-30 12:00:00,12,8,31.9,18.9,29.8,1.157,9.1,214.7,42.0
2025-08-30 13:00:00,13,8,40.0,47.8,9.9,1.127,5.9,121.0,8.0
2025-08-30 14:00:00,14,8,37.6,23.1,12.4,1.136,5.5,123.0,16.4
2025-08-30 15:00:00,15,8,25.0,81.2,38.7,1.184,0.9,0.0,62.1
2025-08-30 16:00:00,16,8,27.7,14.2,8.6,1.173,2.6,58.7,7.6
2025-08-30 17:00:00,17,8,26.2,6.9,13.8,1.179,1.3,28.7,16.4
2025-08-30 18:00:00,18,8,22.9,44.6,18.6,1.192,0.0,0.0,22.2
2025-08-30 19:00:00,19,8,19.7,72.3,18.7,1.205,0.0,0.0,30.0
2025-08-30 20:00:00,20,8,20.3,83.2,9.8,1.203,0.0,0.0,11.5
2025-08-30 21:00:00,21,8,39.3,75.5,28.1,1.13,0.0,0.0,37.5
2025-08-30 22:00:00,22,8,19.1,83.9,25.2,1.208,0.0,0.0,35.4
2025-08-30 23:00:00,23,8,23.9,80.5,22.1,1.188,0.0,0.0,25.2
2025-08-31 00:00:00,0,8,15.6,43.1,34.6,1.222,0.0,0.0,50.0
2025-08-31 01:00:00,1,8,39.2,34.7,35.7,1.13,0.0,0.0,49.0
2025-08-31 02:00:00,2,8,20.0,46.3,8.7,1.204,0.0,0.0,0.0
2025-08-31 03:00:00,3,8,27.9,46.1,29.4,1.173,0.0,0.0,43.6
2025-08-31 04:00:00,4,8,22.7,29.7,5.8,1.193,0.0,0.0,5.8
2025-08-31 05:00:00,5,8,33.2,60.0,37.0,1.152,0.0,0.0,54.8
2025-08-31 06:00:00,6,8,14.7,7.3,23.9,1.226,0.0,4.7,31.6
2025-08-31 07:00:00,7,8,42.8,62.5,27.3,1.117,0.0,0.0,37.2
2025-08-31 08:00:00,8,8,27.0,7.6,15.5,1.176,3.0,74.6,24.0
2025-08-31 09:00:00,9,8,28.4,26.9,6.9,1.171,3.7,85.5,6.8
2025-08-31 10:00:00,10,8,20.1,11.5,16.2,1.204,6.1,151.0,20.6
2025-08-31 11:00:00,11,8,30.0,7.0,22.9,1.164,8.0,199.0,29.8
2025-08-31 12:00:00,12,8,15.7,56.0,40.2,1.222,7.2,152.0,56.8
2025-08-31 13:00:00,13,8,22.1,5.8,15.5,1.196,8.0,193.9,21.4
2025-08-31 14:00:00,14,8,21.6,98.1,13.0,1.198,1.8,1.3,17.9
2025-08-31 15:00:00,15,8,30.0,13.5,31.7,1.164,4.3,105.6,43.3
2025-08-31 16:00:00,16,8,40.3,17.8,39.8,1.126,2.4,46.9,52.7
2025-08-31 17:00:00,17,8,15.7,92.7,42.1,1.222,0.0,0.0,62.8
2025-08-31 18:00:00,18,8,23.3,39.4,21.7,1.191,0.0,0.0,26.6
2025-08-31 19:00:00,19,8,31.0,12.8,22.8,1.161,0.0,0.0,30.1
2025-08-31 20:00:00,20,8,26.4,24.9,42.1,1.178,0.0,0.0,56.7
2025-08-31 21:00:00,21,8,24.5,98.5,16.6,1.186,0.0,0.0,19.3
2025-08-31 22:00:00,22,8,19.5,85.4,37.8,1.206,0.0,0.0,54.9
2025-08-31 23:00:00,23,8,33.0,88.0,6.7,1.153,0.0,0.0,4.9
2025-09-01 00:00:00,0,9,9.0,81.0,44.2,1.251,0.0,0.0,65.7
2025-09-01 01:00:00,1,9,17.4,33.4,28.4,1.215,0.0,0.0,37.6
2025-09-01 02:00:00,2,9,27.8,57.8,29.7,1.173,0.0,0.0,44.1
2025-09-01 03:00:00,3,9,35.0,96.9,25.6,1.146,0.0,0.0,31.3
2025-09-01 04:00:00,4,9,28.7,6.2,9.7,1.169,0.0,0.0,10.6
2025-09-01 05:00:00,5,9,18.4,30.2,7.3,1.211,0.0,0.0,7.0
2025-09-01 06:00:00,6,9,20.6,58.9,41.3,1.202,0.0,0.0,59.1
2025-09-01 07:00:00,7,9,27.6,47.7,20.6,1.174,0.0,0.0,25.4
2025-09-01 08:00:00,8,9,13.1,10.5,11.9,1.233,2.8,61.9,19.7
2025-09-01 09:00:00,9,9,34.6,12.1,19.2,1.147,4.4,107.8,20.6
2025-09-01 10:00:00,10,9,6.4,80.2,22.0,1.263,2.7,32.9,32.4
2025-09-01 11:00:00,11,9,29.2,8.5,27.5,1.167,7.9,194.7,41.2
2025-09-01 12:00:00,12,9,17.0,86.6,28.6,1.217,5.7,98.0,40.7
2025-09-01 13:00:00,13,9,38.4,35.8,35.7,1.133,6.5,150.0,48.9
2025-09-01 14:00:00,14,9,24.8,79.9,10.9,1.185,2.7,29.6,17.4
2025-09-01 15:00:00,15,9,24.7,63.4,32.3,1.185,1.8,8.7,41.1
2025-09-01 16:00:00,16,9,18.1,11.1,38.6,1.212,2.8,70.3,53.0
2025-09-01 17:00:00,17,9,30.6,42.0,17.2,1.162,0.0,0.0,25.2
2025-09-01 18:00:00,18,9,25.0,99.3,16.7,1.184,0.0,0.0,19.9
2025-09-01 19:00:00,19,9,36.9,7.0,39.7,1.138,0.0,1.2,50.2
2025-09-01 20:00:00,20,9,24.1,18.2,37.5,1.188,0.0,0.0,55.6
2025-09-01 21:00:00,21,9,19.3,3.7,12.8,1.207,0.0,0.0,13.6
2025-09-01 22:00:00,22,9,11.0,55.5,38.6,1.242,0.0,0.0,54.4
2025-09-01 23:00:00,23,9,19.7,16.6,19.4,1.205,0.0,0.0,20.7
2025-09-02 00:00:00,0,9,28.2,76.9,32.9,1.171,0.0,0.0,42.8
2025-09-02 01:00:00,1,9,30.4,26.9,22.3,1.163,0.0,0.0,29.5
2025-09-02 02:00:00,2,9,25.5,85.1,23.8,1.182,0.0,0.0,28.6
2025-09-02 03:00:00,3,9,16.2,81.4,33.0,1.22,0.0,0.0,45.5
2025-09-02 04:00:00,4,9,26.6,62.3,30.9,1.178,0.0,0.0,41.0
2025-09-02 05:00:00,5,9,31.2,56.4,10.5,1.16,0.0,0.0,13.1
2025-09-02 06:00:00,6,9,17.9,2.9,38.8,1.213,0.0,7.0,60.1
2025-09-02 07:00:00,7,9,29.9,64.5,15.3,1.165,0.0,0.0,16.0
2025-09-02 08:00:00,8,9,35.1,26.7,15.5,1.145,2.0,34.3,18.0
2025-09-02 09:00:00,9,9,19.5,26.3,14.9,1.206,3.7,67.3,19.9
2025-09-02 10:00:00,10,9,14.8,39.0,10.6,1.226,4.7,100.5,14.6
2025-09-02 11:00:00,11,9,36.5,37.2,29.4,1.14,6.5,147.5,37.8
2025-09-02 12:00:00,12,9,28.2,30.7,7.3,1.171,8.5,196.7,7.5
2025-09-02 13:00:00,13,9,35.8,68.8,10.1,1.143,4.9,98.6,11.3
2025-09-02 14:00:00,14,9,21.8,37.2,22.2,1.197,4.8,96.7,30.3
2025-09-02 15:00:00,15,9,39.1,5.8,6.1,1.13,4.7,119.1,8.9
2025-09-02 16:00:00,16,9,31.9,98.8,24.7,1.157,0.0,0.0,34.2
2025-09-02 17:00:00,17,9,19.5,62.1,13.1,1.206,0.0,0.0,13.7
2025-09-02 18:00:00,18,9,27.8,19.8,43.6,1.173,0.0,0.0,60.8
2025-09-02 19:00:00,19,9,17.4,93.8,34.6,1.215,0.0,0.0,50.2
2025-09-02 20:00:00,20,9,32.9,46.1,15.0,1.153,0.0,0.0,18.2
2025-09-02 21:00:00,21,9,30.3,45.6,18.4,1.163,0.0,0.0,27.2
2025-09-02 22:00:00,22,9,28.8,46.6,11.2,1.169,0.0,0.0,13.9
2025-09-02 23:00:00,23,9,28.0,57.6,39.8,1.172,0.0,0.0,53.9
2025-09-03 00:00:00,0,9,24.6,4.3,24.9,1.186,0.0,6.5,26.2
2025-09-03 01:00:00,1,9,26.5,0.9,37.3,1.178,0.0,2.0,53.6
2025-09-03 02:00:00,2,9,30.8,37.9,16.5,1.161,0.0,0.0,21.3
2025-09-03 03:00:00,3,9,20.4,80.8,34.4,1.202,0.0,0.0,48.8
2025-09-03 04:00:00,4,9,30.2,72.2,43.7,1.164,0.0,0.0,59.6
2025-09-03 05:00:00,5,9,34.6,43.7,9.9,1.147,0.0,0.0,16.5
2025-09-03 06:00:00,6,9,35.1,20.6,14.3,1.145,0.0,0.0,10.4
2025-09-03 07:00:00,7,9,33.7,0.1,36.7,1.15,1.7,40.0,55.7
2025-09-03 08:00:00,8,9,23.4,25.9,26.3,1.19,2.0,41.4,38.4
2025-09-03 09:00:00,9,9,27.9,97.9,39.7,1.173,0.1,0.0,59.3
2025-09-03 10:00:00,10,9,36.5,5.4,25.8,1.14,6.4,158.7,33.7
2025-09-03 11:00:00,11,9,42.1,46.5,40.4,1.12,6.0,124.9,54.1
2025-09-03 12:00:00,12,9,32.8,87.8,6.9,1.154,5.6,91.5,0.3
2025-09-03 13:00:00,13,9,35.1,65.9,33.6,1.145,5.0,91.1,44.5
2025-09-03 14:00:00,14,9,26.7,19.6,31.0,1.177,5.7,133.5,45.1
2025-09-03 15:00:00,15,9,19.9,62.2,10.0,1.205,1.9,21.3,13.3
2025-09-03 16:00:00,16,9,10.9,89.9,7.0,1.243,0.0,0.0,8.2
2025-09-03 17:00:00,17,9,20.7,12.4,26.0,1.201,1.0,16.3,39.5
2025-09-03 18:00:00,18,9,31.5,80.2,38.5,1.159,0.0,0.0,59.3
2025-09-03 19:00:00,19,9,27.1,80.5,19.5,1.176,0.0,0.0,26.9
2025-09-03 20:00:00,20,9,30.5,49.2,38.4,1.162,0.0,0.0,54.0
2025-09-03 21:00:00,21,9,27.2,34.7,24.3,1.175,0.0,0.0,32.3
2025-09-03 22:00:00,22,9,30.2,16.3,35.0,1.164,0.0,1.6,49.3
2025-09-03 23:00:00,23,9,30.6,19.2,20.0,1.162,0.0,0.0,21.8
2025-09-04 00:00:00,0,9,30.9,68.8,18.7,1.161,0.0,0.0,20.4
2025-09-04 01:00:00,1,9,16.0,30.9,23.6,1.221,0.0,0.0,33.7
2025-09-04 02:00:00,2,9,16.3,44.4,26.2,1.22,0.0,0.0,39.6
2025-09-04 03:00:00,3,9,24.0,60.4,12.1,1.188,0.0,0.0,17.0
2025-09-04 04:00:00,4,9,27.7,51.6,14.6,1.173,0.0,0.0,18.5
2025-09-04 05:00:00,5,9,30.0,63.5,43.0,1.164,0.0,0.0,64.6
2025-09-04 06:00:00,6,9,33.7,61.6,28.1,1.15,0.0,0.0,35.8
2025-09-04 07:00:00,7,9,15.8,32.6,9.8,1.222,0.0,0.0,9.2
2025-09-04 08:00:00,8,9,33.2,68.4,28.8,1.152,0.0,0.0,46.3
2025-09-04 09:00:00,9,9,24.7,81.6,33.5,1.185,0.9,0.0,51.7
2025-09-04 10:00:00,10,9,34.8,91.9,13.9,1.146,2.1,4.7,18.6
2025-09-04 11:00:00,11,9,19.6,79.2,5.3,1.206,4.4,61.0,6.2
2025-09-04 12:00:00,12,9,9.8,25.7,32.7,1.248,8.7,195.5,49.6
2025-09-04 13:00:00,13,9,40.4,66.4,12.2,1.126,5.0,95.8,18.8
2025-09-04 14:00:00,14,9,18.9,16.8,41.4,1.209,5.8,139.5,60.4
2025-09-04 15:00:00,15,9,30.0,72.3,44.7,1.164,1.4,0.0,63.9
2025-09-04 16:00:00,16,9,21.1,14.6,25.2,1.2,2.6,60.4,31.4
2025-09-04 17:00:00,17,9,22.8,70.4,34.2,1.193,0.0,0.0,47.7
2025-09-04 18:00:00,18,9,27.9,9.7,34.6,1.173,0.0,0.0,45.6
2025-09-04 19:00:00,19,9,39.4,27.0,40.7,1.129,0.0,0.0,54.0
2025-09-04 20:00:00,20,9,33.3,42.7,21.0,1.152,0.0,0.0,25.8
2025-09-04 21:00:00,21,9,26.7,59.6,21.0,1.177,0.0,0.0,30.3
2025-09-04 22:00:00,22,9,10.8,81.6,12.9,1.243,0.0,0.0,19.5
2025-09-04 23:00:00,23,9,28.5,31.2,20.1,1.17,0.0,0.0,31.2
2025-09-05 00:00:00,0,9,18.1,66.8,42.4,1.212,0.0,0.0,60.3
2025-09-05 01:00:00,1,9,25.7,93.0,32.2,1.181,0.0,0.0,45.5
2025-09-05 02:00:00,2,9,19.2,67.9,13.3,1.207,0.0,0.0,15.6
2025-09-05 03:00:00,3,9,29.2,47.2,18.7,1.167,0.0,0.0,25.5
2025-09-05 04:00:00,4,9,27.6,30.1,19.4,1.174,0.0,0.0,27.0
2025-09-05 05:00:00,5,9,42.3,47.0,11.9,1.119,0.0,0.0,12.6
2025-09-05 06:00:00,6,9,28.0,62.0,21.7,1.172,0.0,0.0,29.0
2025-09-05 07:00:00,7,9,19.7,44.1,8.0,1.205,0.0,0.0,13.9
2025-09-05 08:00:00,8,9,13.2,41.0,39.2,1.233,1.3,14.2,55.6
2025-09-05 09:00:00,9,9,36.5,23.1,10.0,1.14,3.8,84.8,11.8
2025-09-05 10:00:00,10,9,43.1,68.2,6.1,1.116,3.3,49.9,4.5
2025-09-05 11:00:00,11,9,9.2,1.4,20.9,1.25,8.3,202.6,29.3
2025-09-05 12:00:00,12,9,31.7,39.9,6.4,1.158,8.0,173.7,6.2
2025-09-05 13:00:00,13,9,22.6,71.9,14.1,1.194,4.7,77.0,16.2
2025-09-05 14:00:00,14,9,30.9,9.9,29.3,1.161,6.2,153.2,41.2
2025-09-05 15:00:00,15,9,22.0,97.0,21.1,1.196,0.2,0.0,30.6
2025-09-05 16:00:00,16,9,12.7,56.7,19.1,1.235,0.5,0.0,23.9
2025-09-05 17:00:00,17,9,27.8,78.9,5.7,1.173,0.0,0.0,4.8
2025-09-05 18:00:00,18,9,27.3,8.8,22.4,1.175,0.0,0.0,30.5
2025-09-05 19:00:00,19,9,16.9,69.7,32.6,1.217,0.0,0.0,49.4
2025-09-05 20:00:00,20,9,27.2,52.3,10.4,1.175,0.0,0.0,15.4
2025-09-05 21:00:00,21,9,15.2,33.5,10.3,1.224,0.0,0.0,11.2
2025-09-05 22:00:00,22,9,12.8,51.7,13.1,1.234,0.0,0.0,15.4
2025-09-05 23:00:00,23,9,19.0,20.8,8.4,1.208,0.0,0.0,10.6
2025-09-06 00:00:00,0,9,24.9,11.1,6.7,1.184,0.0,0.0,5.6
2025-09-06 01:00:00,1,9,18.8,15.9,17.4,1.209,0.0,0.0,24.0
2025-09-06 02:00:00,2,9,23.5,59.3,31.2,1.19,0.0,0.0,45.7
2025-09-06 03:00:00,3,9,20.6,76.2,25.0,1.202,0.0,0.0,32.1
2025-09-06 04:00:00,4,9,15.9,90.7,31.2,1.221,0.0,0.0,44.6
2025-09-06 05:00:00,5,9,19.7,49.3,5.2,1.205,0.0,0.0,6.0
2025-09-06 06:00:00,6,9,16.8,1.6,8.3,1.217,0.0,1.5,12.6
2025-09-06 07:00:00,7,9,30.7,19.0,42.6,1.162,0.7,0.0,62.2
2025-09-06 08:00:00,8,9,26.4,48.9,18.1,1.178,0.9,0.0,26.4
2025-09-06 09:00:00,9,9,35.2,86.5,16.4,1.145,0.7,0.0,17.7
2025-09-06 10:00:00,10,9,29.9,10.1,27.3,1.165,6.2,152.8,36.8
2025-09-06 11:00:00,11,9,29.3,59.9,38.1,1.167,5.3,97.1,56.0
2025-09-06 12:00:00,12,9,32.7,91.5,27.9,1.154,5.4,90.8,36.8
2025-09-06 13:00:00,13,9,45.9,3.4,31.7,1.106,8.2,207.6,46.5
2025-09-06 14:00:00,14,9,37.3,32.4,9.1,1.137,5.0,114.5,11.1
2025-09-06 15:00:00,15,9,10.3,88.7,21.7,1.245,0.6,0.0,33.4
2025-09-06 16:00:00,16,9,28.8,2.5,29.3,1.169,3.2,81.7,43.7
2025-09-06 17:00:00,17,9,27.5,86.9,18.0,1.174,0.0,0.0,25.9
2025-09-06 18:00:00,18,9,25.9,75.4,6.0,1.18,0.0,0.0,3.7
2025-09-06 19:00:00,19,9,27.6,21.2,27.9,1.174,0.0,0.0,40.0
2025-09-06 20:00:00,20,9,41.9,10.8,42.3,1.12,0.0,0.0,63.2
2025-09-06 21:00:00,21,9,14.2,79.0,18.3,1.228,0.0,0.0,20.7
2025-09-06 22:00:00,22,9,26.8,51.2,5.1,1.177,0.0,0.0,4.0
2025-09-06 23:00:00,23,9,21.5,85.5,29.7,1.198,0.0,0.0,41.0
2025-09-07 00:00:00,0,9,26.1,20.1,27.6,1.18,0.0,0.0,42.6
2025-09-07 01:00:00,1,9,23.3,99.0,42.0,1.191,0.0,0.0,53.6
2025-09-07 02:00:00,2,9,30.6,69.9,33.3,1.162,0.0,0.0,50.1
2025-09-07 03:00:00,3,9,26.5,11.8,26.1,1.178,0.0,0.0,37.0
2025-09-07 04:00:00,4,9,33.1,37.8,23.4,1.153,0.0,0.0,27.8
2025-09-07 05:00:00,5,9,16.9,29.7,35.3,1.217,0.0,0.0,48.3
2025-09-07 06:00:00,6,9,19.3,73.2,8.8,1.207,0.0,0.0,10.2
2025-09-07 07:00:00,7,9,26.7,3.0,8.0,1.177,1.5,38.6,7.0
2025-09-07 08:00:00,8,9,14.8,3.4,21.8,1.226,3.2,79.3,27.9
2025-09-07 09:00:00,9,9,27.1,69.4,22.3,1.176,1.5,7.0,31.1
2025-09-07 10:00:00,10,9,20.1,91.0,13.2,1.204,2.1,9.1,20.7
2025-09-07 11:00:00,11,9,28.2,21.6,32.5,1.171,7.3,171.8,44.7
2025-09-07 12:00:00,12,9,25.5,47.0,27.7,1.182,7.6,162.7,37.7
2025-09-07 13:00:00,13,9,9.7,36.8,11.7,1.248,6.5,153.5,16.0
2025-09-07 14:00:00,14,9,39.6,4.5,34.5,1.129,6.4,163.4,44.8
2025-09-07 15:00:00,15,9,29.9,83.0,26.8,1.165,0.8,0.0,35.2
2025-09-07 16:00:00,16,9,20.2,11.8,21.9,1.203,2.7,51.2,30.2
2025-09-07 17:00:00,17,9,19.0,2.7,20.7,1.208,1.5,34.7,29.8
2025-09-07 18:00:00,18,9,9.6,27.4,25.8,1.248,0.0,0.0,36.1
2025-09-07 19:00:00,19,9,36.4,37.1,13.7,1.14,0.0,0.0,14.1
2025-09-07 20:00:00,20,9,28.8,93.3,13.7,1.169,0.0,0.0,14.5
2025-09-07 21:00:00,21,9,32.4,96.3,20.6,1.155,0.0,0.0,21.2
2025-09-07 22:00:00,22,9,32.4,83.7,12.3,1.155,0.0,0.0,15.7
2025-09-07 23:00:00,23,9,26.4,5.7,20.4,1.178,0.0,0.0,27.3
2025-09-08 00:00:00,0,9,24.9,10.0,16.0,1.184,0.0,0.0,26.0
2025-09-08 01:00:00,1,9,25.8,55.3,17.5,1.181,0.0,0.0,20.3
2025-09-08 02:00:00,2,9,31.9,20.6,10.9,1.157,0.0,0.0,11.4
2025-09-08 03:00:00,3,9,24.0,46.0,6.3,1.188,0.0,0.0,6.2
2025-09-08 04:00:00,4,9,20.9,98.3,25.5,1.2,0.0,0.0,34.2
2025-09-08 05:00:00,5,9,17.6,68.0,31.0,1.214,0.0,0.0,45.3
2025-09-08 06:00:00,6,9,27.5,36.2,19.7,1.174,0.0,0.0,27.7
2025-09-08 07:00:00,7,9,38.3,45.2,20.3,1.133,0.0,0.0,26.1
2025-09-08 08:00:00,8,9,19.1,27.7,18.2,1.208,1.9,33.8,26.1
2025-09-08 09:00:00,9,9,29.4,31.4,14.4,1.167,3.4,81.2,21.1
2025-09-08 10:00:00,10,9,25.6,98.7,41.5,1.182,1.7,0.0,58.4
2025-09-08 11:00:00,11,9,17.6,83.9,14.0,1.214,4.1,59.9,18.8
2025-09-08 12:00:00,12,9,25.6,75.4,37.0,1.182,6.2,111.6,58.4
2025-09-08 13:00:00,13,9,31.1,10.6,13.6,1.16,7.8,188.1,22.0
2025-09-08 14:00:00,14,9,33.1,35.5,21.4,1.153,4.9,108.0,27.8
2025-09-08 15:00:00,15,9,11.7,44.6,33.1,1.239,2.8,48.5,47.6
2025-09-08 16:00:00,16,9,22.0,76.5,44.4,1.196,0.0,0.0,65.0
2025-09-08 17:00:00,17,9,40.6,8.0,29.6,1.125,1.3,23.6,45.6
2025-09-08 18:00:00,18,9,21.1,21.6,11.5,1.2,0.0,0.0,16.1
2025-09-08 19:00:00,19,9,18.7,14.0,20.9,1.209,0.0,0.0,32.0
2025-09-08 20:00:00,20,9,20.0,48.3,37.4,1.204,0.0,0.0,50.1
2025-09-08 21:00:00,21,9,14.5,18.1,8.8,1.227,0.0,0.0,8.6
2025-09-08 22:00:00,22,9,9.8,48.6,25.3,1.248,0.0,0.0,36.9
2025-09-08 23:00:00,23,9,38.7,26.2,37.6,1.132,0.0,0.0,53.1
2025-09-09 00:00:00,0,9,14.0,65.3,26.1,1.229,0.0,0.0,37.5
2025-09-09 01:00:00,1,9,29.9,63.7,34.8,1.165,0.0,0.0,49.2
2025-09-09 02:00:00,2,9,28.3,95.0,32.9,1.171,0.0,0.0,49.0
2025-09-09 03:00:00,3,9,15.4,24.0,38.5,1.223,0.0,0.0,57.5
2025-09-09 04:00:00,4,9,23.5,20.9,5.9,1.19,0.0,0.0,3.3
2025-09-09 05:00:00,5,9,34.9,84.6,34.3,1.146,0.0,0.0,47.0
2025-09-09 06:00:00,6,9,19.8,82.3,43.1,1.205,0.0,0.0,66.4
2025-09-09 07:00:00,7,9,12.6,81.7,43.3,1.235,0.0,0.0,58.5
2025-09-09 08:00:00,8,9,16.5,74.9,44.3,1.219,0.0,0.0,58.9
2025-09-09 09:00:00,9,9,37.3,6.4,6.0,1.137,4.7,107.4,2.3
2025-09-09 10:00:00,10,9,23.6,31.3,40.9,1.19,5.1,101.3,58.8
2025-09-09 11:00:00,11,9,26.1,72.2,14.3,1.18,4.7,90.0,18.1
2025-09-09 12:00:00,12,9,22.0,12.3,45.0,1.196,9.4,237.3,66.1
2025-09-09 13:00:00,13,9,13.3,6.6,17.7,1.232,8.0,195.0,19.8
2025-09-09 14:00:00,14,9,24.6,94.3,8.7,1.186,2.0,6.2,9.1
2025-09-09 15:00:00,15,9,23.7,84.0,34.1,1.189,0.8,0.0,42.8
2025-09-09 16:00:00,16,9,27.1,34.4,33.7,1.176,1.6,22.4,49.3
2025-09-09 17:00:00,17,9,25.4,38.1,36.4,1.182,0.0,0.0,55.1
2025-09-09 18:00:00,18,9,20.4,6.2,36.2,1.202,0.0,0.0,51.8
2025-09-09 19:00:00,19,9,32.3,95.9,15.7,1.156,0.0,0.0,24.3
2025-09-09 20:00:00,20,9,24.3,29.4,8.2,1.187,0.0,0.0,12.0
2025-09-09 21:00:00,21,9,24.7,56.2,10.4,1.185,0.0,0.0,16.4
2025-09-09 22:00:00,22,9,25.9,66.8,15.7,1.18,0.0,0.0,20.6
2025-09-09 23:00:00,23,9,23.0,78.6,40.0,1.192,0.0,0.0,56.7
2025-09-10 00:00:00,0,9,26.5,57.3,31.6,1.178,0.0,0.0,49.2
2025-09-10 01:00:00,1,9,34.1,75.5,36.1,1.149,0.0,0.0,49.9
2025-09-10 02:00:00,2,9,26.5,84.8,38.8,1.178,0.0,0.0,49.9
2025-09-10 03:00:00,3,9,22.4,52.4,20.4,1.194,0.0,0.0,24.8
2025-09-10 04:00:00,4,9,12.5,13.5,26.0,1.236,0.0,0.0,37.0
2025-09-10 05:00:00,5,9,27.8,93.2,7.3,1.173,0.0,0.0,7.4
2025-09-10 06:00:00,6,9,24.7,39.9,31.7,1.185,0.0,0.0,43.2
2025-09-10 07:00:00,7,9,32.3,45.1,23.9,1.156,0.0,0.0,36.1
2025-09-10 08:00:00,8,9,15.2,82.3,12.1,1.224,0.0,0.0,18.8
2025-09-10 09:00:00,9,9,31.4,85.7,18.7,1.159,0.7,0.0,23.0
2025-09-10 10:00:00,10,9,32.1,63.6,5.3,1.156,3.5,55.6,5.6
2025-09-10 11:00:00,11,9,21.4,19.8,34.1,1.198,7.3,178.3,43.3
2025-09-10 12:00:00,12,9,16.4,14.1,5.0,1.219,9.3,225.2,2.8
2025-09-10 13:00:00,13,9,15.8,7.0,8.5,1.222,8.0,195.8,6.5
2025-09-10 14:00:00,14,9,34.8,26.8,14.9,1.146,5.3,113.7,21.6
2025-09-10 15:00:00,15,9,13.7,46.2,41.2,1.231,2.7,40.2,58.8
2025-09-10 16:00:00,16,9,29.8,51.0,41.8,1.165,0.8,0.0,57.0
2025-09-10 17:00:00,17,9,42.3,30.1,23.7,1.119,0.2,0.0,34.4
2025-09-10 18:00:00,18,9,31.7,9.5,36.2,1.158,0.0,0.0,50.9
2025-09-10 19:00:00,19,9,26.3,63.0,12.4,1.179,0.0,0.0,15.7
2025-09-10 20:00:00,20,9,11.7,93.9,15.2,1.239,0.0,0.0,18.1
2025-09-10 21:00:00,21,9,29.5,84.5,30.9,1.166,0.0,0.0,43.5
2025-09-10 22:00:00,22,9,29.5,27.5,41.0,1.166,0.0,0.0,60.0
2025-09-10 23:00:00,23,9,14.0,54.0,35.5,1.229,0.0,0.0,52.3
2025-09-11 00:00:00,0,9,40.7,46.5,33.1,1.125,0.0,0.0,49.7
2025-09-11 01:00:00,1,9,25.3,37.7,30.2,1.183,0.0,0.0,34.8
2025-09-11 02:00:00,2,9,15.5,45.3,8.1,1.223,0.0,0.0,8.1
2025-09-11 03:00:00,3,9,26.8,66.0,44.1,1.177,0.0,0.0,68.0
2025-09-11 04:00:00,4,9,12.1,63.8,14.0,1.237,0.0,0.0,20.6
2025-09-11 05:00:00,5,9,29.2,81.2,35.0,1.167,0.0,0.0,49.5
2025-09-11 06:00:00,6,9,24.7,84.4,8.7,1.185,0.0,0.0,9.8
2025-09-11 07:00:00,7,9,25.8,16.4,11.2,1.181,0.8,14.9,13.3
2025-09-11 08:00:00,8,9,19.6,27.4,43.1,1.206,2.0,44.5,60.1
2025-09-11 09:00:00,9,9,31.9,30.9,23.0,1.157,3.5,69.7,25.9
2025-09-11 10:00:00,10,9,27.0,82.0,39.3,1.176,2.6,20.9,54.6
2025-09-11 11:00:00,11,9,26.9,37.1,43.4,1.176,6.5,143.9,66.0
2025-09-11 12:00:00,12,9,19.1,72.9,40.3,1.208,6.4,128.5,53.9
2025-09-11 13:00:00,13,9,23.3,45.3,37.8,1.191,6.1,129.5,55.2
2025-09-11 14:00:00,14,9,28.2,96.7,35.3,1.171,1.8,0.0,43.5
2025-09-11 15:00:00,15,9,35.7,24.9,43.1,1.143,3.8,84.6,59.3
2025-09-11 16:00:00,16,9,24.8,48.0,42.9,1.185,0.9,0.0,59.3
2025-09-11 17:00:00,17,9,41.1,81.0,38.8,1.123,0.0,0.0,59.2
2025-09-11 18:00:00,18,9,19.5,29.3,38.9,1.206,0.0,0.0,53.1
2025-09-11 19:00:00,19,9,27.9,19.1,5.5,1.173,0.0,0.0,4.9
2025-09-11 20:00:00,20,9,22.4,53.0,38.0,1.194,0.0,0.0,53.0
2025-09-11 21:00:00,21,9,19.8,94.3,24.7,1.205,0.0,0.0,34.8
2025-09-11 22:00:00,22,9,24.4,21.5,15.2,1.186,0.0,0.0,20.4
2025-09-11 23:00:00,23,9,24.2,46.8,8.0,1.187,0.0,0.0,5.2
2025-09-12 00:00:00,0,9,35.2,22.7,24.7,1.145,0.0,0.0,32.2
2025-09-12 01:00:00,1,9,21.7,31.6,27.2,1.197,0.0,0.0,37.4
2025-09-12 02:00:00,2,9,17.5,76.6,43.4,1.214,0.0,0.0,65.2
2025-09-12 03:00:00,3,9,26.2,19.1,14.1,1.179,0.0,0.0,20.4
2025-09-12 04:00:00,4,9,39.1,3.4,42.0,1.13,0.0,0.0,58.8
2025-09-12 05:00:00,5,9,30.4,11.2,43.5,1.163,0.0,0.0,67.8
2025-09-12 06:00:00,6,9,26.7,76.4,12.8,1.177,0.0,0.0,15.4
2025-09-12 07:00:00,7,9,31.6,83.9,33.8,1.158,0.0,0.0,44.2
2025-09-12 08:00:00,8,9,31.0,91.6,18.6,1.161,0.0,0.0,24.1
2025-09-12 09:00:00,9,9,20.3,73.7,34.4,1.203,1.3,0.0,44.7
2025-09-12 10:00:00,10,9,24.4,44.2,41.2,1.186,4.5,90.1,55.9
2025-09-12 11:00:00,11,9,28.5,6.2,16.8,1.17,8.0,196.0,18.5
2025-09-12 12:00:00,12,9,22.2,96.0,29.8,1.195,5.2,79.0,44.3
2025-09-12 13:00:00,13,9,27.8,97.6,42.9,1.173,3.5,35.1,58.7
2025-09-12 14:00:00,14,9,34.3,48.7,11.5,1.148,4.2,84.3,15.6
2025-09-12 15:00:00,15,9,24.3,79.3,40.9,1.187,1.0,0.0,58.6
2025-09-12 16:00:00,16,9,15.0,82.9,10.4,1.225,0.0,0.0,15.6
2025-09-12 17:00:00,17,9,22.0,58.8,40.2,1.196,0.0,0.0,56.2
2025-09-12 18:00:00,18,9,13.4,100.0,6.4,1.232,0.0,0.0,6.6
2025-09-12 19:00:00,19,9,28.6,98.9,17.6,1.17,0.0,0.0,24.6
2025-09-12 20:00:00,20,9,11.3,58.0,23.2,1.241,0.0,0.0,31.0
2025-09-12 21:00:00,21,9,24.3,50.2,7.4,1.187,0.0,0.0,3.1
2025-09-12 22:00:00,22,9,17.1,29.1,11.3,1.216,0.0,0.0,12.6
2025-09-12 23:00:00,23,9,33.8,15.4,15.4,1.15,0.0,0.0,21.9
2025-09-13 00:00:00,0,9,31.3,6.9,37.8,1.159,0.0,0.0,48.3
2025-09-13 01:00:00,1,9,35.5,32.9,28.6,1.144,0.0,0.0,47.0
2025-09-13 02:00:00,2,9,8.4,90.8,9.4,1.254,0.0,0.0,9.7
2025-09-13 03:00:00,3,9,31.1,38.8,10.7,1.16,0.0,0.0,12.9
2025-09-13 04:00:00,4,9,34.1,65.7,24.1,1.149,0.0,0.0,32.8
2025-09-13 05:00:00,5,9,32.7,10.9,29.8,1.154,0.0,0.0,41.0
2025-09-13 06:00:00,6,9,40.2,69.2,21.8,1.126,0.0,0.0,25.1
2025-09-13 07:00:00,7,9,28.8,41.4,20.7,1.169,0.0,0.0,26.0
2025-09-13 08:00:00,8,9,31.5,94.7,30.3,1.159,0.0,0.0,39.7
2025-09-13 09:00:00,9,9,6.3,87.4,39.7,1.263,0.6,0.0,54.0
2025-09-13 10:00:00,10,9,30.9,13.9,24.6,1.161,6.0,141.4,32.4
2025-09-13 11:00:00,11,9,28.0,28.8,32.1,1.172,6.9,169.6,46.1
2025-09-13 12:00:00,12,9,9.7,51.9,8.1,1.248,7.4,156.2,7.8
2025-09-13 13:00:00,13,9,21.8,88.7,40.6,1.197,3.9,50.3,56.9
2025-09-13 14:00:00,14,9,16.2,22.5,21.9,1.22,5.5,121.1,30.1
2025-09-13 15:00:00,15,9,28.3,53.0,14.3,1.171,2.4,31.6,21.7
2025-09-13 16:00:00,16,9,16.9,35.0,32.4,1.217,1.6,21.7,49.7
2025-09-13 17:00:00,17,9,18.3,99.1,6.9,1.211,0.0,0.0,3.1
2025-09-13 18:00:00,18,9,16.5,29.3,38.0,1.219,0.0,0.0,49.3
2025-09-13 19:00:00,19,9,28.7,12.3,33.9,1.169,0.0,0.0,45.0
2025-09-13 20:00:00,20,9,32.9,35.5,16.2,1.153,0.0,0.0,23.7
2025-09-13 21:00:00,21,9,24.5,90.8,17.5,1.186,0.0,0.0,25.0
2025-09-13 22:00:00,22,9,36.7,61.5,31.3,1.139,0.0,0.0,41.0
2025-09-13 23:00:00,23,9,19.6,66.4,19.0,1.206,0.0,0.0,22.0
2025-09-14 00:00:00,0,9,14.6,64.5,37.1,1.227,0.0,0.0,50.1
2025-09-14 01:00:00,1,9,26.0,58.4,11.4,1.18,0.0,0.0,11.9
2025-09-14 02:00:00,2,9,36.5,95.1,24.6,1.14,0.0,0.0,34.6
2025-09-14 03:00:00,3,9,19.6,5.5,29.1,1.206,0.0,4.0,41.5
2025-09-14 04:00:00,4,9,21.3,89.1,18.5,1.199,0.0,0.0,17.8
2025-09-14 05:00:00,5,9,21.9,54.9,38.6,1.196,0.0,0.0,59.2
2025-09-14 06:00:00,6,9,26.6,88.6,7.6,1.178,0.0,0.0,6.5
2025-09-14 07:00:00,7,9,12.9,4.6,36.8,1.234,1.4,28.5,50.3
2025-09-14 08:00:00,8,9,28.4,45.3,27.4,1.171,1.1,6.2,40.8
2025-09-14 09:00:00,9,9,24.8,19.4,39.0,1.185,4.0,87.8,57.2
2025-09-14 10:00:00,10,9,32.7,22.8,16.9,1.154,5.5,129.6,25.4
2025-09-14 11:00:00,11,9,16.5,86.2,34.7,1.219,4.0,53.1,53.5
2025-09-14 12:00:00,12,9,26.0,41.1,30.3,1.18,7.9,179.6,46.4
2025-09-14 13:00:00,13,9,21.2,50.8,7.4,1.199,5.8,121.4,9.0
2025-09-14 14:00:00,14,9,17.3,82.4,39.2,1.215,2.5,21.0,51.8
2025-09-14 15:00:00,15,9,17.0,18.8,14.3,1.217,4.1,93.0,21.9
2025-09-14 16:00:00,16,9,25.9,95.0,29.5,1.18,0.0,0.0,38.0
2025-09-14 17:00:00,17,9,18.0,63.1,40.8,1.212,0.0,0.0,58.1
2025-09-14 18:00:00,18,9,33.8,76.2,6.9,1.15,0.0,0.0,9.7
2025-09-14 19:00:00,19,9,20.5,68.3,34.2,1.202,0.0,0.0,46.5
2025-09-14 20:00:00,20,9,19.2,12.6,9.9,1.207,0.0,0.0,12.3
2025-09-14 21:00:00,21,9,31.5,5.1,8.6,1.159,0.0,2.0,7.7
2025-09-14 22:00:00,22,9,11.4,29.5,11.0,1.241,0.0,0.0,14.2
2025-09-14 23:00:00,23,9,30.9,91.6,23.9,1.161,0.0,0.0,28.5
2025-09-15 00:00:00,0,9,28.6,12.6,20.3,1.17,0.0,0.0,27.6
2025-09-15 01:00:00,1,9,20.5,49.2,24.5,1.202,0.0,0.0,37.9
2025-09-15 02:00:00,2,9,20.8,88.7,32.5,1.201,0.0,0.0,47.3
2025-09-15 03:00:00,3,9,23.4,78.6,6.2,1.19,0.0,0.0,9.4
2025-09-15 04:00:00,4,9,5.1,97.9,19.8,1.269,0.0,0.0,28.6
2025-09-15 05:00:00,5,9,31.0,61.1,10.4,1.161,0.0,0.0,8.1
2025-09-15 06:00:00,6,9,32.2,39.9,27.3,1.156,0.0,0.0,39.5
2025-09-15 07:00:00,7,9,21.6,97.1,30.3,1.198,0.0,0.0,39.6
2025-09-15 08:00:00,8,9,29.7,66.7,24.0,1.166,0.0,0.0,32.6
2025-09-15 09:00:00,9,9,37.4,98.2,18.9,1.137,0.1,0.0,26.2
2025-09-15 10:00:00,10,9,31.8,92.2,40.8,1.158,2.1,8.2,59.5
2025-09-15 11:00:00,11,9,24.7,31.6,9.8,1.185,6.8,153.1,14.0
2025-09-15 12:00:00,12,9,23.2,89.0,25.2,1.191,5.6,104.9,37.0
2025-09-15 13:00:00,13,9,20.8,12.2,34.3,1.201,7.7,191.0,44.5
2025-09-15 14:00:00,14,9,26.7,90.7,41.2,1.177,2.1,6.5,54.4
2025-09-15 15:00:00,15,9,42.2,93.4,15.0,1.119,0.3,0.0,25.6
2025-09-15 16:00:00,16,9,23.8,56.3,39.8,1.189,0.5,0.0,58.6
2025-09-15 17:00:00,17,9,32.6,60.5,23.1,1.154,0.0,0.0,32.1
2025-09-15 18:00:00,18,9,12.2,2.0,39.0,1.237,0.0,0.0,47.4
2025-09-15 19:00:00,19,9,19.9,1.1,29.2,1.205,0.0,0.0,42.6
2025-09-15 20:00:00,20,9,28.9,69.4,32.1,1.169,0.0,0.0,47.3
2025-09-15 21:00:00,21,9,29.2,69.1,15.8,1.167,0.0,0.0,24.2
2025-09-15 22:00:00,22,9,19.8,81.5,6.7,1.205,0.0,0.0,11.2
2025-09-15 23:00:00,23,9,22.0,39.6,33.4,1.196,0.0,0.0,52.1
2025-09-16 00:00:00,0,9,30.4,75.1,35.9,1.163,0.0,0.0,51.5
2025-09-16 01:00:00,1,9,31.6,79.4,33.4,1.158,0.0,0.0,46.7
2025-09-16 02:00:00,2,9,22.4,80.7,39.3,1.194,0.0,0.0,62.0
2025-09-16 03:00:00,3,9,28.0,40.7,42.3,1.172,0.0,0.0,62.0
2025-09-16 04:00:00,4,9,27.4,16.4,42.4,1.174,0.0,0.0,59.1
2025-09-16 05:00:00,5,9,33.4,65.5,22.1,1.151,0.0,0.0,29.5
2025-09-16 06:00:00,6,9,31.4,31.3,30.3,1.159,0.0,0.0,43.7
2025-09-16 07:00:00,7,9,32.9,1.5,43.5,1.153,1.6,41.9,65.9
2025-09-16 08:00:00,8,9,24.9,94.9,5.7,1.184,0.0,0.0,5.2
2025-09-16 09:00:00,9,9,28.1,1.7,32.8,1.172,4.9,130.5,41.1
2025-09-16 10:00:00,10,9,16.1,17.6,23.1,1.22,5.8,139.4,35.7
2025-09-16 11:00:00,11,9,15.9,14.2,35.8,1.221,7.6,184.9,50.4
2025-09-16 12:00:00,12,9,36.9,5.9,15.7,1.138,9.7,241.7,20.7
2025-09-16 13:00:00,13,9,14.3,54.5,29.6,1.228,5.6,116.4,38.4
2025-09-16 14:00:00,14,9,28.5,92.2,22.5,1.17,2.1,0.0,31.8
2025-09-16 15:00:00,15,9,36.5,55.4,18.0,1.14,2.2,33.3,20.0
2025-09-16 16:00:00,16,9,20.3,27.5,40.9,1.203,2.0,32.1,60.7
2025-09-16 17:00:00,17,9,15.1,87.4,14.7,1.225,0.0,0.0,16.3
2025-09-16 18:00:00,18,9,30.5,23.4,26.8,1.162,0.0,0.0,39.1
2025-09-16 19:00:00,19,9,19.2,23.8,6.0,1.207,0.0,0.0,4.5
2025-09-16 20:00:00,20,9,24.9,61.1,33.2,1.184,0.0,0.0,48.7
2025-09-16 21:00:00,21,9,9.4,85.3,30.8,1.249,0.0,0.0,40.5
2025-09-16 22:00:00,22,9,12.1,32.5,35.7,1.237,0.0,0.0,55.0
2025-09-16 23:00:00,23,9,30.9,64.1,34.7,1.161,0.0,0.0,48.8
2025-09-17 00:00:00,0,9,24.7,9.5,8.4,1.185,0.0,0.4,7.9
2025-09-17 01:00:00,1,9,32.8,81.8,8.5,1.154,0.0,0.0,9.2
2025-09-17 02:00:00,2,9,22.4,94.1,10.5,1.194,0.0,0.0,15.2
2025-09-17 03:00:00,3,9,17.7,38.3,12.3,1.214,0.0,0.0,14.1
2025-09-17 04:00:00,4,9,39.6,36.7,28.9,1.129,0.0,0.0,37.0
2025-09-17 05:00:00,5,9,28.9,90.8,28.6,1.169,0.0,0.0,39.5
2025-09-17 06:00:00,6,9,28.1,30.7,34.0,1.172,0.0,0.0,50.2
2025-09-17 07:00:00,7,9,25.1,90.9,38.6,1.184,0.0,0.0,48.5
2025-09-17 08:00:00,8,9,32.2,42.3,33.1,1.156,1.2,8.7,50.4
2025-09-17 09:00:00,9,9,22.5,80.2,5.4,1.194,1.0,0.0,7.0
2025-09-17 10:00:00,10,9,26.3,23.9,14.1,1.179,5.5,123.1,16.8
2025-09-17 11:00:00,11,9,22.4,68.9,7.8,1.194,4.9,98.5,10.3
2025-09-17 12:00:00,12,9,34.8,1.5,41.4,1.146,9.9,245.0,55.7
2025-09-17 13:00:00,13,9,36.0,75.3,13.4,1.142,4.6,66.2,18.4
2025-09-17 14:00:00,14,9,23.6,25.5,23.5,1.19,5.4,118.9,33.1
2025-09-17 15:00:00,15,9,20.6,40.8,29.3,1.202,3.0,57.5,37.9
2025-09-17 16:00:00,16,9,24.3,66.1,20.3,1.187,0.0,0.0,29.0
2025-09-17 17:00:00,17,9,34.8,51.0,14.9,1.146,0.0,0.0,19.4
2025-09-17 18:00:00,18,9,25.1,77.3,5.2,1.184,0.0,0.0,7.6
2025-09-17 19:00:00,19,9,26.3,5.3,28.3,1.179,0.0,0.0,41.6
2025-09-17 20:00:00,20,9,31.4,68.9,18.5,1.159,0.0,0.0,17.9
2025-09-17 21:00:00,21,9,36.6,55.1,12.5,1.14,0.0,0.0,13.8
2025-09-17 22:00:00,22,9,16.7,13.2,9.4,1.218,0.0,0.0,12.2
2025-09-17 23:00:00,23,9,29.8,72.1,25.2,1.165,0.0,0.0,37.1
2025-09-18 00:00:00,0,9,25.5,60.3,15.7,1.182,0.0,0.0,23.1
2025-09-18 01:00:00,1,9,19.4,90.1,7.4,1.207,0.0,0.0,6.1
2025-09-18 02:00:00,2,9,15.1,38.3,12.6,1.225,0.0,0.0,19.9
2025-09-18 03:00:00,3,9,19.2,98.6,44.8,1.207,0.0,0.0,62.6
2025-09-18 04:00:00,4,9,21.1,98.9,19.7,1.2,0.0,0.0,24.9
2025-09-18 05:00:00,5,9,14.5,7.1,15.2,1.227,0.0,0.0,23.7
2025-09-18 06:00:00,6,9,26.4,28.4,8.1,1.178,0.0,0.0,15.2
2025-09-18 07:00:00,7,9,26.1,7.9,36.1,1.18,1.3,21.2,57.5
2025-09-18 08:00:00,8,9,32.2,71.5,30.6,1.156,0.0,0.0,40.7
2025-09-18 09:00:00,9,9,28.0,91.9,36.0,1.172,0.4,0.0,48.9
2025-09-18 10:00:00,10,9,28.2,30.0,20.5,1.171,5.2,118.5,29.2
2025-09-18 11:00:00,11,9,27.5,29.2,10.0,1.174,6.9,158.9,13.3
2025-09-18 12:00:00,12,9,31.9,39.0,31.9,1.157,8.0,185.5,44.6
2025-09-18 13:00:00,13,9,22.8,55.9,24.2,1.193,5.5,98.9,32.7
2025-09-18 14:00:00,14,9,29.2,89.6,7.1,1.167,2.2,2.3,11.3
2025-09-18 15:00:00,15,9,37.6,14.5,38.3,1.136,4.3,102.1,54.5
2025-09-18 16:00:00,16,9,18.5,62.9,19.2,1.21,0.2,0.0,30.1
2025-09-18 17:00:00,17,9,29.7,85.8,25.7,1.166,0.0,0.0,36.7
2025-09-18 18:00:00,18,9,21.8,22.9,10.4,1.197,0.0,0.0,8.7
2025-09-18 19:00:00,19,9,24.6,96.0,5.3,1.186,0.0,0.0,5.4
2025-09-18 20:00:00,20,9,25.5,60.3,40.9,1.182,0.0,0.0,59.4
2025-09-18 21:00:00,21,9,17.7,2.5,25.7,1.214,0.0,0.0,40.3
2025-09-18 22:00:00,22,9,24.2,48.0,9.6,1.187,0.0,0.0,12.7
2025-09-18 23:00:00,23,9,35.8,45.5,22.6,1.143,0.0,0.0,30.7
2025-09-19 00:00:00,0,9,14.0,66.0,41.7,1.229,0.0,0.0,61.8
2025-09-19 01:00:00,1,9,20.9,95.4,10.2,1.2,0.0,0.0,12.4
2025-09-19 02:00:00,2,9,31.1,93.1,41.0,1.16,0.0,0.0,55.5
2025-09-19 03:00:00,3,9,34.3,24.0,27.8,1.148,0.0,0.0,37.3
2025-09-19 04:00:00,4,9,5.1,26.0,24.3,1.269,0.0,0.0,31.1
2025-09-19 05:00:00,5,9,27.4,87.5,13.3,1.174,0.0,0.0,23.7
2025-09-19 06:00:00,6,9,23.0,68.2,7.4,1.192,0.0,0.0,13.2
2025-09-19 07:00:00,7,9,20.0,66.2,18.7,1.204,0.0,0.0,27.5
2025-09-19 08:00:00,8,9,31.5,20.7,32.7,1.159,2.3,48.8,47.6
2025-09-19 09:00:00,9,9,13.7,6.4,31.5,1.231,4.7,113.1,41.8
2025-09-19 10:00:00,10,9,23.0,28.2,11.9,1.192,5.3,106.3,14.3
2025-09-19 11:00:00,11,9,14.2,78.9,26.9,1.228,4.4,71.5,41.7
2025-09-19 12:00:00,12,9,29.9,78.7,41.0,1.165,6.1,112.3,61.4
2025-09-19 13:00:00,13,9,31.0,48.7,24.9,1.161,5.9,128.3,30.9
2025-09-19 14:00:00,14,9,12.5,24.0,8.2,1.236,5.5,121.3,12.5
2025-09-19 15:00:00,15,9,23.7,69.7,23.4,1.189,1.5,5.0,33.4
2025-09-19 16:00:00,16,9,17.0,69.4,14.4,1.217,0.0,0.0,20.2
2025-09-19 17:00:00,17,9,22.3,47.1,35.7,1.195,0.0,0.0,52.5
2025-09-19 18:00:00,18,9,16.5,59.2,34.2,1.219,0.0,0.0,46.3
2025-09-19 19:00:00,19,9,34.5,23.2,27.2,1.147,0.0,0.0,31.9
2025-09-19 20:00:00,20,9,28.0,40.9,10.3,1.172,0.0,0.0,14.2
2025-09-19 21:00:00,21,9,23.1,50.3,9.0,1.192,0.0,0.0,9.5
2025-09-19 22:00:00,22,9,33.2,13.3,22.5,1.152,0.0,0.0,28.3
2025-09-19 23:00:00,23,9,25.1,20.5,9.8,1.184,0.0,0.0,8.8
2025-09-20 00:00:00,0,9,15.1,19.3,15.5,1.225,0.0,0.0,20.0
2025-09-20 01:00:00,1,9,27.9,1.6,16.1,1.173,0.0,4.3,17.1
2025-09-20 02:00:00,2,9,29.5,60.7,31.8,1.166,0.0,0.0,44.1
2025-09-20 03:00:00,3,9,13.6,43.1,20.4,1.231,0.0,0.0,28.7
2025-09-20 04:00:00,4,9,19.4,91.3,16.9,1.207,0.0,0.0,22.3
2025-09-20 05:00:00,5,9,22.2,50.4,23.1,1.195,0.0,0.0,32.1
2025-09-20 06:00:00,6,9,1.7,53.2,15.8,1.284,0.0,0.0,25.7
2025-09-20 07:00:00,7,9,31.7,64.7,15.2,1.158,0.0,0.0,17.8
2025-09-20 08:00:00,8,9,29.0,44.7,22.6,1.168,1.1,0.3,29.4
2025-09-20 09:00:00,9,9,17.4,80.8,22.1,1.215,1.0,0.0,27.3
2025-09-20 10:00:00,10,9,4.5,48.7,20.4,1.271,4.2,83.6,23.8
2025-09-20 11:00:00,11,9,37.1,2.9,15.1,1.138,8.2,203.5,20.7
2025-09-20 12:00:00,12,9,39.8,31.9,40.4,1.128,8.4,189.4,57.5
2025-09-20 13:00:00,13,9,32.0,5.9,14.8,1.157,8.0,200.4,18.0
2025-09-20 14:00:00,14,9,23.6,99.0,33.0,1.19,1.7,0.0,44.9
2025-09-20 15:00:00,15,9,9.8,29.3,22.3,1.248,3.5,69.4,31.0
2025-09-20 16:00:00,16,9,28.6,43.4,36.3,1.17,1.2,3.7,49.4
2025-09-20 17:00:00,17,9,19.1,35.6,19.6,1.208,0.0,0.0,24.4
2025-09-20 18:00:00,18,9,33.1,70.3,14.6,1.153,0.0,0.0,19.4
2025-09-20 19:00:00,19,9,36.0,4.3,25.3,1.142,0.0,0.0,37.9
2025-09-20 20:00:00,20,9,27.5,0.7,6.4,1.174,0.0,0.0,0.7
2025-09-20 21:00:00,21,9,27.9,35.6,26.4,1.173,0.0,0.0,38.0
2025-09-20 22:00:00,22,9,23.8,9.9,40.7,1.189,0.0,0.0,59.0
2025-09-20 23:00:00,23,9,18.4,44.9,16.8,1.211,0.0,0.0,20.7
2025-09-21 00:00:00,0,9,26.2,80.8,42.6,1.179,0.0,0.0,57.3
2025-09-21 01:00:00,1,9,11.0,21.4,12.8,1.242,0.0,0.0,17.9
2025-09-21 02:00:00,2,9,9.5,24.5,20.5,1.249,0.0,0.0,29.2
2025-09-21 03:00:00,3,9,29.8,33.3,17.5,1.165,0.0,0.0,21.7
2025-09-21 04:00:00,4,9,28.1,6.4,23.4,1.172,0.0,0.0,34.8
2025-09-21 05:00:00,5,9,36.1,4.4,40.3,1.141,0.0,0.0,54.3
2025-09-21 06:00:00,6,9,28.9,1.6,29.2,1.169,0.0,0.0,39.0
2025-09-21 07:00:00,7,9,28.9,94.6,39.1,1.169,0.0,0.0,61.9
2025-09-21 08:00:00,8,9,22.4,15.9,31.2,1.194,2.5,66.3,43.9
2025-09-21 09:00:00,9,9,23.5,20.1,19.0,1.19,4.0,88.6,22.0
2025-09-21 10:00:00,10,9,25.2,94.9,24.7,1.183,1.9,0.1,32.7
2025-09-21 11:00:00,11,9,26.4,5.1,11.9,1.178,8.1,200.6,18.2
2025-09-21 12:00:00,12,9,12.9,54.7,25.3,1.234,7.3,164.0,32.1
2025-09-21 13:00:00,13,9,15.1,73.9,27.3,1.225,4.6,73.1,39.8
2025-09-21 14:00:00,14,9,42.6,79.8,43.8,1.118,2.7,26.0,66.5
2025-09-21 15:00:00,15,9,32.1,74.7,21.3,1.156,1.3,0.0,29.2
2025-09-21 16:00:00,16,9,33.0,47.9,8.8,1.153,0.9,1.9,8.1
2025-09-21 17:00:00,17,9,34.9,58.4,25.6,1.146,0.0,0.0,29.7
2025-09-21 18:00:00,18,9,-0.4,78.1,38.8,1.294,0.0,0.0,56.3
2025-09-21 19:00:00,19,9,34.2,8.6,32.6,1.148,0.0,2.3,45.5
2025-09-21 20:00:00,20,9,29.8,71.5,9.7,1.165,0.0,0.0,10.9
2025-09-21 21:00:00,21,9,41.8,67.1,7.2,1.121,0.0,0.0,7.4
2025-09-21 22:00:00,22,9,25.5,16.6,5.4,1.182,0.0,0.0,4.9
2025-09-21 23:00:00,23,9,31.5,99.6,12.4,1.159,0.0,0.0,16.1
2025-09-22 00:00:00,0,9,41.7,59.3,44.6,1.121,0.0,0.0,64.5
2025-09-22 01:00:00,1,9,42.2,94.5,38.0,1.119,0.0,0.0,55.1
2025-09-22 02:00:00,2,9,32.3,20.4,38.9,1.156,0.0,0.0,54.2
2025-09-22 03:00:00,3,9,45.1,59.7,34.7,1.109,0.0,0.0,53.5
2025-09-22 04:00:00,4,9,33.5,9.7,23.4,1.151,0.0,0.0,31.4
2025-09-22 05:00:00,5,9,31.2,4.3,23.2,1.16,0.0,0.0,34.5
2025-09-22 06:00:00,6,9,38.8,31.3,42.5,1.132,0.0,0.0,60.0
2025-09-22 07:00:00,7,9,24.7,27.7,15.5,1.185,0.3,0.4,23.9
2025-09-22 08:00:00,8,9,31.9,62.1,13.0,1.157,0.2,0.0,17.0
2025-09-22 09:00:00,9,9,29.7,57.9,21.3,1.166,2.1,22.4,31.7
2025-09-22 10:00:00,10,9,16.7,98.1,8.7,1.218,1.8,0.0,10.0
2025-09-22 11:00:00,11,9,32.2,92.6,30.6,1.156,3.7,50.1,39.4
2025-09-22 12:00:00,12,9,28.5,88.6,28.4,1.17,5.6,97.1,42.6
2025-09-22 13:00:00,13,9,14.3,48.7,9.9,1.228,5.9,128.1,16.6
2025-09-22 14:00:00,14,9,27.8,57.1,19.5,1.173,3.8,60.0,27.3
2025-09-22 15:00:00,15,9,35.9,11.1,8.9,1.142,4.4,108.4,16.4
2025-09-22 16:00:00,16,9,28.9,49.0,41.0,1.169,0.9,0.0,65.7
2025-09-22 17:00:00,17,9,28.7,71.6,13.1,1.169,0.0,0.0,13.8
2025-09-22 18:00:00,18,9,23.4,29.7,30.3,1.19,0.0,0.0,41.0
2025-09-22 19:00:00,19,9,38.9,39.4,38.7,1.131,0.0,0.0,59.4
2025-09-22 20:00:00,20,9,30.1,18.0,12.2,1.164,0.0,0.0,18.5
2025-09-22 21:00:00,21,9,22.6,30.7,27.4,1.194,0.0,0.0,41.3
2025-09-22 22:00:00,22,9,18.9,7.3,23.5,1.209,0.0,0.0,33.4
2025-09-22 23:00:00,23,9,16.9,19.3,19.4,1.217,0.0,0.0,25.1
2025-09-23 00:00:00,0,9,42.4,84.4,8.1,1.119,0.0,0.0,4.8
2025-09-23 01:00:00,1,9,23.0,62.5,44.5,1.192,0.0,0.0,66.3
2025-09-23 02:00:00,2,9,24.6,49.2,32.8,1.186,0.0,0.0,46.6
2025-09-23 03:00:00,3,9,29.9,55.9,34.9,1.165,0.0,0.0,46.4
2025-09-23 04:00:00,4,9,22.2,64.0,34.5,1.195,0.0,0.0,47.0
2025-09-23 05:00:00,5,9,15.5,62.0,27.1,1.223,0.0,0.0,32.0
2025-09-23 06:00:00,6,9,21.6,49.2,38.7,1.198,0.0,0.0,53.1
2025-09-23 07:00:00,7,9,33.7,34.3,29.2,1.15,0.0,0.0,46.1
2025-09-23 08:00:00,8,9,32.9,76.8,30.1,1.153,0.0,0.0,42.4
2025-09-23 09:00:00,9,9,26.0,65.7,30.7,1.18,1.7,11.6,41.9
2025-09-23 10:00:00,10,9,21.6,5.5,44.2,1.198,6.4,155.2,63.7
2025-09-23 11:00:00,11,9,25.4,96.2,11.4,1.182,3.5,35.0,13.6
2025-09-23 12:00:00,12,9,26.9,31.9,24.0,1.176,8.4,193.4,30.2
2025-09-23 13:00:00,13,9,18.9,42.0,16.9,1.209,6.2,138.1,27.4
2025-09-23 14:00:00,14,9,24.1,83.4,28.7,1.188,2.5,19.3,41.3
2025-09-23 15:00:00,15,9,35.7,63.8,8.5,1.143,1.8,5.6,7.9
2025-09-23 16:00:00,16,9,26.8,39.8,13.5,1.177,1.3,6.8,19.7
2025-09-23 17:00:00,17,9,18.2,83.8,35.4,1.212,0.0,0.0,47.0
2025-09-23 18:00:00,18,9,33.1,40.2,6.6,1.153,0.0,0.0,8.7
2025-09-23 19:00:00,19,9,27.4,8.4,26.4,1.174,0.0,0.0,36.2
2025-09-23 20:00:00,20,9,27.1,59.1,27.0,1.176,0.0,0.0,38.1
2025-09-23 21:00:00,21,9,17.2,72.6,40.0,1.216,0.0,0.0,58.7
2025-09-23 22:00:00,22,9,31.3,34.9,39.0,1.159,0.0,0.0,53.9
2025-09-23 23:00:00,23,9,31.5,66.5,32.2,1.159,0.0,0.0,46.9
2025-09-24 00:00:00,0,9,29.1,22.5,43.5,1.168,0.0,0.0,57.7
2025-09-24 01:00:00,1,9,24.5,47.6,12.5,1.186,0.0,0.0,16.9
2025-09-24 02:00:00,2,9,28.0,70.0,30.9,1.172,0.0,0.0,41.1
2025-09-24 03:00:00,3,9,30.2,91.5,28.2,1.164,0.0,0.0,38.5
2025-09-24 04:00:00,4,9,17.5,48.6,41.0,1.214,0.0,0.0,61.0
2025-09-24 05:00:00,5,9,14.7,90.4,13.4,1.226,0.0,0.0,20.2
2025-09-24 06:00:00,6,9,35.3,56.6,21.9,1.144,0.0,0.0,34.1
2025-09-24 07:00:00,7,9,28.4,75.5,35.2,1.171,0.0,0.0,49.7
2025-09-24 08:00:00,8,9,35.5,76.3,22.4,1.144,0.0,0.0,24.2
2025-09-24 09:00:00,9,9,21.3,82.9,7.5,1.199,0.9,0.0,6.6
2025-09-24 10:00:00,10,9,39.4,17.5,15.6,1.129,5.8,136.5,20.5
2025-09-24 11:00:00,11,9,18.9,43.6,43.0,1.209,6.2,131.9,59.2
2025-09-24 12:00:00,12,9,11.2,25.0,16.8,1.241,8.8,202.9,19.0
2025-09-24 13:00:00,13,9,17.3,39.0,21.3,1.215,6.4,148.6,32.5
2025-09-24 14:00:00,14,9,35.0,4.9,11.3,1.146,6.4,150.1,12.3
2025-09-24 15:00:00,15,9,33.3,41.9,39.2,1.152,2.9,48.9,54.9
2025-09-24 16:00:00,16,9,11.4,15.2,23.4,1.241,2.6,51.5,33.5
2025-09-24 17:00:00,17,9,20.0,44.5,43.6,1.204,0.0,0.0,61.6
2025-09-24 18:00:00,18,9,31.2,69.8,21.4,1.16,0.0,0.0,26.0
2025-09-24 19:00:00,19,9,29.1,56.8,30.2,1.168,0.0,0.0,39.0
2025-09-24 20:00:00,20,9,26.5,63.2,17.6,1.178,0.0,0.0,21.5
2025-09-24 21:00:00,21,9,15.2,83.3,41.9,1.224,0.0,0.0,57.1
2025-09-24 22:00:00,22,9,14.3,46.0,6.8,1.228,0.0,0.0,3.9
2025-09-24 23:00:00,23,9,36.3,41.7,28.2,1.141,0.0,0.0,36.3
2025-09-25 00:00:00,0,9,15.5,71.0,22.8,1.223,0.0,0.0,29.0
2025-09-25 01:00:00,1,9,17.4,34.8,32.1,1.215,0.0,0.0,42.8
2025-09-25 02:00:00,2,9,34.1,41.8,14.8,1.149,0.0,0.0,20.8
2025-09-25 03:00:00,3,9,29.0,60.7,15.0,1.168,0.0,0.0,22.4
2025-09-25 04:00:00,4,9,21.2,65.7,17.0,1.199,0.0,0.0,18.2
2025-09-25 05:00:00,5,9,18.9,77.8,42.9,1.209,0.0,0.0,59.5
2025-09-25 06:00:00,6,9,26.1,9.9,8.2,1.18,0.0,0.0,6.1
2025-09-25 07:00:00,7,9,31.1,62.1,33.1,1.16,0.0,0.0,48.7
2025-09-25 08:00:00,8,9,24.3,1.5,34.4,1.187,3.3,85.0,49.4
2025-09-25 09:00:00,9,9,17.5,82.9,9.0,1.214,0.9,0.0,6.6
2025-09-25 10:00:00,10,9,29.4,42.0,11.0,1.167,4.6,102.8,14.4
2025-09-25 11:00:00,11,9,34.0,1.4,28.4,1.149,8.3,200.1,39.7
2025-09-25 12:00:00,12,9,28.1,76.1,39.7,1.172,6.2,121.1,51.8
2025-09-25 13:00:00,13,9,18.3,7.4,18.9,1.211,8.0,190.5,24.6
2025-09-25 14:00:00,14,9,32.2,85.2,20.3,1.156,2.4,22.5,33.2
2025-09-25 15:00:00,15,9,19.7,51.4,13.6,1.205,2.4,39.9,15.8
2025-09-25 16:00:00,16,9,21.2,63.3,37.4,1.199,0.2,0.0,51.1
2025-09-25 17:00:00,17,9,13.7,7.1,26.8,1.231,1.3,27.9,39.0
2025-09-25 18:00:00,18,9,21.8,36.3,9.6,1.197,0.0,0.0,10.4
2025-09-25 19:00:00,19,9,8.6,70.6,19.3,1.253,0.0,0.0,25.5
2025-09-25 20:00:00,20,9,26.4,55.9,37.6,1.178,0.0,0.0,53.5
2025-09-25 21:00:00,21,9,26.3,6.7,43.2,1.179,0.0,0.0,55.9
2025-09-25 22:00:00,22,9,11.6,66.1,40.7,1.24,0.0,0.0,55.9
2025-09-25 23:00:00,23,9,18.8,89.4,9.9,1.209,0.0,0.0,12.8
2025-09-26 00:00:00,0,9,30.9,29.5,31.9,1.161,0.0,0.0,44.6
2025-09-26 01:00:00,1,9,22.6,7.5,7.7,1.194,0.0,0.0,9.2
2025-09-26 02:00:00,2,9,29.5,78.8,45.0,1.166,0.0,0.0,64.6
2025-09-26 03:00:00,3,9,18.4,69.5,34.8,1.211,0.0,0.0,53.6
2025-09-26 04:00:00,4,9,27.5,13.9,34.8,1.174,0.0,0.0,49.5
2025-09-26 05:00:00,5,9,29.0,99.5,22.4,1.168,0.0,0.0,27.3
2025-09-26 06:00:00,6,9,23.3,42.9,42.6,1.191,0.0,0.0,65.4
2025-09-26 07:00:00,7,9,18.7,93.1,6.2,1.209,0.0,0.0,4.5
2025-09-26 08:00:00,8,9,22.3,23.5,20.2,1.195,2.2,50.4,25.0
2025-09-26 09:00:00,9,9,23.7,54.6,37.6,1.189,2.3,26.4,54.5
2025-09-26 10:00:00,10,9,27.6,62.5,27.3,1.174,3.5,63.4,38.1
2025-09-26 11:00:00,11,9,17.0,3.7,39.2,1.217,8.1,201.3,53.1
2025-09-26 12:00:00,12,9,41.3,86.0,21.2,1.123,5.7,95.5,29.1
2025-09-26 13:00:00,13,9,32.4,66.0,17.0,1.155,5.0,89.2,22.8
2025-09-26 14:00:00,14,9,21.8,68.7,9.1,1.197,3.2,38.6,8.9
2025-09-26 15:00:00,15,9,23.7,13.3,36.3,1.189,4.3,101.9,50.1
2025-09-26 16:00:00,16,9,21.0,44.6,17.0,1.2,1.1,2.5,20.1
2025-09-26 17:00:00,17,9,27.2,94.6,18.5,1.175,0.0,0.0,25.0
2025-09-26 18:00:00,18,9,19.7,11.1,23.8,1.205,0.0,0.7,32.6
2025-09-26 19:00:00,19,9,17.1,100.0,31.3,1.216,0.0,0.0,46.6
2025-09-26 20:00:00,20,9,14.0,39.1,39.7,1.229,0.0,0.0,57.0
2025-09-26 21:00:00,21,9,35.4,13.0,21.6,1.144,0.0,0.0,28.8
2025-09-26 22:00:00,22,9,25.0,55.2,41.5,1.184,0.0,0.0,57.8
2025-09-26 23:00:00,23,9,24.2,3.7,23.2,1.187,0.0,0.0,33.1
2025-09-27 00:00:00,0,9,14.6,74.4,15.4,1.227,0.0,0.0,18.0
2025-09-27 01:00:00,1,9,13.2,37.2,42.1,1.233,0.0,0.0,61.6
2025-09-27 02:00:00,2,9,31.8,31.1,28.6,1.158,0.0,0.0,37.2
2025-09-27 03:00:00,3,9,21.0,90.0,39.7,1.2,0.0,0.0,53.6
2025-09-27 04:00:00,4,9,14.9,87.7,40.2,1.225,0.0,0.0,62.7
2025-09-27 05:00:00,5,9,22.9,39.6,43.4,1.192,0.0,0.0,63.3
2025-09-27 06:00:00,6,9,30.9,46.9,44.4,1.161,0.0,0.0,64.7
2025-09-27 07:00:00,7,9,30.6,25.4,5.2,1.162,0.4,2.3,3.6
2025-09-27 08:00:00,8,9,10.9,60.3,29.1,1.243,0.3,0.0,42.5
2025-09-27 09:00:00,9,9,22.4,54.6,40.4,1.194,2.3,20.1,56.8
2025-09-27 10:00:00,10,9,10.3,11.4,35.5,1.245,6.1,150.1,47.3
2025-09-27 11:00:00,11,9,37.8,30.3,18.4,1.135,6.8,157.0,17.1
2025-09-27 12:00:00,12,9,19.6,30.6,35.7,1.206,8.5,190.1,51.2
2025-09-27 13:00:00,13,9,11.3,64.5,25.9,1.241,5.1,99.6,31.9
2025-09-27 14:00:00,14,9,30.0,57.5,25.0,1.164,3.8,72.3,34.6
2025-09-27 15:00:00,15,9,16.5,8.7,22.9,1.219,4.6,109.2,31.1
2025-09-27 16:00:00,16,9,21.7,19.5,11.1,1.197,2.4,53.1,15.2
2025-09-27 17:00:00,17,9,21.5,33.6,14.2,1.198,0.0,0.0,19.5
2025-09-27 18:00:00,18,9,30.8,48.1,41.5,1.161,0.0,0.0,57.5
2025-09-27 19:00:00,19,9,27.9,44.6,29.9,1.173,0.0,0.0,41.0
2025-09-27 20:00:00,20,9,17.2,81.9,34.3,1.216,0.0,0.0,47.8
2025-09-27 21:00:00,21,9,31.5,32.8,41.1,1.159,0.0,0.0,61.1
2025-09-27 22:00:00,22,9,17.4,74.5,8.6,1.215,0.0,0.0,13.6
2025-09-27 23:00:00,23,9,22.8,42.8,14.1,1.193,0.0,0.0,17.2
2025-09-28 00:00:00,0,9,27.6,84.1,7.3,1.174,0.0,0.0,5.8
2025-09-28 01:00:00,1,9,36.7,39.9,44.3,1.139,0.0,0.0,67.9
2025-09-28 02:00:00,2,9,31.5,99.7,8.3,1.159,0.0,0.0,10.6
2025-09-28 03:00:00,3,9,24.6,58.0,22.3,1.186,0.0,0.0,33.0
2025-09-28 04:00:00,4,9,17.4,7.1,8.5,1.215,0.0,1.0,9.8
2025-09-28 05:00:00,5,9,30.5,80.4,24.6,1.162,0.0,0.0,34.4
2025-09-28 06:00:00,6,9,10.4,3.1,38.3,1.245,0.0,0.0,52.5
2025-09-28 07:00:00,7,9,28.1,60.7,30.0,1.172,0.0,0.0,40.5
2025-09-28 08:00:00,8,9,24.4,99.4,28.1,1.186,0.0,0.0,36.8
2025-09-28 09:00:00,9,9,19.8,16.8,12.3,1.205,4.2,92.1,9.2
2025-09-28 10:00:00,10,9,21.7,91.4,8.8,1.197,2.1,0.0,12.5
2025-09-28 11:00:00,11,9,29.9,84.8,29.6,1.165,4.1,59.7,40.6
2025-09-28 12:00:00,12,9,15.7,43.1,25.3,1.222,7.8,173.1,33.6
2025-09-28 13:00:00,13,9,26.5,41.2,29.5,1.178,6.3,136.3,39.9
2025-09-28 14:00:00,14,9,20.5,99.6,27.7,1.202,1.7,0.0,38.9
2025-09-28 15:00:00,15,9,30.3,82.7,13.7,1.163,0.9,0.0,17.5
2025-09-28 16:00:00,16,9,12.6,10.4,20.6,1.235,2.8,72.9,32.3
2025-09-28 17:00:00,17,9,21.0,95.6,5.9,1.2,0.0,0.0,4.3
2025-09-28 18:00:00,18,9,17.1,89.4,30.2,1.216,0.0,0.0,41.3
2025-09-28 19:00:00,19,9,30.4,40.4,24.0,1.163,0.0,0.0,37.9
2025-09-28 20:00:00,20,9,25.9,57.6,8.4,1.18,0.0,0.0,8.9
2025-09-28 21:00:00,21,9,23.4,98.9,36.4,1.19,0.0,0.0,55.8
2025-09-28 22:00:00,22,9,37.2,43.0,12.7,1.137,0.0,0.0,16.2
2025-09-28 23:00:00,23,9,18.3,69.9,38.6,1.211,0.0,0.0,58.3
2025-09-29 00:00:00,0,9,24.4,37.7,41.7,1.186,0.0,0.0,57.3
2025-09-29 01:00:00,1,9,26.2,44.4,43.9,1.179,0.0,0.0,64.2
2025-09-29 02:00:00,2,9,11.7,69.1,23.7,1.239,0.0,0.0,36.1
2025-09-29 03:00:00,3,9,23.5,64.8,10.2,1.19,0.0,0.0,13.1
2025-09-29 04:00:00,4,9,16.5,91.6,31.5,1.219,0.0,0.0,43.8
2025-09-29 05:00:00,5,9,16.8,78.2,43.3,1.217,0.0,0.0,58.9
2025-09-29 06:00:00,6,9,26.8,27.3,16.0,1.177,0.0,0.0,19.4
2025-09-29 07:00:00,7,9,21.5,43.2,10.3,1.198,0.0,0.0,13.0
2025-09-29 08:00:00,8,9,18.9,86.9,36.7,1.209,0.0,0.0,54.8
2025-09-29 09:00:00,9,9,31.1,99.7,38.3,1.16,0.0,0.0,55.5
2025-09-29 10:00:00,10,9,28.0,88.0,34.3,1.172,2.3,13.2,50.9
2025-09-29 11:00:00,11,9,28.3,73.1,9.2,1.171,4.7,85.2,11.6
2025-09-29 12:00:00,12,9,30.3,33.4,27.4,1.163,8.3,194.8,39.6
2025-09-29 13:00:00,13,9,37.4,64.2,31.4,1.137,5.1,101.9,43.2
2025-09-29 14:00:00,14,9,31.7,43.0,15.2,1.158,4.5,88.2,21.2
2025-09-29 15:00:00,15,9,20.9,21.2,18.4,1.2,3.9,84.9,25.0
2025-09-29 16:00:00,16,9,25.7,39.9,14.3,1.181,1.3,14.5,18.6
2025-09-29 17:00:00,17,9,21.1,46.7,12.9,1.2,0.0,0.0,20.6
2025-09-29 18:00:00,18,9,29.9,61.0,12.8,1.165,0.0,0.0,13.5
2025-09-29 19:00:00,19,9,28.5,23.5,35.5,1.17,0.0,0.0,52.2
2025-09-29 20:00:00,20,9,21.5,94.9,7.2,1.198,0.0,0.0,8.4
2025-09-29 21:00:00,21,9,18.0,5.2,26.5,1.212,0.0,4.2,40.1
2025-09-29 22:00:00,22,9,31.6,79.0,12.1,1.158,0.0,0.0,10.3
2025-09-29 23:00:00,23,9,12.5,37.7,33.2,1.236,0.0,0.0,45.8
2025-09-30 00:00:00,0,9,33.2,8.8,7.0,1.152,0.0,0.0,5.7
2025-09-30 01:00:00,1,9,33.0,81.4,16.0,1.153,0.0,0.0,24.9
2025-09-30 02:00:00,2,9,18.6,57.3,28.2,1.21,0.0,0.0,41.5
2025-09-30 03:00:00,3,9,18.8,50.4,17.8,1.209,0.0,0.0,23.3
2025-09-30 04:00:00,4,9,28.8,63.1,6.4,1.169,0.0,0.0,4.1
2025-09-30 05:00:00,5,9,42.0,46.5,8.3,1.12,0.0,0.0,2.2
2025-09-30 06:00:00,6,9,29.8,4.3,30.7,1.165,0.0,0.0,42.2
2025-09-30 07:00:00,7,9,29.5,10.6,15.4,1.166,1.1,22.1,25.2
2025-09-30 08:00:00,8,9,26.8,52.6,44.4,1.177,0.7,0.0,63.2
2025-09-30 09:00:00,9,9,32.7,67.4,36.0,1.154,1.6,6.7,53.1
2025-09-30 10:00:00,10,9,18.6,3.7,42.0,1.21,6.5,158.5,68.0
2025-09-30 11:00:00,11,9,11.6,91.9,32.9,1.24,3.7,39.4,46.0
2025-09-30 12:00:00,12,9,37.3,68.6,29.3,1.137,6.6,129.5,37.7
2025-09-30 13:00:00,13,9,40.7,28.8,41.5,1.125,6.9,153.3,59.2
2025-09-30 14:00:00,14,9,13.7,21.3,33.7,1.231,5.6,132.3,47.4
2025-09-30 15:00:00,15,9,27.0,25.1,19.3,1.176,3.7,89.5,28.4
2025-09-30 16:00:00,16,9,36.8,93.7,42.6,1.139,0.0,0.0,60.8
2025-09-30 17:00:00,17,9,38.8,15.1,14.2,1.132,0.9,16.6,18.8
2025-09-30 18:00:00,18,9,26.5,44.7,18.9,1.178,0.0,0.0,26.3
2025-09-30 19:00:00,19,9,31.7,89.7,27.8,1.158,0.0,0.0,39.9
2025-09-30 20:00:00,20,9,13.6,11.3,20.1,1.231,0.0,0.0,30.7
2025-09-30 21:00:00,21,9,16.8,69.0,23.3,1.217,0.0,0.0,28.1
2025-09-30 22:00:00,22,9,20.7,88.6,25.6,1.201,0.0,0.0,42.8
2025-09-30 23:00:00,23,9,13.8,85.4,15.9,1.23,0.0,0.0,22.6
2025-10-01 00:00:00,0,10,22.9,77.9,23.7,1.192,0.0,0.0,36.3
2025-10-01 01:00:00,1,10,29.4,20.8,34.3,1.167,0.0,0.0,49.8
2025-10-01 02:00:00,2,10,26.0,98.7,10.0,1.18,0.0,0.0,11.5
2025-10-01 03:00:00,3,10,12.5,19.2,32.1,1.236,0.0,0.0,52.9
2025-10-01 04:00:00,4,10,15.6,12.1,27.6,1.222,0.0,0.0,38.6
2025-10-01 05:00:00,5,10,20.9,0.6,33.2,1.2,0.0,0.0,44.5
2025-10-01 06:00:00,6,10,24.3,47.3,21.9,1.187,0.0,0.0,31.7
2025-10-01 07:00:00,7,10,31.3,92.4,10.8,1.159,0.0,0.0,9.7
2025-10-01 08:00:00,8,10,29.3,16.7,29.1,1.167,2.5,54.4,42.6
2025-10-01 09:00:00,9,10,15.5,89.5,10.9,1.223,0.5,0.0,10.8
2025-10-01 10:00:00,10,10,39.1,66.8,41.8,1.13,3.3,45.9,59.6
2025-10-01 11:00:00,11,10,18.9,46.1,42.1,1.209,6.0,126.1,64.0
2025-10-01 12:00:00,12,10,32.8,70.1,27.3,1.154,6.5,129.5,39.2
2025-10-01 13:00:00,13,10,26.9,5.1,5.5,1.176,8.1,202.8,4.7
2025-10-01 14:00:00,14,10,29.0,42.8,27.2,1.168,4.5,98.5,36.6
2025-10-01 15:00:00,15,10,31.9,9.9,24.3,1.157,4.5,113.8,32.4
2025-10-01 16:00:00,16,10,15.5,20.6,25.6,1.223,2.3,50.7,36.0
2025-10-01 17:00:00,17,10,24.2,55.0,14.4,1.187,0.0,0.0,20.3
2025-10-01 18:00:00,18,10,24.6,31.9,7.7,1.186,0.0,0.0,9.5
2025-10-01 19:00:00,19,10,17.8,98.7,20.7,1.213,0.0,0.0,29.0
2025-10-01 20:00:00,20,10,28.9,83.3,12.8,1.169,0.0,0.0,14.6
2025-10-01 21:00:00,21,10,22.9,28.2,40.5,1.192,0.0,0.0,56.3
2025-10-01 22:00:00,22,10,8.5,96.5,29.7,1.253,0.0,0.0,40.7
2025-10-01 23:00:00,23,10,16.9,47.4,39.4,1.217,0.0,0.0,52.0
2025-10-02 00:00:00,0,10,15.9,77.2,8.3,1.221,0.0,0.0,14.7
2025-10-02 01:00:00,1,10,35.3,12.9,28.5,1.144,0.0,0.2,39.4
2025-10-02 02:00:00,2,10,12.4,85.9,40.8,1.236,0.0,0.0,59.8
2025-10-02 03:00:00,3,10,30.2,45.3,12.4,1.164,0.0,0.0,13.0
2025-10-02 04:00:00,4,10,24.1,21.3,39.4,1.188,0.0,0.0,57.4
2025-10-02 05:00:00,5,10,23.0,77.3,43.8,1.192,0.0,0.0,64.5
2025-10-02 06:00:00,6,10,17.4,93.4,31.6,1.215,0.0,0.0,50.8
2025-10-02 07:00:00,7,10,29.0,51.6,11.9,1.168,0.0,0.0,12.2
2025-10-02 08:00:00,8,10,23.8,13.7,31.1,1.189,2.6,51.8,43.3
2025-10-02 09:00:00,9,10,15.2,99.8,10.7,1.224,0.0,0.0,10.4
2025-10-02 10:00:00,10,10,38.0,90.5,23.0,1.134,2.1,1.8,31.0
2025-10-02 11:00:00,11,10,16.8,18.6,23.6,1.217,7.4,181.3,29.3
2025-10-02 12:00:00,12,10,36.1,40.2,12.9,1.141,8.0,177.4,16.8
2025-10-02 13:00:00,13,10,39.7,84.6,31.0,1.128,4.1,53.1,47.8
2025-10-02 14:00:00,14,10,28.6,53.6,17.9,1.17,4.0,72.7,24.7
2025-10-02 15:00:00,15,10,34.9,10.3,44.5,1.146,4.5,107.3,59.6
2025-10-02 16:00:00,16,10,25.5,85.3,8.7,1.182,0.0,0.0,11.5
2025-10-02 17:00:00,17,10,22.6,25.8,16.7,1.194,0.4,0.0,17.9
2025-10-02 18:00:00,18,10,41.0,32.0,25.4,1.124,0.0,0.0,29.1
2025-10-02 19:00:00,19,10,40.7,75.9,7.9,1.125,0.0,0.0,9.5
2025-10-02 20:00:00,20,10,33.9,41.3,21.6,1.15,0.0,0.0,26.3
2025-10-02 21:00:00,21,10,29.2,47.7,34.7,1.167,0.0,0.0,45.2
2025-10-02 22:00:00,22,10,32.1,53.2,7.5,1.156,0.0,0.0,4.4
2025-10-02 23:00:00,23,10,26.9,40.7,31.7,1.176,0.0,0.0,44.0
2025-10-03 00:00:00,0,10,29.9,22.7,43.2,1.165,0.0,0.0,60.5
2025-10-03 01:00:00,1,10,29.7,10.3,42.6,1.166,0.0,0.0,63.2
2025-10-03 02:00:00,2,10,8.8,33.5,38.1,1.252,0.0,0.0,56.3
2025-10-03 03:00:00,3,10,31.7,83.2,38.4,1.158,0.0,0.0,55.8
2025-10-03 04:00:00,4,10,26.2,29.7,41.2,1.179,0.0,0.0,59.8
2025-10-03 05:00:00,5,10,27.9,41.3,22.4,1.173,0.0,0.0,29.1
2025-10-03 06:00:00,6,10,21.2,39.6,6.3,1.199,0.0,0.0,5.7
2025-10-03 07:00:00,7,10,27.2,30.9,9.5,1.175,0.1,0.0,9.5
2025-10-03 08:00:00,8,10,24.3,54.7,35.3,1.187,0.6,0.0,49.2
2025-10-03 09:00:00,9,10,35.0,88.0,44.6,1.146,0.6,0.0,66.0
2025-10-03 10:00:00,10,10,12.7,23.2,41.4,1.235,5.5,125.8,58.4
2025-10-03 11:00:00,11,10,21.8,51.9,6.6,1.197,5.7,118.2,8.2
2025-10-03 12:00:00,12,10,34.5,22.8,31.7,1.147,8.9,205.8,43.9
2025-10-03 13:00:00,13,10,18.3,7.6,20.4,1.211,8.0,201.2,28.1
2025-10-03 14:00:00,14,10,21.8,11.0,12.5,1.197,6.1,148.7,20.5
2025-10-03 15:00:00,15,10,8.6,43.9,39.0,1.253,2.8,42.1,54.5
2025-10-03 16:00:00,16,10,21.1,18.6,41.3,1.2,2.4,43.1,57.5
2025-10-03 17:00:00,17,10,15.6,80.0,34.2,1.222,0.0,0.0,48.4
2025-10-03 18:00:00,18,10,18.6,51.1,41.9,1.21,0.0,0.0,60.3
2025-10-03 19:00:00,19,10,18.3,8.2,44.6,1.211,0.0,0.0,59.4
2025-10-03 20:00:00,20,10,23.5,63.2,36.2,1.19,0.0,0.0,49.3
2025-10-03 21:00:00,21,10,35.6,3.2,32.1,1.143,0.0,0.0,47.4
2025-10-03 22:00:00,22,10,38.6,31.7,39.4,1.132,0.0,0.0,54.6
2025-10-03 23:00:00,23,10,23.0,34.9,40.8,1.192,0.0,0.0,58.8
2025-10-04 00:00:00,0,10,31.0,38.4,43.4,1.161,0.0,0.0,61.3
2025-10-04 01:00:00,1,10,30.9,37.3,8.8,1.161,0.0,0.0,10.2
2025-10-04 02:00:00,2,10,26.5,30.9,23.5,1.178,0.0,0.0,31.4
2025-10-04 03:00:00,3,10,16.7,26.6,30.5,1.218,0.0,0.0,36.2
2025-10-04 04:00:00,4,10,17.6,60.5,24.4,1.214,0.0,0.0,34.3
2025-10-04 05:00:00,5,10,17.5,94.5,5.9,1.214,0.0,0.0,3.3
2025-10-04 06:00:00,6,10,24.3,97.4,16.6,1.187,0.0,0.0,23.5
2025-10-04 07:00:00,7,10,38.7,56.0,33.4,1.132,0.0,0.0,44.8
2025-10-04 08:00:00,8,10,47.1,53.6,39.2,1.102,0.7,0.0,51.3
2025-10-04 09:00:00,9,10,30.5,28.7,14.9,1.162,3.6,74.1,24.4
2025-10-04 10:00:00,10,10,31.8,96.0,18.4,1.158,1.9,3.5,22.8
2025-10-04 11:00:00,11,10,17.5,23.3,14.6,1.214,7.2,160.8,14.8
2025-10-04 12:00:00,12,10,10.5,16.8,34.7,1.244,9.2,219.3,50.1
2025-10-04 13:00:00,13,10,19.7,15.3,39.5,1.205,7.6,176.1,52.6
2025-10-04 14:00:00,14,10,5.2,61.4,44.8,1.268,3.6,61.5,65.7
2025-10-04 15:00:00,15,10,22.7,39.4,5.1,1.193,3.0,51.5,6.1
2025-10-04 16:00:00,16,10,30.6,85.9,8.4,1.162,0.0,0.0,5.9
2025-10-04 17:00:00,17,10,30.8,97.3,6.0,1.161,0.0,0.0,5.3
2025-10-04 18:00:00,18,10,43.6,55.8,39.9,1.114,0.0,0.0,57.4
2025-10-04 19:00:00,19,10,29.6,30.8,40.1,1.166,0.0,0.0,58.9
2025-10-04 20:00:00,20,10,19.3,20.7,42.0,1.207,0.0,0.0,58.1
2025-10-04 21:00:00,21,10,30.9,50.2,40.4,1.161,0.0,0.0,57.7
2025-10-04 22:00:00,22,10,27.0,43.9,36.7,1.176,0.0,0.0,51.8
2025-10-04 23:00:00,23,10,27.2,76.3,26.8,1.175,0.0,0.0,33.8
2025-10-05 00:00:00,0,10,23.0,35.0,23.5,1.192,0.0,0.0,29.1
2025-10-05 01:00:00,1,10,39.0,91.3,22.8,1.131,0.0,0.0,33.5
2025-10-05 02:00:00,2,10,29.1,63.2,42.7,1.168,0.0,0.0,60.2
2025-10-05 03:00:00,3,10,37.0,91.7,6.6,1.138,0.0,0.0,6.4
2025-10-05 04:00:00,4,10,18.6,30.3,23.6,1.21,0.0,0.0,35.8
2025-10-05 05:00:00,5,10,25.3,42.0,15.2,1.183,0.0,0.0,16.3
2025-10-05 06:00:00,6,10,29.3,26.1,6.3,1.167,0.0,0.0,4.9
2025-10-05 07:00:00,7,10,18.4,22.6,23.5,1.211,0.5,0.0,29.7
2025-10-05 08:00:00,8,10,22.5,10.0,42.8,1.194,2.8,57.2,57.5
2025-10-05 09:00:00,9,10,11.5,60.8,20.6,1.24,2.0,16.8,30.3
2025-10-05 10:00:00,10,10,26.5,40.8,27.2,1.178,4.6,99.4,37.1
2025-10-05 11:00:00,11,10,22.6,90.8,18.4,1.194,3.8,46.2,26.0
2025-10-05 12:00:00,12,10,24.3,23.6,10.8,1.187,8.8,210.7,11.3
2025-10-05 13:00:00,13,10,20.1,7.6,16.5,1.204,8.0,198.6,23.9
2025-10-05 14:00:00,14,10,23.2,38.0,42.5,1.191,4.8,94.0,59.9
2025-10-05 15:00:00,15,10,23.7,66.5,41.5,1.189,1.7,15.0,60.3
2025-10-05 16:00:00,16,10,24.4,52.3,7.6,1.186,0.7,0.0,10.3
2025-10-05 17:00:00,17,10,24.8,62.4,23.9,1.185,0.0,0.0,27.6
2025-10-05 18:00:00,18,10,34.0,80.4,40.6,1.149,0.0,0.0,53.1
2025-10-05 19:00:00,19,10,22.3,43.3,35.3,1.195,0.0,0.0,50.3
2025-10-05 20:00:00,20,10,17.9,82.8,11.6,1.213,0.0,0.0,15.8
2025-10-05 21:00:00,21,10,26.7,11.1,7.2,1.177,0.0,0.0,8.8
2025-10-05 22:00:00,22,10,25.5,58.9,20.2,1.182,0.0,0.0,24.6
2025-10-05 23:00:00,23,10,21.0,34.6,43.0,1.2,0.0,0.0,64.0
2025-10-06 00:00:00,0,10,28.6,65.0,11.1,1.17,0.0,0.0,15.0
2025-10-06 01:00:00,1,10,26.9,27.7,17.6,1.176,0.0,0.0,22.1
2025-10-06 02:00:00,2,10,26.1,56.2,24.1,1.18,0.0,0.0,37.2
2025-10-06 03:00:00,3,10,37.1,64.7,33.8,1.138,0.0,0.0,44.6
2025-10-06 04:00:00,4,10,38.2,18.2,7.3,1.134,0.0,0.0,5.4
2025-10-06 05:00:00,5,10,33.1,92.3,14.1,1.153,0.0,0.0,15.5
2025-10-06 06:00:00,6,10,21.6,17.6,20.5,1.198,0.0,0.0,28.4
2025-10-06 07:00:00,7,10,15.2,90.5,19.9,1.224,0.0,0.0,29.0
2025-10-06 08:00:00,8,10,25.4,13.3,40.8,1.182,2.7,63.8,55.9
2025-10-06 09:00:00,9,10,25.1,6.9,11.5,1.184,4.7,117.9,14.5
2025-10-06 10:00:00,10,10,27.3,72.0,21.6,1.175,3.1,34.5,28.8
2025-10-06 11:00:00,11,10,7.9,97.0,24.2,1.256,3.5,41.1,34.7
2025-10-06 12:00:00,12,10,18.6,9.8,33.8,1.21,9.5,230.0,48.9
2025-10-06 13:00:00,13,10,35.6,51.1,27.0,1.143,5.8,109.7,35.2
2025-10-06 14:00:00,14,10,28.5,97.1,31.4,1.17,1.8,5.4,44.0
2025-10-06 15:00:00,15,10,30.1,93.8,31.1,1.164,0.3,0.0,43.1
2025-10-06 16:00:00,16,10,12.3,16.7,16.9,1.237,2.5,41.3,31.5
2025-10-06 17:00:00,17,10,21.6,91.4,30.9,1.198,0.0,0.0,46.8
2025-10-06 18:00:00,18,10,27.9,82.2,23.7,1.173,0.0,0.0,32.8
2025-10-06 19:00:00,19,10,19.1,19.6,29.8,1.208,0.0,0.0,45.1
2025-10-06 20:00:00,20,10,33.8,86.8,15.1,1.15,0.0,0.0,17.7
2025-10-06 21:00:00,21,10,28.8,88.7,36.9,1.169,0.0,0.0,48.2
2025-10-06 22:00:00,22,10,37.3,78.9,7.0,1.137,0.0,0.0,8.2
2025-10-06 23:00:00,23,10,31.3,67.8,16.8,1.159,0.0,0.0,17.4
2025-10-07 00:00:00,0,10,13.8,33.1,5.5,1.23,0.0,0.0,5.4
2025-10-07 01:00:00,1,10,26.9,84.7,14.8,1.176,0.0,0.0,15.7
2025-10-07 02:00:00,2,10,31.3,40.1,5.4,1.159,0.0,0.0,6.3
2025-10-07 03:00:00,3,10,25.3,23.1,17.0,1.183,0.0,0.0,21.7
2025-10-07 04:00:00,4,10,26.6,37.5,31.5,1.178,0.0,0.0,45.1
2025-10-07 05:00:00,5,10,31.7,13.2,13.2,1.158,0.0,0.0,17.9
2025-10-07 06:00:00,6,10,22.3,75.8,19.6,1.195,0.0,0.0,25.5
2025-10-07 07:00:00,7,10,22.1,30.0,24.8,1.196,0.2,0.0,33.8
2025-10-07 08:00:00,8,10,16.6,60.8,16.2,1.218,0.3,0.0,21.0
2025-10-07 09:00:00,9,10,13.3,31.9,38.4,1.232,3.4,80.5,57.9
2025-10-07 10:00:00,10,10,24.9,17.1,8.9,1.184,5.8,135.7,3.3
2025-10-07 11:00:00,11,10,30.4,8.0,31.5,1.163,7.9,192.9,37.9
2025-10-07 12:00:00,12,10,18.9,62.2,26.8,1.209,6.9,138.3,36.0
2025-10-07 13:00:00,13,10,37.3,32.1,15.8,1.137,6.7,151.8,22.7
2025-10-07 14:00:00,14,10,27.0,93.5,42.4,1.176,2.0,9.7,60.3
2025-10-07 15:00:00,15,10,29.1,59.5,30.6,1.168,2.0,11.9,37.9
2025-10-07 16:00:00,16,10,20.4,25.9,14.2,1.202,2.0,38.2,15.6
2025-10-07 17:00:00,17,10,23.0,59.4,9.1,1.192,0.0,0.0,14.5
2025-10-07 18:00:00,18,10,19.4,9.4,13.5,1.207,0.0,0.0,16.5
2025-10-07 19:00:00,19,10,24.3,56.0,21.0,1.187,0.0,0.0,31.0
2025-10-07 20:00:00,20,10,23.2,0.4,32.1,1.191,0.0,0.0,43.7
2025-10-07 21:00:00,21,10,8.9,26.2,7.8,1.252,0.0,0.0,11.5
2025-10-07 22:00:00,22,10,32.9,42.7,15.6,1.153,0.0,0.0,19.0
2025-10-07 23:00:00,23,10,21.8,1.4,14.7,1.197,0.0,0.0,17.6
2025-10-08 00:00:00,0,10,25.5,32.5,36.3,1.182,0.0,0.0,49.0
2025-10-08 01:00:00,1,10,31.2,77.4,38.1,1.16,0.0,0.0,48.8
2025-10-08 02:00:00,2,10,38.2,4.2,7.2,1.134,0.0,0.0,5.5
2025-10-08 03:00:00,3,10,28.8,67.4,38.7,1.169,0.0,0.0,57.5
2025-10-08 04:00:00,4,10,32.3,83.4,39.2,1.156,0.0,0.0,58.5
2025-10-08 05:00:00,5,10,21.5,32.5,26.8,1.198,0.0,0.0,35.7
2025-10-08 06:00:00,6,10,22.2,100.0,8.5,1.195,0.0,0.0,14.5
2025-10-08 07:00:00,7,10,1.6,21.4,16.9,1.285,0.6,0.9,21.6
2025-10-08 08:00:00,8,10,31.7,85.2,41.9,1.158,0.0,0.0,56.6
2025-10-08 09:00:00,9,10,26.4,40.9,27.6,1.178,3.0,48.7,36.6
2025-10-08 10:00:00,10,10,32.3,46.2,30.4,1.156,4.4,86.6,48.7
2025-10-08 11:00:00,11,10,17.6,28.3,26.9,1.214,6.9,156.9,35.7
2025-10-08 12:00:00,12,10,17.2,86.6,34.0,1.216,5.7,99.2,49.3
2025-10-08 13:00:00,13,10,19.4,22.0,27.9,1.207,7.2,181.3,41.5
2025-10-08 14:00:00,14,10,20.1,1.3,40.7,1.204,6.6,160.1,55.3
2025-10-08 15:00:00,15,10,25.6,6.9,19.6,1.182,4.7,116.7,27.8
2025-10-08 16:00:00,16,10,28.8,92.3,43.1,1.169,0.0,0.0,58.1
2025-10-08 17:00:00,17,10,22.0,35.1,26.0,1.196,0.0,0.0,36.5
2025-10-08 18:00:00,18,10,18.2,86.2,29.2,1.212,0.0,0.0,42.7
2025-10-08 19:00:00,19,10,21.5,32.2,42.0,1.198,0.0,0.0,66.3
2025-10-08 20:00:00,20,10,41.1,70.0,15.2,1.123,0.0,0.0,21.0
2025-10-08 21:00:00,21,10,9.3,77.2,10.1,1.25,0.0,0.0,12.7
2025-10-08 22:00:00,22,10,12.9,31.9,7.3,1.234,0.0,0.0,9.9
2025-10-08 23:00:00,23,10,18.8,0.8,35.7,1.209,0.0,4.5,53.1
2025-10-09 00:00:00,0,10,12.6,27.4,37.7,1.235,0.0,0.0,48.7
2025-10-09 01:00:00,1,10,22.4,38.0,22.3,1.194,0.0,0.0,27.3
2025-10-09 02:00:00,2,10,29.5,72.2,34.4,1.166,0.0,0.0,48.5
2025-10-09 03:00:00,3,10,43.0,8.6,7.6,1.117,0.0,0.0,3.3
2025-10-09 04:00:00,4,10,25.3,41.4,12.6,1.183,0.0,0.0,12.3
2025-10-09 05:00:00,5,10,19.7,22.1,14.3,1.205,0.0,0.0,22.4
2025-10-09 06:00:00,6,10,32.2,43.3,32.9,1.156,0.0,0.0,46.8
2025-10-09 07:00:00,7,10,25.6,31.9,37.0,1.182,0.1,0.0,57.2
2025-10-09 08:00:00,8,10,35.1,24.0,7.9,1.145,2.1,43.5,12.0
2025-10-09 09:00:00,9,10,43.0,96.9,22.5,1.117,0.2,0.0,29.0
2025-10-09 10:00:00,10,10,17.6,82.2,29.7,1.214,2.6,21.5,42.1
2025-10-09 11:00:00,11,10,27.9,16.3,23.8,1.173,7.5,182.3,33.8
2025-10-09 12:00:00,12,10,28.2,28.3,37.5,1.171,8.6,210.7,55.0
2025-10-09 13:00:00,13,10,20.5,51.4,33.2,1.202,5.8,119.7,45.9
2025-10-09 14:00:00,14,10,13.5,61.5,26.9,1.231,3.6,63.0,33.8
2025-10-09 15:00:00,15,10,37.5,37.1,35.7,1.136,3.1,57.9,51.9
2025-10-09 16:00:00,16,10,18.2,30.0,36.9,1.212,1.8,39.1,52.6
2025-10-09 17:00:00,17,10,29.1,83.7,6.9,1.168,0.0,0.0,3.8
2025-10-09 18:00:00,18,10,21.7,90.5,36.7,1.197,0.0,0.0,51.8
2025-10-09 19:00:00,19,10,18.9,88.5,9.8,1.209,0.0,0.0,7.8
2025-10-09 20:00:00,20,10,44.3,60.9,31.8,1.112,0.0,0.0,42.0
2025-10-09 21:00:00,21,10,31.1,60.6,10.6,1.16,0.0,0.0,14.2
2025-10-09 22:00:00,22,10,24.2,46.5,29.7,1.187,0.0,0.0,44.0
2025-10-09 23:00:00,23,10,16.6,79.1,21.9,1.218,0.0,0.0,27.6
2025-10-10 00:00:00,0,10,26.5,5.1,16.5,1.178,0.0,1.4,20.8
2025-10-10 01:00:00,1,10,32.3,84.2,26.7,1.156,0.0,0.0,40.9
2025-10-10 02:00:00,2,10,18.5,17.2,21.6,1.21,0.0,0.0,26.5
2025-10-10 03:00:00,3,10,29.0,90.9,25.8,1.168,0.0,0.0,30.4
2025-10-10 04:00:00,4,10,34.0,88.4,29.1,1.149,0.0,0.0,36.1
2025-10-10 05:00:00,5,10,11.3,89.0,15.4,1.241,0.0,0.0,17.9
2025-10-10 06:00:00,6,10,18.0,8.4,37.5,1.212,0.0,0.0,55.3
2025-10-10 07:00:00,7,10,26.0,71.6,44.1,1.18,0.0,0.0,63.7
2025-10-10 08:00:00,8,10,37.8,69.7,36.1,1.135,0.0,0.0,46.0
2025-10-10 09:00:00,9,10,30.5,65.6,6.2,1.162,1.7,0.0,7.0
2025-10-10 10:00:00,10,10,11.1,39.0,26.3,1.242,4.7,86.4,39.2
2025-10-10 11:00:00,11,10,39.4,17.9,11.4,1.129,7.4,172.7,12.8
2025-10-10 12:00:00,12,10,20.9,2.9,36.3,1.2,9.9,250.8,53.3
2025-10-10 13:00:00,13,10,38.1,94.9,19.3,1.134,3.6,43.1,30.0
2025-10-10 14:00:00,14,10,5.8,18.8,8.8,1.265,5.7,130.0,10.3
2025-10-10 15:00:00,15,10,23.7,10.7,13.6,1.189,4.5,101.5,17.1
2025-10-10 16:00:00,16,10,21.4,89.2,36.4,1.198,0.0,0.0,54.0
2025-10-10 17:00:00,17,10,30.1,44.4,7.0,1.164,0.0,0.0,9.3
2025-10-10 18:00:00,18,10,33.2,56.4,6.7,1.152,0.0,0.0,8.7
2025-10-10 19:00:00,19,10,19.2,23.3,22.0,1.207,0.0,0.0,29.8
2025-10-10 20:00:00,20,10,31.9,22.4,20.6,1.157,0.0,0.0,31.8
2025-10-10 21:00:00,21,10,21.6,55.4,8.9,1.198,0.0,0.0,12.0
2025-10-10 22:00:00,22,10,29.7,37.7,6.5,1.166,0.0,0.0,4.0
2025-10-10 23:00:00,23,10,30.9,19.6,42.9,1.161,0.0,0.0,57.5
2025-10-11 00:00:00,0,10,20.2,94.2,41.1,1.203,0.0,0.0,58.7
2025-10-11 01:00:00,1,10,25.0,28.6,39.1,1.184,0.0,0.0,60.1
2025-10-11 02:00:00,2,10,22.3,55.4,21.0,1.195,0.0,0.0,26.1
2025-10-11 03:00:00,3,10,23.2,28.1,17.2,1.191,0.0,0.0,22.3
2025-10-11 04:00:00,4,10,28.5,58.1,20.7,1.17,0.0,0.0,28.4
2025-10-11 05:00:00,5,10,22.6,41.4,10.8,1.194,0.0,0.0,14.5
2025-10-11 06:00:00,6,10,18.3,52.5,38.8,1.211,0.0,0.0,57.7
2025-10-11 07:00:00,7,10,32.4,49.1,36.0,1.155,0.0,0.0,52.0
2025-10-11 08:00:00,8,10,27.3,81.2,22.0,1.175,0.0,0.0,24.4
2025-10-11 09:00:00,9,10,18.1,89.0,10.5,1.212,0.5,0.0,14.7
2025-10-11 10:00:00,10,10,31.4,41.7,6.0,1.159,4.6,92.3,3.6
2025-10-11 11:00:00,11,10,26.3,11.4,25.7,1.179,7.8,191.7,33.1
2025-10-11 12:00:00,12,10,28.2,16.2,11.9,1.171,9.2,227.6,16.4
2025-10-11 13:00:00,13,10,28.1,63.7,33.9,1.172,5.1,92.1,51.6
2025-10-11 14:00:00,14,10,23.1,60.3,14.6,1.192,3.7,63.8,22.1
2025-10-11 15:00:00,15,10,17.3,75.1,21.5,1.215,1.2,0.0,28.9
2025-10-11 16:00:00,16,10,30.0,37.0,16.7,1.164,1.5,13.1,20.3
2025-10-11 17:00:00,17,10,11.6,60.1,44.7,1.24,0.0,0.0,59.9
2025-10-11 18:00:00,18,10,29.8,67.1,20.0,1.165,0.0,0.0,24.1
2025-10-11 19:00:00,19,10,21.1,48.6,25.2,1.2,0.0,0.0,31.1
2025-10-11 20:00:00,20,10,39.9,95.9,6.3,1.128,0.0,0.0,11.9
2025-10-11 21:00:00,21,10,18.2,3.5,25.6,1.212,0.0,0.0,34.1
2025-10-11 22:00:00,22,10,31.6,71.5,18.4,1.158,0.0,0.0,22.1
2025-10-11 23:00:00,23,10,17.7,4.9,41.2,1.214,0.0,0.0,62.2
2025-10-12 00:00:00,0,10,29.0,32.2,36.9,1.168,0.0,0.0,50.5
2025-10-12 01:00:00,1,10,17.0,38.0,36.3,1.217,0.0,0.0,48.4
2025-10-12 02:00:00,2,10,15.5,45.4,19.7,1.223,0.0,0.0,26.2
2025-10-12 03:00:00,3,10,37.4,87.6,17.3,1.137,0.0,0.0,25.1
2025-10-12 04:00:00,4,10,42.5,16.3,44.7,1.118,0.0,0.0,54.7
2025-10-12 05:00:00,5,10,29.1,72.2,33.2,1.168,0.0,0.0,40.7
2025-10-12 06:00:00,6,10,36.2,92.3,10.1,1.141,0.0,0.0,11.7
2025-10-12 07:00:00,7,10,16.1,47.5,16.0,1.22,0.0,0.0,18.4
2025-10-12 08:00:00,8,10,20.2,91.3,20.6,1.203,0.0,0.0,32.4
2025-10-12 09:00:00,9,10,18.9,61.0,13.1,1.209,2.0,26.5,13.5
2025-10-12 10:00:00,10,10,14.9,67.2,21.7,1.225,3.3,47.4,25.0
2025-10-12 11:00:00,11,10,29.4,56.0,10.0,1.167,5.5,110.3,13.1
2025-10-12 12:00:00,12,10,12.9,28.0,25.4,1.234,8.6,208.4,36.3
2025-10-12 13:00:00,13,10,17.3,90.9,25.7,1.215,3.8,44.0,29.8
2025-10-12 14:00:00,14,10,42.1,21.2,40.2,1.12,5.6,143.7,57.9
2025-10-12 15:00:00,15,10,27.0,44.1,9.0,1.176,2.8,56.8,10.4
2025-10-12 16:00:00,16,10,19.0,0.4,20.4,1.208,3.3,80.9,28.8
2025-10-12 17:00:00,17,10,21.1,32.8,25.4,1.2,0.0,0.0,34.3
2025-10-12 18:00:00,18,10,25.2,61.8,40.9,1.183,0.0,0.0,57.7
2025-10-12 19:00:00,19,10,37.0,50.7,16.8,1.138,0.0,0.0,21.1
2025-10-12 20:00:00,20,10,19.7,17.9,9.8,1.205,0.0,0.0,18.9
2025-10-12 21:00:00,21,10,19.1,19.9,31.9,1.208,0.0,0.0,45.1
2025-10-12 22:00:00,22,10,25.7,19.1,36.8,1.181,0.0,0.0,54.6
2025-10-12 23:00:00,23,10,9.0,39.9,36.0,1.251,0.0,0.0,48.9
2025-10-13 00:00:00,0,10,32.4,70.8,41.4,1.155,0.0,0.0,58.2
2025-10-13 01:00:00,1,10,26.8,60.9,30.3,1.177,0.0,0.0,35.1
2025-10-13 02:00:00,2,10,23.2,7.6,9.8,1.191,0.0,0.0,11.3
2025-10-13 03:00:00,3,10,27.1,53.8,20.7,1.176,0.0,0.0,29.0
2025-10-13 04:00:00,4,10,18.9,32.4,40.9,1.209,0.0,0.0,54.2
2025-10-13 05:00:00,5,10,23.3,69.7,42.3,1.191,0.0,0.0,60.3
2025-10-13 06:00:00,6,10,20.7,85.5,22.0,1.201,0.0,0.0,30.7
2025-10-13 07:00:00,7,10,16.6,44.0,29.1,1.218,0.0,0.0,43.3
2025-10-13 08:00:00,8,10,26.1,2.7,24.0,1.18,3.2,78.4,35.1
2025-10-13 09:00:00,9,10,22.0,16.4,41.8,1.196,4.2,95.7,58.5
2025-10-13 10:00:00,10,10,15.8,41.5,10.2,1.222,4.6,88.9,10.9
2025-10-13 11:00:00,11,10,32.8,96.4,43.2,1.154,3.5,42.8,67.2
2025-10-13 12:00:00,12,10,13.9,16.0,7.4,1.23,9.2,219.3,7.1
2025-10-13 13:00:00,13,10,15.5,57.7,32.8,1.223,5.4,105.8,46.8
2025-10-13 14:00:00,14,10,22.6,37.1,17.3,1.194,4.8,98.6,23.5
2025-10-13 15:00:00,15,10,31.9,55.1,8.6,1.157,2.2,28.8,3.7
2025-10-13 16:00:00,16,10,21.9,36.2,18.0,1.196,1.5,24.3,21.0
2025-10-13 17:00:00,17,10,40.7,40.3,24.1,1.125,0.0,0.0,34.0
2025-10-13 18:00:00,18,10,26.0,39.8,24.7,1.18,0.0,0.0,32.5
2025-10-13 19:00:00,19,10,33.3,65.7,6.1,1.152,0.0,0.0,10.1
2025-10-13 20:00:00,20,10,22.6,96.3,33.0,1.194,0.0,0.0,46.6
2025-10-13 21:00:00,21,10,4.3,70.2,6.4,1.272,0.0,0.0,7.4
2025-10-13 22:00:00,22,10,10.8,9.1,13.6,1.243,0.0,0.0,15.5
2025-10-13 23:00:00,23,10,14.4,75.2,30.1,1.228,0.0,0.0,41.7
2025-10-14 00:00:00,0,10,30.6,96.6,25.3,1.162,0.0,0.0,38.8
2025-10-14 01:00:00,1,10,23.7,77.5,19.7,1.189,0.0,0.0,27.9
2025-10-14 02:00:00,2,10,32.3,21.4,37.9,1.156,0.0,0.0,48.1
2025-10-14 03:00:00,3,10,27.9,73.9,37.8,1.173,0.0,0.0,53.3
2025-10-14 04:00:00,4,10,21.8,86.9,14.4,1.197,0.0,0.0,17.7
2025-10-14 05:00:00,5,10,32.7,49.2,14.1,1.154,0.0,0.0,20.2
2025-10-14 06:00:00,6,10,25.1,54.5,30.5,1.184,0.0,0.0,42.3
2025-10-14 07:00:00,7,10,25.7,36.0,40.3,1.181,0.0,0.0,58.3
2025-10-14 08:00:00,8,10,26.5,12.3,32.8,1.178,2.7,56.5,48.0
2025-10-14 09:00:00,9,10,28.4,49.7,22.4,1.171,2.5,36.9,32.5
2025-10-14 10:00:00,10,10,29.2,39.4,31.5,1.167,4.7,96.2,44.2
2025-10-14 11:00:00,11,10,31.2,86.9,6.2,1.16,4.0,55.4,6.4
2025-10-14 12:00:00,12,10,38.0,96.2,22.8,1.134,5.2,75.5,30.8
2025-10-14 13:00:00,13,10,31.9,53.4,19.1,1.157,5.7,113.8,19.3
2025-10-14 14:00:00,14,10,30.3,55.0,39.2,1.163,3.9,73.0,55.1
2025-10-14 15:00:00,15,10,16.7,61.4,21.6,1.218,1.9,25.3,26.3
2025-10-14 16:00:00,16,10,34.1,73.9,25.3,1.149,0.0,0.0,33.9
2025-10-14 17:00:00,17,10,34.0,13.5,7.3,1.149,1.0,16.1,1.1
2025-10-14 18:00:00,18,10,27.0,51.0,25.5,1.176,0.0,0.0,31.9
2025-10-14 19:00:00,19,10,16.3,2.3,23.0,1.22,0.0,0.0,32.2
2025-10-14 20:00:00,20,10,33.8,62.2,7.3,1.15,0.0,0.0,6.2
2025-10-14 21:00:00,21,10,31.1,68.0,39.4,1.16,0.0,0.0,58.4
2025-10-14 22:00:00,22,10,37.8,54.3,32.4,1.135,0.0,0.0,45.3
2025-10-14 23:00:00,23,10,34.6,71.2,41.6,1.147,0.0,0.0,56.9
2025-10-15 00:00:00,0,10,3.5,53.8,7.1,1.276,0.0,0.0,8.3
2025-10-15 01:00:00,1,10,19.7,12.4,42.4,1.205,0.0,0.0,59.5
2025-10-15 02:00:00,2,10,18.2,46.7,15.1,1.212,0.0,0.0,18.1
2025-10-15 03:00:00,3,10,18.3,17.2,34.2,1.211,0.0,0.0,47.6
2025-10-15 04:00:00,4,10,21.9,2.3,13.1,1.196,0.0,0.0,18.8
2025-10-15 05:00:00,5,10,25.0,94.5,27.2,1.184,0.0,0.0,43.9
2025-10-15 06:00:00,6,10,37.3,94.7,43.8,1.137,0.0,0.0,58.9
2025-10-15 07:00:00,7,10,12.7,69.3,11.6,1.235,0.0,0.0,14.0
2025-10-15 08:00:00,8,10,37.3,69.1,14.7,1.137,0.0,0.0,17.5
2025-10-15 09:00:00,9,10,8.9,33.3,23.2,1.252,3.3,62.9,24.0
2025-10-15 10:00:00,10,10,25.7,84.7,44.5,1.181,2.4,13.1,57.8
2025-10-15 11:00:00,11,10,12.6,7.8,6.3,1.235,7.9,198.8,0.1
2025-10-15 12:00:00,12,10,29.8,70.0,35.9,1.165,6.5,126.1,49.6
2025-10-15 13:00:00,13,10,28.8,34.9,17.4,1.169,6.6,151.4,27.4
2025-10-15 14:00:00,14,10,25.5,87.9,15.1,1.182,2.3,10.6,17.7
2025-10-15 15:00:00,15,10,31.1,65.6,33.6,1.16,1.7,12.4,49.6
2025-10-15 16:00:00,16,10,20.3,80.8,36.8,1.203,0.0,0.0,51.4
2025-10-15 17:00:00,17,10,27.4,95.4,12.1,1.174,0.0,0.0,15.0
2025-10-15 18:00:00,18,10,24.1,62.7,13.9,1.188,0.0,0.0,20.6
2025-10-15 19:00:00,19,10,27.0,2.4,34.6,1.176,0.0,3.0,53.4
2025-10-15 20:00:00,20,10,15.8,89.5,36.0,1.222,0.0,0.0,48.4
2025-10-15 21:00:00,21,10,18.2,76.6,41.0,1.212,0.0,0.0,64.4
2025-10-15 22:00:00,22,10,32.9,91.2,16.9,1.153,0.0,0.0,24.8
2025-10-15 23:00:00,23,10,17.9,50.3,37.7,1.213,0.0,0.0,54.5
2025-10-16 00:00:00,0,10,17.0,48.2,30.1,1.217,0.0,0.0,42.2
2025-10-16 01:00:00,1,10,18.9,62.2,22.4,1.209,0.0,0.0,31.7
2025-10-16 02:00:00,2,10,20.9,83.4,13.7,1.2,0.0,0.0,21.0
2025-10-16 03:00:00,3,10,15.5,13.7,11.4,1.223,0.0,0.0,12.7
2025-10-16 04:00:00,4,10,30.6,18.1,41.9,1.162,0.0,0.0,61.9
2025-10-16 05:00:00,5,10,24.0,96.3,6.7,1.188,0.0,0.0,7.0
2025-10-16 06:00:00,6,10,30.1,46.1,39.1,1.164,0.0,0.0,54.4
2025-10-16 07:00:00,7,10,29.5,10.9,30.1,1.166,1.1,22.2,44.8
2025-10-16 08:00:00,8,10,16.0,4.7,17.1,1.221,3.1,77.1,24.8
2025-10-16 09:00:00,9,10,30.6,75.5,17.8,1.162,1.2,0.0,18.5
2025-10-16 10:00:00,10,10,25.1,56.2,44.9,1.184,3.9,78.6,59.0
2025-10-16 11:00:00,11,10,35.7,37.2,34.3,1.143,6.5,145.4,52.9
2025-10-16 12:00:00,12,10,24.6,46.6,17.5,1.186,7.7,169.7,26.1
2025-10-16 13:00:00,13,10,23.4,83.6,33.6,1.19,4.2,69.0,55.5
2025-10-16 14:00:00,14,10,35.3,41.3,22.5,1.144,4.6,90.9,32.5
2025-10-16 15:00:00,15,10,32.7,59.3,28.7,1.154,2.0,30.1,44.3
2025-10-16 16:00:00,16,10,28.5,33.7,28.9,1.17,1.6,18.9,40.5
2025-10-16 17:00:00,17,10,44.6,85.3,36.2,1.111,0.0,0.0,51.4
2025-10-16 18:00:00,18,10,29.3,28.8,27.1,1.167,0.0,0.0,37.8
2025-10-16 19:00:00,19,10,26.3,29.2,40.2,1.179,0.0,0.0,49.4
2025-10-16 20:00:00,20,10,14.3,93.7,24.3,1.228,0.0,0.0,28.9
2025-10-16 21:00:00,21,10,19.7,38.2,11.5,1.205,0.0,0.0,12.5
2025-10-16 22:00:00,22,10,22.4,15.6,35.5,1.194,0.0,0.0,49.7
2025-10-16 23:00:00,23,10,13.5,89.7,35.2,1.231,0.0,0.0,46.0
2025-10-17 00:00:00,0,10,36.0,43.8,42.9,1.142,0.0,0.0,61.5
2025-10-17 01:00:00,1,10,31.9,30.3,42.1,1.157,0.0,0.0,56.1
2025-10-17 02:00:00,2,10,16.5,31.3,40.0,1.219,0.0,0.0,57.3
2025-10-17 03:00:00,3,10,5.1,28.2,29.0,1.269,0.0,0.0,41.1
2025-10-17 04:00:00,4,10,16.1,95.1,35.5,1.22,0.0,0.0,51.5
2025-10-17 05:00:00,5,10,28.9,45.2,30.8,1.169,0.0,0.0,43.5
2025-10-17 06:00:00,6,10,19.2,12.7,35.7,1.207,0.0,0.0,51.9
2025-10-17 07:00:00,7,10,35.2,92.7,9.5,1.145,0.0,0.0,6.2
2025-10-17 08:00:00,8,10,25.6,84.8,27.0,1.182,0.0,0.0,41.1
2025-10-17 09:00:00,9,10,15.6,71.3,24.4,1.222,1.4,0.0,38.4
2025-10-17 10:00:00,10,10,26.9,80.6,43.8,1.176,2.6,22.8,63.3
2025-10-17 11:00:00,11,10,24.9,83.8,13.9,1.184,4.1,60.0,23.0
2025-10-17 12:00:00,12,10,11.8,69.8,34.7,1.239,6.5,133.9,56.4
2025-10-17 13:00:00,13,10,21.3,70.3,15.5,1.199,4.8,85.1,16.4
2025-10-17 14:00:00,14,10,16.5,83.9,19.6,1.219,2.5,23.8,26.8
2025-10-17 15:00:00,15,10,27.6,83.9,33.9,1.174,0.8,0.0,48.2
2025-10-17 16:00:00,16,10,27.3,69.5,43.7,1.175,0.0,0.0,59.7
2025-10-17 17:00:00,17,10,14.2,60.1,31.9,1.228,0.0,0.0,45.9
2025-10-17 18:00:00,18,10,25.2,1.2,7.6,1.183,0.0,0.0,4.7
2025-10-17 19:00:00,19,10,33.9,92.0,18.2,1.15,0.0,0.0,22.3
2025-10-17 20:00:00,20,10,30.1,8.4,30.1,1.164,0.0,0.0,41.1
2025-10-17 21:00:00,21,10,24.8,75.0,17.9,1.185,0.0,0.0,25.9
2025-10-17 22:00:00,22,10,32.0,31.0,30.8,1.157,0.0,0.0,47.6
2025-10-17 23:00:00,23,10,25.6,3.0,32.5,1.182,0.0,0.0,39.6
2025-10-18 00:00:00,0,10,50.9,3.2,40.3,1.089,0.0,0.0,56.4
2025-10-18 01:00:00,1,10,34.9,57.3,13.8,1.146,0.0,0.0,23.5
2025-10-18 02:00:00,2,10,30.3,4.7,7.5,1.163,0.0,6.2,3.1
2025-10-18 03:00:00,3,10,29.2,85.4,40.9,1.167,0.0,0.0,58.7
2025-10-18 04:00:00,4,10,30.7,71.6,19.4,1.162,0.0,0.0,24.6
2025-10-18 05:00:00,5,10,19.7,89.4,15.0,1.205,0.0,0.0,19.9
2025-10-18 06:00:00,6,10,42.0,82.0,23.6,1.12,0.0,0.0,32.9
2025-10-18 07:00:00,7,10,42.8,66.5,33.5,1.117,0.0,0.0,45.9
2025-10-18 08:00:00,8,10,22.4,0.5,21.9,1.194,3.3,78.2,29.9
2025-10-18 09:00:00,9,10,21.8,48.6,36.0,1.197,2.6,34.6,52.9
2025-10-18 10:00:00,10,10,17.2,20.2,5.2,1.216,5.7,124.3,6.8
2025-10-18 11:00:00,11,10,27.9,50.6,43.7,1.173,5.8,118.9,63.6
2025-10-18 12:00:00,12,10,20.2,70.4,26.0,1.203,6.5,134.9,36.7
2025-10-18 13:00:00,13,10,41.4,28.7,40.8,1.122,6.9,148.8,62.7
2025-10-18 14:00:00,14,10,10.4,13.8,19.7,1.245,6.0,150.2,26.0
2025-10-18 15:00:00,15,10,20.5,12.6,16.4,1.202,4.4,104.2,19.1
2025-10-18 16:00:00,16,10,10.9,22.8,30.9,1.243,2.2,46.3,41.8
2025-10-18 17:00:00,17,10,35.4,4.6,41.3,1.144,1.4,38.9,62.0
2025-10-18 18:00:00,18,10,27.2,3.9,31.5,1.175,0.0,0.1,47.3
2025-10-18 19:00:00,19,10,28.6,40.8,32.3,1.17,0.0,0.0,42.8
2025-10-18 20:00:00,20,10,17.6,67.8,20.4,1.214,0.0,0.0,27.7
2025-10-18 21:00:00,21,10,33.7,34.1,36.4,1.15,0.0,0.0,53.0
2025-10-18 22:00:00,22,10,47.0,9.8,27.5,1.103,0.0,0.0,36.0
2025-10-18 23:00:00,23,10,36.5,93.0,33.8,1.14,0.0,0.0,56.9
2025-10-19 00:00:00,0,10,16.7,81.9,28.7,1.218,0.0,0.0,40.3
2025-10-19 01:00:00,1,10,30.5,20.9,28.7,1.162,0.0,2.1,36.6
2025-10-19 02:00:00,2,10,32.5,32.2,40.3,1.155,0.0,0.0,61.5
2025-10-19 03:00:00,3,10,42.7,53.8,40.2,1.118,0.0,0.0,59.4
2025-10-19 04:00:00,4,10,37.1,28.5,31.3,1.138,0.0,0.0,44.4
2025-10-19 05:00:00,5,10,26.1,71.5,19.4,1.18,0.0,0.0,30.9
2025-10-19 06:00:00,6,10,17.8,42.9,37.8,1.213,0.0,0.0,55.2
2025-10-19 07:00:00,7,10,15.8,91.2,24.9,1.222,0.0,0.0,29.8
2025-10-19 08:00:00,8,10,14.3,66.2,25.6,1.228,0.0,0.0,35.9
2025-10-19 09:00:00,9,10,38.9,39.8,35.4,1.131,3.0,60.0,52.3
2025-10-19 10:00:00,10,10,21.0,80.5,9.7,1.2,2.6,29.2,6.1
2025-10-19 11:00:00,11,10,22.5,99.1,37.4,1.194,3.4,28.9,50.0
2025-10-19 12:00:00,12,10,31.2,21.6,5.1,1.16,8.9,214.4,2.6
2025-10-19 13:00:00,13,10,27.9,92.9,39.0,1.173,3.7,50.5,56.4
2025-10-19 14:00:00,14,10,21.3,4.1,37.3,1.199,6.5,155.1,52.3
2025-10-19 15:00:00,15,10,27.1,68.1,31.7,1.176,1.6,2.4,46.1
2025-10-19 16:00:00,16,10,23.3,19.3,15.6,1.191,2.4,57.7,21.7
2025-10-19 17:00:00,17,10,40.2,34.7,30.5,1.126,0.0,0.0,44.0
2025-10-19 18:00:00,18,10,25.2,88.0,12.6,1.183,0.0,0.0,17.5
2025-10-19 19:00:00,19,10,13.4,74.6,31.6,1.232,0.0,0.0,49.8
2025-10-19 20:00:00,20,10,14.8,39.1,37.9,1.226,0.0,0.0,56.7
2025-10-19 21:00:00,21,10,29.5,87.4,9.4,1.166,0.0,0.0,10.1
2025-10-19 22:00:00,22,10,36.9,37.0,27.3,1.138,0.0,0.0,36.5
2025-10-19 23:00:00,23,10,23.6,71.5,11.6,1.19,0.0,0.0,11.3
2025-10-20 00:00:00,0,10,22.3,63.9,43.8,1.195,0.0,0.0,64.6
2025-10-20 01:00:00,1,10,25.0,3.9,36.3,1.184,0.0,0.0,50.9
2025-10-20 02:00:00,2,10,23.6,17.1,15.5,1.19,0.0,0.0,22.3
2025-10-20 03:00:00,3,10,26.4,77.8,10.2,1.178,0.0,0.0,10.0
2025-10-20 04:00:00,4,10,27.8,52.0,41.2,1.173,0.0,0.0,60.9
2025-10-20 05:00:00,5,10,26.0,33.4,36.1,1.18,0.0,0.0,58.3
2025-10-20 06:00:00,6,10,37.8,92.0,33.2,1.135,0.0,0.0,43.5
2025-10-20 07:00:00,7,10,24.5,30.7,40.1,1.186,0.1,0.0,56.2
2025-10-20 08:00:00,8,10,5.4,23.3,7.1,1.267,2.2,45.0,8.3
2025-10-20 09:00:00,9,10,32.3,44.1,19.9,1.156,2.8,48.6,29.4
2025-10-20 10:00:00,10,10,24.7,13.7,39.3,1.185,6.0,148.2,56.2
2025-10-20 11:00:00,11,10,24.1,36.1,43.0,1.188,6.5,147.6,62.2
2025-10-20 12:00:00,12,10,23.5,82.7,22.6,1.19,5.9,109.8,28.1
2025-10-20 13:00:00,13,10,15.1,66.8,25.8,1.225,5.0,90.8,36.7
2025-10-20 14:00:00,14,10,13.8,34.2,21.3,1.23,5.0,107.7,27.4
2025-10-20 15:00:00,15,10,28.8,28.1,37.1,1.169,3.6,75.8,50.4
2025-10-20 16:00:00,16,10,17.5,8.4,15.4,1.214,2.9,68.8,20.1
2025-10-20 17:00:00,17,10,31.1,20.5,29.2,1.16,0.6,6.4,36.4
2025-10-20 18:00:00,18,10,31.4,36.7,24.2,1.159,0.0,0.0,29.3
2025-10-20 19:00:00,19,10,19.3,2.7,20.1,1.207,0.0,0.7,26.4
2025-10-20 20:00:00,20,10,23.6,55.7,26.3,1.19,0.0,0.0,40.2
2025-10-20 21:00:00,21,10,34.8,94.9,5.7,1.146,0.0,0.0,2.7
2025-10-20 22:00:00,22,10,43.6,59.1,25.6,1.114,0.0,0.0,37.4
2025-10-20 23:00:00,23,10,16.9,38.5,26.2,1.217,0.0,0.0,33.5
2025-10-21 00:00:00,0,10,26.9,25.6,5.7,1.176,0.0,0.0,6.3
2025-10-21 01:00:00,1,10,23.6,55.9,31.6,1.19,0.0,0.0,44.9
2025-10-21 02:00:00,2,10,25.8,10.1,45.0,1.181,0.0,1.5,63.0
2025-10-21 03:00:00,3,10,22.4,80.6,6.6,1.194,0.0,0.0,4.2
2025-10-21 04:00:00,4,10,18.4,14.7,37.1,1.211,0.0,0.0,56.6
2025-10-21 05:00:00,5,10,36.3,28.5,43.9,1.141,0.0,0.0,58.7
2025-10-21 06:00:00,6,10,23.0,69.4,20.8,1.192,0.0,0.0,22.5
2025-10-21 07:00:00,7,10,8.9,67.7,9.4,1.252,0.0,0.0,17.1
2025-10-21 08:00:00,8,10,30.0,48.8,25.6,1.164,0.9,0.0,34.5
2025-10-21 09:00:00,9,10,10.4,5.6,12.8,1.245,4.7,112.6,23.8
2025-10-21 10:00:00,10,10,19.1,58.4,41.2,1.208,3.7,63.0,55.3
2025-10-21 11:00:00,11,10,24.7,64.9,28.1,1.185,5.1,93.7,44.5
2025-10-21 12:00:00,12,10,29.8,62.3,10.4,1.165,6.9,142.6,10.9
2025-10-21 13:00:00,13,10,33.1,19.8,40.2,1.153,7.3,166.5,59.2
2025-10-21 14:00:00,14,10,30.3,32.6,23.8,1.163,5.0,109.3,37.2
2025-10-21 15:00:00,15,10,35.2,85.6,24.9,1.145,0.7,0.0,33.1
2025-10-21 16:00:00,16,10,18.1,44.5,42.0,1.212,1.1,6.9,57.1
2025-10-21 17:00:00,17,10,25.3,82.8,11.0,1.183,0.0,0.0,8.7
2025-10-21 18:00:00,18,10,17.9,42.8,31.0,1.213,0.0,0.0,44.6
2025-10-21 19:00:00,19,10,36.1,10.6,17.0,1.141,0.0,0.0,18.9
2025-10-21 20:00:00,20,10,10.4,48.2,37.6,1.245,0.0,0.0,58.6
2025-10-21 21:00:00,21,10,19.8,52.8,25.0,1.205,0.0,0.0,32.9
2025-10-21 22:00:00,22,10,26.7,62.3,32.0,1.177,0.0,0.0,41.1
2025-10-21 23:00:00,23,10,23.5,91.5,37.0,1.19,0.0,0.0,50.5
2025-10-22 00:00:00,0,10,17.6,14.5,14.3,1.214,0.0,0.0,15.5
2025-10-22 01:00:00,1,10,27.2,71.2,40.0,1.175,0.0,0.0,56.7
2025-10-22 02:00:00,2,10,34.5,40.9,33.9,1.147,0.0,0.0,42.3
2025-10-22 03:00:00,3,10,14.7,12.7,42.3,1.226,0.0,1.4,57.1
2025-10-22 04:00:00,4,10,15.3,7.7,8.8,1.224,0.0,4.0,12.6
2025-10-22 05:00:00,5,10,14.5,21.2,41.4,1.227,0.0,0.0,57.7
2025-10-22 06:00:00,6,10,16.9,26.7,8.6,1.217,0.0,0.0,12.2
2025-10-22 07:00:00,7,10,31.6,32.9,28.6,1.158,0.0,0.0,37.0
2025-10-22 08:00:00,8,10,24.9,43.2,10.0,1.184,1.2,7.3,7.8
2025-10-22 09:00:00,9,10,22.3,48.3,41.1,1.195,2.6,32.4,62.4
2025-10-22 10:00:00,10,10,27.6,8.8,35.1,1.174,6.2,156.4,50.2
2025-10-22 11:00:00,11,10,39.2,70.3,23.0,1.13,4.8,77.6,28.7
2025-10-22 12:00:00,12,10,21.0,81.9,26.0,1.2,5.9,106.9,36.2
2025-10-22 13:00:00,13,10,36.0,14.4,13.3,1.142,7.6,179.1,18.5
2025-10-22 14:00:00,14,10,11.5,70.3,22.7,1.24,3.2,43.0,32.9
2025-10-22 15:00:00,15,10,24.2,84.6,19.7,1.187,0.8,0.0,22.7
2025-10-22 16:00:00,16,10,26.9,22.6,18.3,1.176,2.2,42.9,27.3
2025-10-22 17:00:00,17,10,19.3,24.2,15.6,1.207,0.5,0.0,23.8
2025-10-22 18:00:00,18,10,40.1,29.2,12.5,1.127,0.0,0.0,17.3
2025-10-22 19:00:00,19,10,21.7,3.0,22.2,1.197,0.0,0.0,27.5
2025-10-22 20:00:00,20,10,23.8,79.3,16.7,1.189,0.0,0.0,22.8
2025-10-22 21:00:00,21,10,18.6,11.0,31.5,1.21,0.0,0.0,51.9
2025-10-22 22:00:00,22,10,35.4,98.6,27.1,1.144,0.0,0.0,39.5
2025-10-22 23:00:00,23,10,27.6,4.2,6.2,1.174,0.0,0.0,7.4
2025-10-23 00:00:00,0,10,35.6,42.0,36.4,1.143,0.0,0.0,50.5
2025-10-23 01:00:00,1,10,30.8,40.0,38.5,1.161,0.0,0.0,53.5
2025-10-23 02:00:00,2,10,23.1,28.2,7.6,1.192,0.0,0.0,11.4
2025-10-23 03:00:00,3,10,26.4,82.3,31.8,1.178,0.0,0.0,46.0
2025-10-23 04:00:00,4,10,38.1,50.5,33.4,1.134,0.0,0.0,44.9
2025-10-23 05:00:00,5,10,26.1,7.5,15.9,1.18,0.0,0.0,19.5
2025-10-23 06:00:00,6,10,38.1,67.9,40.9,1.134,0.0,0.0,56.0
2025-10-23 07:00:00,7,10,15.4,5.5,15.0,1.223,1.4,34.2,17.5
2025-10-23 08:00:00,8,10,29.3,24.5,14.8,1.167,2.1,40.9,19.6
2025-10-23 09:00:00,9,10,30.4,79.3,25.6,1.163,1.0,0.0,33.0
2025-10-23 10:00:00,10,10,33.0,54.3,28.1,1.153,4.0,71.2,36.3
2025-10-23 11:00:00,11,10,26.2,59.7,40.7,1.179,5.3,106.2,58.7
2025-10-23 12:00:00,12,10,30.4,61.5,27.0,1.163,6.9,146.5,39.9
2025-10-23 13:00:00,13,10,22.4,52.8,15.4,1.194,5.7,111.8,18.8
2025-10-23 14:00:00,14,10,29.7,96.4,34.4,1.166,1.8,0.0,49.0
2025-10-23 15:00:00,15,10,27.8,3.6,27.1,1.173,4.8,114.9,38.9
2025-10-23 16:00:00,16,10,26.0,74.6,32.6,1.18,0.0,0.0,44.3
2025-10-23 17:00:00,17,10,17.7,25.1,12.7,1.214,0.4,0.0,16.2
2025-10-23 18:00:00,18,10,39.5,51.2,38.0,1.129,0.0,0.0,51.2
2025-10-23 19:00:00,19,10,25.6,34.8,31.8,1.182,0.0,0.0,46.8
2025-10-23 20:00:00,20,10,38.9,72.4,10.2,1.131,0.0,0.0,11.1
2025-10-23 21:00:00,21,10,23.8,48.9,14.3,1.189,0.0,0.0,18.1
2025-10-23 22:00:00,22,10,14.0,24.7,24.1,1.229,0.0,0.0,37.9
2025-10-23 23:00:00,23,10,13.0,27.6,25.1,1.234,0.0,0.0,38.9
2025-10-24 00:00:00,0,10,35.2,24.1,19.7,1.145,0.0,0.0,26.7
2025-10-24 01:00:00,1,10,19.4,7.4,25.4,1.207,0.0,9.4,39.4
2025-10-24 02:00:00,2,10,27.6,28.7,18.3,1.174,0.0,0.0,23.3
2025-10-24 03:00:00,3,10,42.9,49.8,37.3,1.117,0.0,0.0,55.4
2025-10-24 04:00:00,4,10,14.2,73.9,28.0,1.228,0.0,0.0,37.5
2025-10-24 05:00:00,5,10,20.7,96.0,33.3,1.201,0.0,0.0,46.5
2025-10-24 06:00:00,6,10,18.8,38.5,18.0,1.209,0.0,0.0,17.1
2025-10-24 07:00:00,7,10,37.7,52.8,23.4,1.136,0.0,0.0,33.6
2025-10-24 08:00:00,8,10,34.4,94.4,37.3,1.148,0.0,0.0,51.2
2025-10-24 09:00:00,9,10,26.0,79.4,25.1,1.18,1.0,0.0,33.6
2025-10-24 10:00:00,10,10,21.4,56.0,35.0,1.198,3.9,69.6,54.3
2025-10-24 11:00:00,11,10,23.6,88.0,40.8,1.19,3.9,52.8,54.4
2025-10-24 12:00:00,12,10,16.6,84.9,38.7,1.218,5.8,106.0,58.4
2025-10-24 13:00:00,13,10,32.2,45.4,13.5,1.156,6.1,127.9,17.7
2025-10-24 14:00:00,14,10,23.4,12.6,36.6,1.19,6.0,138.7,58.3
2025-10-24 15:00:00,15,10,27.6,28.8,28.1,1.174,3.6,73.5,42.9
2025-10-24 16:00:00,16,10,31.9,83.9,41.2,1.157,0.0,0.0,52.3
2025-10-24 17:00:00,17,10,21.0,92.5,38.3,1.2,0.0,0.0,56.4
2025-10-24 18:00:00,18,10,26.7,38.0,10.3,1.177,0.0,0.0,9.6
2025-10-24 19:00:00,19,10,20.0,15.1,12.4,1.204,0.0,0.0,14.3
2025-10-24 20:00:00,20,10,14.6,24.7,14.8,1.227,0.0,0.0,22.2
2025-10-24 21:00:00,21,10,28.6,32.9,40.4,1.17,0.0,0.0,60.1
2025-10-24 22:00:00,22,10,15.4,34.6,26.9,1.223,0.0,0.0,36.1
2025-10-24 23:00:00,23,10,22.0,26.1,19.7,1.196,0.0,0.0,24.1
2025-10-25 00:00:00,0,10,14.6,79.2,20.3,1.227,0.0,0.0,25.8
2025-10-25 01:00:00,1,10,9.6,61.9,18.8,1.248,0.0,0.0,29.1
2025-10-25 02:00:00,2,10,15.9,85.6,19.7,1.221,0.0,0.0,25.2
2025-10-25 03:00:00,3,10,33.2,27.7,5.7,1.152,0.0,0.0,6.1
2025-10-25 04:00:00,4,10,22.8,37.9,41.4,1.193,0.0,0.0,53.6
2025-10-25 05:00:00,5,10,22.0,37.2,22.5,1.196,0.0,0.0,29.0
2025-10-25 06:00:00,6,10,18.7,38.6,15.4,1.209,0.0,0.0,18.1
2025-10-25 07:00:00,7,10,26.7,82.4,38.4,1.177,0.0,0.0,51.4
2025-10-25 08:00:00,8,10,26.4,71.3,11.7,1.178,0.0,0.0,12.7
2025-10-25 09:00:00,9,10,23.1,42.3,20.6,1.192,2.9,47.0,28.2
2025-10-25 10:00:00,10,10,38.6,88.8,38.0,1.132,2.2,7.8,51.9
2025-10-25 11:00:00,11,10,15.7,25.1,32.2,1.222,7.1,163.6,46.7
2025-10-25 12:00:00,12,10,27.4,17.0,9.6,1.174,9.2,217.5,10.0
2025-10-25 13:00:00,13,10,24.1,6.8,12.9,1.188,8.0,203.9,14.7
2025-10-25 14:00:00,14,10,24.7,80.2,10.5,1.185,2.7,34.1,11.0
2025-10-25 15:00:00,15,10,7.4,41.8,43.2,1.258,2.9,48.7,59.9
2025-10-25 16:00:00,16,10,39.9,4.6,19.0,1.128,3.1,70.8,27.2
2025-10-25 17:00:00,17,10,27.7,26.5,18.2,1.173,0.3,0.0,28.7
2025-10-25 18:00:00,18,10,17.0,28.0,25.5,1.217,0.0,0.0,37.8
2025-10-25 19:00:00,19,10,25.1,30.2,17.2,1.184,0.0,0.0,20.0
2025-10-25 20:00:00,20,10,12.6,61.5,25.4,1.235,0.0,0.0,33.6
2025-10-25 21:00:00,21,10,22.8,91.8,39.0,1.193,0.0,0.0,58.0
2025-10-25 22:00:00,22,10,33.2,68.4,33.5,1.152,0.0,0.0,46.3
2025-10-25 23:00:00,23,10,18.6,51.4,35.2,1.21,0.0,0.0,47.6
2025-10-26 00:00:00,0,10,18.6,90.1,8.8,1.21,0.0,0.0,14.4
2025-10-26 01:00:00,1,10,17.8,68.4,44.5,1.213,0.0,0.0,65.3
2025-10-26 02:00:00,2,10,37.3,61.9,36.3,1.137,0.0,0.0,55.5
2025-10-26 03:00:00,3,10,35.9,87.1,26.4,1.142,0.0,0.0,34.3
2025-10-26 04:00:00,4,10,24.0,94.3,39.7,1.188,0.0,0.0,63.5
2025-10-26 05:00:00,5,10,32.6,8.0,36.1,1.154,0.0,0.0,55.8
2025-10-26 06:00:00,6,10,25.3,97.3,32.0,1.183,0.0,0.0,43.4
2025-10-26 07:00:00,7,10,19.8,82.5,18.4,1.205,0.0,0.0,25.4
2025-10-26 08:00:00,8,10,23.3,34.1,33.1,1.191,1.6,27.7,46.0
2025-10-26 09:00:00,9,10,16.8,28.6,28.5,1.217,3.6,79.1,41.6
2025-10-26 10:00:00,10,10,39.7,86.6,39.1,1.128,2.3,1.7,54.5
2025-10-26 11:00:00,11,10,19.1,64.7,41.4,1.208,5.1,94.0,57.5
2025-10-26 12:00:00,12,10,19.2,10.6,8.5,1.207,9.5,232.0,10.5
2025-10-26 13:00:00,13,10,29.0,50.9,39.4,1.168,5.8,120.2,52.3
2025-10-26 14:00:00,14,10,31.6,72.6,27.3,1.158,3.0,30.6,36.4
2025-10-26 15:00:00,15,10,26.8,99.8,29.2,1.177,0.0,0.0,38.6
2025-10-26 16:00:00,16,10,17.7,36.2,19.8,1.214,1.5,14.9,28.3
2025-10-26 17:00:00,17,10,26.2,12.0,16.9,1.179,1.1,24.9,20.8
2025-10-26 18:00:00,18,10,17.7,49.4,15.7,1.214,0.0,0.0,22.5
2025-10-26 19:00:00,19,10,20.9,38.1,9.5,1.2,0.0,0.0,8.8
2025-10-26 20:00:00,20,10,17.3,5.4,9.9,1.215,0.0,0.4,12.7
2025-10-26 21:00:00,21,10,11.9,45.9,20.9,1.238,0.0,0.0,26.3
2025-10-26 22:00:00,22,10,30.9,26.0,41.9,1.161,0.0,0.0,60.0
2025-10-26 23:00:00,23,10,28.2,60.3,27.2,1.171,0.0,0.0,34.4
2025-10-27 00:00:00,0,10,32.5,65.1,12.5,1.155,0.0,0.0,18.6
2025-10-27 01:00:00,1,10,20.7,52.2,38.6,1.201,0.0,0.0,49.2
2025-10-27 02:00:00,2,10,43.0,0.3,38.0,1.117,0.0,0.0,58.4
2025-10-27 03:00:00,3,10,20.7,35.8,38.1,1.201,0.0,0.0,57.6
2025-10-27 04:00:00,4,10,17.1,39.1,25.8,1.216,0.0,0.0,38.8
2025-10-27 05:00:00,5,10,28.6,78.1,28.0,1.17,0.0,0.0,39.5
2025-10-27 06:00:00,6,10,15.0,48.2,22.7,1.225,0.0,0.0,31.0
2025-10-27 07:00:00,7,10,22.4,11.5,11.8,1.194,1.1,22.1,13.6
2025-10-27 08:00:00,8,10,29.3,66.2,32.8,1.167,0.0,0.0,51.3
2025-10-27 09:00:00,9,10,24.1,56.0,43.7,1.188,2.2,30.4,62.4
2025-10-27 10:00:00,10,10,24.3,3.8,17.5,1.187,6.5,162.5,20.8
2025-10-27 11:00:00,11,10,21.3,8.5,21.3,1.199,7.9,189.4,31.4
2025-10-27 12:00:00,12,10,25.6,51.0,13.9,1.182,7.4,165.0,19.0
2025-10-27 13:00:00,13,10,28.5,42.7,20.8,1.17,6.2,139.4,30.9
2025-10-27 14:00:00,14,10,16.2,27.4,9.6,1.22,5.3,123.8,12.8
2025-10-27 15:00:00,15,10,24.1,51.6,6.3,1.188,2.4,38.6,8.7
2025-10-27 16:00:00,16,10,26.9,29.4,6.7,1.176,1.9,30.5,7.5
2025-10-27 17:00:00,17,10,23.3,30.2,17.7,1.191,0.2,0.0,21.3
2025-10-27 18:00:00,18,10,17.7,20.7,15.7,1.214,0.0,0.0,17.8
2025-10-27 19:00:00,19,10,25.2,42.6,30.1,1.183,0.0,0.0,43.5
2025-10-27 20:00:00,20,10,33.4,97.6,37.2,1.151,0.0,0.0,59.6
2025-10-27 21:00:00,21,10,28.5,31.1,12.7,1.17,0.0,0.0,18.8
2025-10-27 22:00:00,22,10,24.2,41.5,39.8,1.187,0.0,0.0,56.0
2025-10-27 23:00:00,23,10,19.8,72.5,7.6,1.205,0.0,0.0,8.5
2025-10-28 00:00:00,0,10,34.6,12.9,34.3,1.147,0.0,0.0,45.7
2025-10-28 01:00:00,1,10,26.0,80.7,39.3,1.18,0.0,0.0,63.2
2025-10-28 02:00:00,2,10,28.8,37.3,10.5,1.169,0.0,0.0,18.0
2025-10-28 03:00:00,3,10,17.0,75.4,17.2,1.217,0.0,0.0,24.6
2025-10-28 04:00:00,4,10,18.2,96.7,39.8,1.212,0.0,0.0,51.7
2025-10-28 05:00:00,5,10,27.8,97.1,8.6,1.173,0.0,0.0,8.8
2025-10-28 06:00:00,6,10,24.9,14.7,15.8,1.184,0.0,0.0,21.3
2025-10-28 07:00:00,7,10,19.9,78.5,27.3,1.205,0.0,0.0,41.8
2025-10-28 08:00:00,8,10,13.4,3.7,17.0,1.232,3.1,73.6,25.5
2025-10-28 09:00:00,9,10,38.6,14.5,12.3,1.132,4.3,104.3,8.2
2025-10-28 10:00:00,10,10,33.2,19.8,32.4,1.152,5.7,131.5,53.7
2025-10-28 11:00:00,11,10,27.2,65.0,8.0,1.175,5.1,83.3,10.2
2025-10-28 12:00:00,12,10,22.1,41.9,16.1,1.196,7.9,171.5,21.0
2025-10-28 13:00:00,13,10,27.5,59.2,44.0,1.174,5.4,111.4,60.2
2025-10-28 14:00:00,14,10,24.0,34.3,27.3,1.188,5.0,107.4,35.6
2025-10-28 15:00:00,15,10,12.8,68.1,27.1,1.234,1.6,8.9,40.1
2025-10-28 16:00:00,16,10,24.0,10.7,19.8,1.188,2.8,54.4,27.0
2025-10-28 17:00:00,17,10,22.7,25.1,29.9,1.193,0.4,5.2,44.3
2025-10-28 18:00:00,18,10,16.7,74.0,7.5,1.218,0.0,0.0,9.5
2025-10-28 19:00:00,19,10,28.6,54.1,37.1,1.17,0.0,0.0,60.4
2025-10-28 20:00:00,20,10,41.1,88.1,43.7,1.123,0.0,0.0,55.1
2025-10-28 21:00:00,21,10,11.6,11.2,36.1,1.24,0.0,0.0,47.5
2025-10-28 22:00:00,22,10,40.7,94.2,38.1,1.125,0.0,0.0,51.4
2025-10-28 23:00:00,23,10,25.7,54.9,18.2,1.181,0.0,0.0,19.9
2025-10-29 00:00:00,0,10,28.2,38.0,7.9,1.171,0.0,0.0,11.0
2025-10-29 01:00:00,1,10,35.9,79.3,40.0,1.142,0.0,0.0,54.3
2025-10-29 02:00:00,2,10,33.7,24.9,10.7,1.15,0.0,0.0,10.3
2025-10-29 03:00:00,3,10,36.3,90.0,29.7,1.141,0.0,0.0,42.3
2025-10-29 04:00:00,4,10,31.7,15.4,40.2,1.158,0.0,0.0,58.2
2025-10-29 05:00:00,5,10,13.2,37.7,29.0,1.233,0.0,0.0,44.4
2025-10-29 06:00:00,6,10,16.6,45.4,42.4,1.218,0.0,0.0,63.6
2025-10-29 07:00:00,7,10,26.6,48.4,15.8,1.178,0.0,0.0,26.5
2025-10-29 08:00:00,8,10,20.8,23.5,22.0,1.201,2.2,44.5,36.1
2025-10-29 09:00:00,9,10,27.5,88.4,30.8,1.174,0.6,0.0,49.3
2025-10-29 10:00:00,10,10,25.8,50.7,13.7,1.181,4.1,69.5,18.6
2025-10-29 11:00:00,11,10,22.2,94.3,5.7,1.195,3.6,45.4,2.2
2025-10-29 12:00:00,12,10,32.0,30.2,24.2,1.157,8.5,202.0,30.6
2025-10-29 13:00:00,13,10,11.1,5.5,8.4,1.242,8.1,203.5,12.5
2025-10-29 14:00:00,14,10,29.1,52.1,38.1,1.168,4.1,80.1,49.9
2025-10-29 15:00:00,15,10,15.3,74.8,9.9,1.224,1.3,0.0,7.0
2025-10-29 16:00:00,16,10,28.8,58.6,34.7,1.169,0.4,0.0,47.5
2025-10-29 17:00:00,17,10,26.3,72.9,35.6,1.179,0.0,0.0,47.5
2025-10-29 18:00:00,18,10,14.1,5.4,12.8,1.229,0.0,8.1,15.6
2025-10-29 19:00:00,19,10,34.8,80.7,18.9,1.146,0.0,0.0,24.5
2025-10-29 20:00:00,20,10,23.5,83.9,17.7,1.19,0.0,0.0,21.2
2025-10-29 21:00:00,21,10,17.3,86.3,40.2,1.215,0.0,0.0,58.5
2025-10-29 22:00:00,22,10,29.2,22.5,6.8,1.167,0.0,0.0,9.2
2025-10-29 23:00:00,23,10,30.4,97.9,44.8,1.163,0.0,0.0,66.4
2025-10-30 00:00:00,0,10,18.5,24.0,34.7,1.21,0.0,0.0,50.5
2025-10-30 01:00:00,1,10,40.1,57.9,15.6,1.127,0.0,0.0,26.2
2025-10-30 02:00:00,2,10,33.5,8.4,16.1,1.151,0.0,0.0,21.9
2025-10-30 03:00:00,3,10,16.1,9.3,19.1,1.22,0.0,0.0,25.1
2025-10-30 04:00:00,4,10,29.1,4.5,43.8,1.168,0.0,1.8,62.4
2025-10-30 05:00:00,5,10,29.3,80.9,10.5,1.167,0.0,0.0,15.7
2025-10-30 06:00:00,6,10,10.7,85.9,16.1,1.244,0.0,0.0,24.1
2025-10-30 07:00:00,7,10,27.3,35.3,16.9,1.175,0.0,0.0,21.5
2025-10-30 08:00:00,8,10,22.2,39.0,21.7,1.195,1.4,17.6,30.5
2025-10-30 09:00:00,9,10,24.8,30.8,38.7,1.185,3.5,67.4,59.4
2025-10-30 10:00:00,10,10,27.4,56.7,20.5,1.174,3.8,67.5,23.6
2025-10-30 11:00:00,11,10,17.3,47.2,19.6,1.215,6.0,124.9,21.4
2025-10-30 12:00:00,12,10,30.7,31.8,43.7,1.162,8.4,187.8,65.0
2025-10-30 13:00:00,13,10,28.3,57.7,44.7,1.171,5.4,102.7,65.7
2025-10-30 14:00:00,14,10,23.6,55.8,16.3,1.19,3.9,69.7,19.3
2025-10-30 15:00:00,15,10,13.1,27.8,34.6,1.233,3.6,80.3,44.4
2025-10-30 16:00:00,16,10,16.2,0.0,37.2,1.22,3.3,79.2,54.7
2025-10-30 17:00:00,17,10,16.9,60.9,9.1,1.217,0.0,0.0,13.3
2025-10-30 18:00:00,18,10,31.9,75.2,38.8,1.157,0.0,0.0,57.4
2025-10-30 19:00:00,19,10,18.2,39.6,36.8,1.212,0.0,0.0,55.4
2025-10-30 20:00:00,20,10,29.9,50.8,7.2,1.165,0.0,0.0,6.4
2025-10-30 21:00:00,21,10,25.8,0.2,38.4,1.181,0.0,3.9,52.3
2025-10-30 22:00:00,22,10,20.6,86.3,10.3,1.202,0.0,0.0,13.4
2025-10-30 23:00:00,23,10,44.7,45.5,5.9,1.111,0.0,0.0,0.8
2025-10-31 00:00:00,0,10,35.3,47.1,23.1,1.144,0.0,0.0,27.6
2025-10-31 01:00:00,1,10,26.0,5.8,8.6,1.18,0.0,0.0,8.6
2025-10-31 02:00:00,2,10,30.5,31.6,22.9,1.162,0.0,0.0,31.4
2025-10-31 03:00:00,3,10,31.3,17.2,16.2,1.159,0.0,0.7,21.2
2025-10-31 04:00:00,4,10,17.4,80.2,12.0,1.215,0.0,0.0,17.2
2025-10-31 05:00:00,5,10,22.1,69.2,27.0,1.196,0.0,0.0,36.1
2025-10-31 06:00:00,6,10,25.7,92.9,22.1,1.181,0.0,0.0,34.6
2025-10-31 07:00:00,7,10,13.9,13.6,34.4,1.23,1.0,21.4,51.2
2025-10-31 08:00:00,8,10,32.7,60.9,5.8,1.154,0.3,0.0,3.3
2025-10-31 09:00:00,9,10,13.4,52.1,27.8,1.232,2.4,33.2,41.0
2025-10-31 10:00:00,10,10,25.4,81.7,14.9,1.182,2.6,25.8,22.2
2025-10-31 11:00:00,11,10,23.5,73.3,44.6,1.19,4.7,86.9,63.1
2025-10-31 12:00:00,12,10,23.1,51.8,20.3,1.192,7.4,153.5,28.5
2025-10-31 13:00:00,13,10,13.7,56.0,24.9,1.231,5.5,109.4,29.0
2025-10-31 14:00:00,14,10,30.2,15.1,14.8,1.164,5.9,137.8,17.7
2025-10-31 15:00:00,15,10,21.5,8.2,33.8,1.198,4.6,110.9,47.1
2025-10-31 16:00:00,16,10,21.1,55.2,32.1,1.2,0.6,0.0,44.4
2025-10-31 17:00:00,17,10,-0.3,7.4,23.2,1.294,1.3,25.5,34.0
2025-10-31 18:00:00,18,10,18.6,25.6,32.0,1.21,0.0,0.0,47.6
2025-10-31 19:00:00,19,10,36.1,73.3,41.2,1.141,0.0,0.0,62.5
2025-10-31 20:00:00,20,10,16.0,98.6,32.6,1.221,0.0,0.0,47.0
2025-10-31 21:00:00,21,10,26.1,95.4,39.5,1.18,0.0,0.0,54.0
2025-10-31 22:00:00,22,10,25.7,12.1,17.7,1.181,0.0,0.0,21.6
2025-10-31 23:00:00,23,10,14.8,36.0,25.1,1.226,0.0,0.0,35.7
2025-11-01 00:00:00,0,11,29.9,87.4,13.3,1.165,0.0,0.0,16.2
2025-11-01 01:00:00,1,11,24.8,36.2,19.9,1.185,0.0,0.0,28.8
2025-11-01 02:00:00,2,11,30.6,4.0,43.0,1.162,0.0,0.0,62.6
2025-11-01 03:00:00,3,11,22.6,15.9,18.4,1.194,0.0,0.0,24.1
2025-11-01 04:00:00,4,11,30.5,18.7,19.2,1.162,0.0,0.0,30.2
2025-11-01 05:00:00,5,11,24.8,64.0,39.0,1.185,0.0,0.0,57.2
2025-11-01 06:00:00,6,11,23.2,14.7,16.9,1.191,0.0,0.0,19.9
2025-11-01 07:00:00,7,11,40.1,53.9,15.6,1.127,0.0,0.0,16.8
2025-11-01 08:00:00,8,11,42.0,3.7,6.1,1.12,3.1,63.5,5.2
2025-11-01 09:00:00,9,11,19.2,3.7,33.2,1.207,4.8,115.8,46.7
2025-11-01 10:00:00,10,11,25.5,89.2,30.9,1.182,2.2,13.8,36.6
2025-11-01 11:00:00,11,11,25.0,23.5,18.7,1.184,7.2,172.9,30.8
2025-11-01 12:00:00,12,11,32.0,59.5,36.6,1.157,7.0,145.3,50.6
2025-11-01 13:00:00,13,11,20.3,83.6,10.4,1.203,4.2,65.3,4.2
2025-11-01 14:00:00,14,11,37.5,54.8,9.9,1.136,3.9,69.9,15.9
2025-11-01 15:00:00,15,11,23.0,66.3,41.2,1.192,1.7,11.6,59.6
2025-11-01 16:00:00,16,11,28.6,46.7,31.6,1.17,1.0,0.0,41.0
2025-11-01 17:00:00,17,11,17.0,52.5,8.4,1.217,0.0,0.0,9.8
2025-11-01 18:00:00,18,11,33.9,21.7,31.1,1.15,0.0,0.0,44.0
2025-11-01 19:00:00,19,11,26.5,40.3,5.5,1.178,0.0,0.0,4.6
2025-11-01 20:00:00,20,11,24.4,47.4,37.2,1.186,0.0,0.0,49.6
2025-11-01 21:00:00,21,11,20.8,90.1,23.0,1.201,0.0,0.0,31.6
2025-11-01 22:00:00,22,11,19.8,83.3,37.3,1.205,0.0,0.0,51.9
2025-11-01 23:00:00,23,11,23.7,12.0,41.4,1.189,0.0,0.0,62.0
2025-11-02 00:00:00,0,11,24.0,74.4,21.2,1.188,0.0,0.0,25.9
2025-11-02 01:00:00,1,11,17.9,60.1,39.5,1.213,0.0,0.0,58.3
2025-11-02 02:00:00,2,11,25.8,97.8,18.2,1.181,0.0,0.0,20.1
2025-11-02 03:00:00,3,11,15.7,41.3,27.6,1.222,0.0,0.0,35.1
2025-11-02 04:00:00,4,11,39.6,70.5,11.7,1.129,0.0,0.0,14.4
2025-11-02 05:00:00,5,11,38.0,79.0,28.9,1.134,0.0,0.0,40.3
2025-11-02 06:00:00,6,11,12.0,85.9,42.4,1.238,0.0,0.0,60.2
2025-11-02 07:00:00,7,11,17.2,23.1,15.6,1.216,0.5,5.2,15.7
2025-11-02 08:00:00,8,11,5.6,89.9,12.0,1.266,0.0,0.0,14.2
2025-11-02 09:00:00,9,11,21.9,79.0,14.4,1.196,1.0,0.0,22.2
2025-11-02 10:00:00,10,11,32.9,6.0,34.4,1.153,6.4,156.4,49.8
2025-11-02 11:00:00,11,11,34.6,23.5,13.1,1.147,7.2,175.4,16.4
2025-11-02 12:00:00,12,11,13.0,51.5,28.3,1.234,7.4,156.3,42.7
2025-11-02 13:00:00,13,11,12.6,58.4,22.1,1.235,5.4,106.0,30.9
2025-11-02 14:00:00,14,11,23.2,79.3,5.8,1.191,2.7,24.9,1.6
2025-11-02 15:00:00,15,11,23.9,57.2,30.6,1.188,2.1,20.1,43.7
2025-11-02 16:00:00,16,11,22.4,98.4,18.9,1.194,0.0,0.0,24.1
2025-11-02 17:00:00,17,11,16.5,91.8,33.5,1.219,0.0,0.0,47.4
2025-11-02 18:00:00,18,11,12.1,69.6,20.4,1.237,0.0,0.0,28.3
2025-11-02 19:00:00,19,11,42.9,29.5,23.5,1.117,0.0,0.0,34.2
2025-11-02 20:00:00,20,11,21.4,13.0,5.2,1.198,0.0,0.0,2.7
2025-11-02 21:00:00,21,11,24.2,37.7,42.1,1.187,0.0,0.0,59.2
2025-11-02 22:00:00,22,11,30.6,85.9,21.5,1.162,0.0,0.0,29.7
2025-11-02 23:00:00,23,11,40.4,71.2,35.8,1.126,0.0,0.0,51.8
2025-11-03 00:00:00,0,11,26.1,12.9,18.0,1.18,0.0,0.0,20.5
2025-11-03 01:00:00,1,11,33.7,88.1,32.9,1.15,0.0,0.0,42.2
2025-11-03 02:00:00,2,11,30.3,39.7,19.3,1.163,0.0,0.0,30.9
2025-11-03 03:00:00,3,11,33.7,49.7,8.0,1.15,0.0,0.0,11.3
2025-11-03 04:00:00,4,11,23.0,79.4,19.7,1.192,0.0,0.0,28.7
2025-11-03 05:00:00,5,11,28.8,31.8,34.8,1.169,0.0,0.0,50.5
2025-11-03 06:00:00,6,11,16.5,94.8,38.2,1.219,0.0,0.0,53.8
2025-11-03 07:00:00,7,11,23.8,27.5,28.0,1.189,0.3,1.0,32.5
2025-11-03 08:00:00,8,11,10.0,7.8,26.3,1.247,2.9,65.2,36.1
2025-11-03 09:00:00,9,11,28.2,74.0,20.5,1.171,1.3,0.0,27.8
2025-11-03 10:00:00,10,11,18.8,78.5,40.6,1.209,2.7,26.3,56.0
2025-11-03 11:00:00,11,11,13.9,71.2,6.9,1.23,4.8,87.0,10.8
2025-11-03 12:00:00,12,11,26.4,85.3,12.8,1.178,5.7,93.2,10.6
2025-11-03 13:00:00,13,11,16.1,10.9,8.9,1.22,7.8,178.2,8.3
2025-11-03 14:00:00,14,11,-0.6,56.2,20.6,1.295,3.9,62.6,29.7
2025-11-03 15:00:00,15,11,9.8,19.4,42.5,1.248,4.0,88.0,63.6
2025-11-03 16:00:00,16,11,19.2,9.8,35.1,1.207,2.8,63.9,47.7
2025-11-03 17:00:00,17,11,26.1,38.0,13.2,1.18,0.0,0.0,15.3
2025-11-03 18:00:00,18,11,17.6,12.8,8.0,1.214,0.0,0.0,5.1
2025-11-03 19:00:00,19,11,32.6,21.5,16.7,1.154,0.0,0.0,24.8
2025-11-03 20:00:00,20,11,21.6,52.7,11.3,1.198,0.0,0.0,14.1
2025-11-03 21:00:00,21,11,31.2,54.9,15.5,1.16,0.0,0.0,17.1
2025-11-03 22:00:00,22,11,27.1,98.7,19.8,1.176,0.0,0.0,31.6
2025-11-03 23:00:00,23,11,29.6,99.8,34.0,1.166,0.0,0.0,40.4
2025-11-04 00:00:00,0,11,21.0,17.6,6.0,1.2,0.0,0.0,8.5
2025-11-04 01:00:00,1,11,24.0,63.3,27.3,1.188,0.0,0.0,34.0
2025-11-04 02:00:00,2,11,29.4,24.0,29.8,1.167,0.0,0.0,39.9
2025-11-04 03:00:00,3,11,35.0,78.3,19.3,1.146,0.0,0.0,27.8
2025-11-04 04:00:00,4,11,31.8,19.6,30.2,1.158,0.0,0.0,39.9
2025-11-04 05:00:00,5,11,22.2,2.2,20.5,1.195,0.0,0.0,25.5
2025-11-04 06:00:00,6,11,35.4,55.6,23.2,1.144,0.0,0.0,30.1
2025-11-04 07:00:00,7,11,24.4,25.4,6.0,1.186,0.4,0.0,5.8
2025-11-04 08:00:00,8,11,20.9,96.2,26.4,1.2,0.0,0.0,42.2
2025-11-04 09:00:00,9,11,31.5,35.4,37.1,1.159,3.2,68.6,52.9
2025-11-04 10:00:00,10,11,30.6,59.6,44.3,1.162,3.7,66.5,64.4
2025-11-04 11:00:00,11,11,31.3,54.3,35.8,1.159,5.6,105.6,51.9
2025-11-04 12:00:00,12,11,33.1,5.1,9.3,1.153,9.7,233.5,8.6
2025-11-04 13:00:00,13,11,33.3,63.2,38.0,1.152,5.2,94.0,56.8
2025-11-04 14:00:00,14,11,20.4,99.2,23.0,1.202,1.7,0.0,38.5
2025-11-04 15:00:00,15,11,15.6,88.1,15.9,1.222,0.6,0.0,17.7
2025-11-04 16:00:00,16,11,10.6,21.8,28.8,1.244,2.2,43.9,37.5
2025-11-04 17:00:00,17,11,24.0,80.3,24.1,1.188,0.0,0.0,31.2
2025-11-04 18:00:00,18,11,19.5,69.4,15.2,1.206,0.0,0.0,18.8
2025-11-04 19:00:00,19,11,15.1,73.3,25.9,1.225,0.0,0.0,38.2
2025-11-04 20:00:00,20,11,16.1,51.8,14.0,1.22,0.0,0.0,13.6
2025-11-04 21:00:00,21,11,24.1,5.4,15.4,1.188,0.0,0.0,22.8
2025-11-04 22:00:00,22,11,23.5,55.5,32.1,1.19,0.0,0.0,40.4
2025-11-04 23:00:00,23,11,17.5,83.5,33.8,1.214,0.0,0.0,49.5
2025-11-05 00:00:00,0,11,13.5,19.6,21.1,1.231,0.0,0.0,35.8
2025-11-05 01:00:00,1,11,10.9,60.0,34.7,1.243,0.0,0.0,51.9
2025-11-05 02:00:00,2,11,33.3,78.7,23.9,1.152,0.0,0.0,36.7
2025-11-05 03:00:00,3,11,25.6,88.3,27.5,1.182,0.0,0.0,37.2
2025-11-05 04:00:00,4,11,40.7,17.9,6.5,1.125,0.0,0.0,5.1
2025-11-05 05:00:00,5,11,20.8,22.1,27.9,1.201,0.0,0.0,39.5
2025-11-05 06:00:00,6,11,15.0,30.5,26.4,1.225,0.0,0.0,35.7
2025-11-05 07:00:00,7,11,24.4,45.2,6.7,1.186,0.0,0.0,3.5
2025-11-05 08:00:00,8,11,21.1,10.8,37.3,1.2,2.8,59.3,54.8
2025-11-05 09:00:00,9,11,5.7,48.3,8.9,1.266,2.6,45.3,10.1
2025-11-05 10:00:00,10,11,19.3,89.2,21.7,1.207,2.2,7.0,25.2
2025-11-05 11:00:00,11,11,16.8,28.2,12.5,1.217,6.9,153.1,21.8
2025-11-05 12:00:00,12,11,27.9,53.9,44.5,1.173,7.3,153.0,65.7
2025-11-05 13:00:00,13,11,30.5,50.4,15.9,1.162,5.8,116.7,20.0
2025-11-05 14:00:00,14,11,36.2,28.6,34.7,1.141,5.2,105.5,56.1
2025-11-05 15:00:00,15,11,20.2,78.9,25.7,1.203,1.1,0.0,33.6
2025-11-05 16:00:00,16,11,22.6,54.5,29.2,1.194,0.6,0.0,37.8
2025-11-05 17:00:00,17,11,32.9,16.0,34.6,1.153,0.9,20.1,46.5
2025-11-05 18:00:00,18,11,20.3,58.5,14.6,1.203,0.0,0.0,20.2
2025-11-05 19:00:00,19,11,17.4,57.9,5.1,1.215,0.0,0.0,3.8
2025-11-05 20:00:00,20,11,29.6,69.1,14.2,1.166,0.0,0.0,19.0
2025-11-05 21:00:00,21,11,16.1,67.8,11.6,1.22,0.0,0.0,11.8
2025-11-05 22:00:00,22,11,13.7,17.5,14.2,1.231,0.0,0.0,20.6
2025-11-05 23:00:00,23,11,21.5,88.6,13.4,1.198,0.0,0.0,27.0
2025-11-06 00:00:00,0,11,23.7,49.3,24.1,1.189,0.0,0.0,28.9
2025-11-06 01:00:00,1,11,31.8,79.8,32.1,1.158,0.0,0.0,45.9
2025-11-06 02:00:00,2,11,22.5,97.2,44.7,1.194,0.0,0.0,58.1
2025-11-06 03:00:00,3,11,31.6,76.7,11.9,1.158,0.0,0.0,15.9
2025-11-06 04:00:00,4,11,20.5,0.0,29.9,1.202,0.0,0.0,43.0
2025-11-06 05:00:00,5,11,28.5,89.7,30.8,1.17,0.0,0.0,41.2
2025-11-06 06:00:00,6,11,16.2,65.7,39.1,1.22,0.0,0.0,59.0
2025-11-06 07:00:00,7,11,20.4,24.7,44.7,1.202,0.4,0.0,66.2
2025-11-06 08:00:00,8,11,25.9,56.5,40.2,1.18,0.5,0.0,58.5
2025-11-06 09:00:00,9,11,23.8,32.3,13.0,1.189,3.4,65.1,14.5
2025-11-06 10:00:00,10,11,32.2,1.8,35.2,1.156,6.6,167.7,49.0
2025-11-06 11:00:00,11,11,22.9,68.2,30.7,1.192,4.9,85.3,46.8
2025-11-06 12:00:00,12,11,11.2,87.9,11.4,1.241,5.6,90.9,14.1
2025-11-06 13:00:00,13,11,22.4,23.8,41.0,1.194,7.1,165.8,57.6
2025-11-06 14:00:00,14,11,36.6,80.5,42.1,1.14,2.6,27.7,57.9
2025-11-06 15:00:00,15,11,22.8,72.2,30.3,1.193,1.4,0.4,45.6
2025-11-06 16:00:00,16,11,31.1,6.2,37.7,1.16,3.0,67.4,48.1
2025-11-06 17:00:00,17,11,33.3,5.5,40.4,1.152,1.4,39.1,59.1
2025-11-06 18:00:00,18,11,43.2,25.0,12.4,1.116,0.0,0.0,13.7
2025-11-06 19:00:00,19,11,15.3,15.5,19.9,1.224,0.0,0.0,31.5
2025-11-06 20:00:00,20,11,27.5,76.0,22.6,1.174,0.0,0.0,31.4
2025-11-06 21:00:00,21,11,33.7,35.7,39.6,1.15,0.0,0.0,57.3
2025-11-06 22:00:00,22,11,25.6,95.9,30.8,1.182,0.0,0.0,44.8
2025-11-06 23:00:00,23,11,19.3,17.9,11.6,1.207,0.0,0.0,12.1
2025-11-07 00:00:00,0,11,13.8,0.3,7.5,1.23,0.0,6.4,6.7
2025-11-07 01:00:00,1,11,45.9,95.8,28.3,1.106,0.0,0.0,36.6
2025-11-07 02:00:00,2,11,26.9,5.1,19.7,1.176,0.0,0.0,23.3
2025-11-07 03:00:00,3,11,34.0,61.3,29.1,1.149,0.0,0.0,47.3
2025-11-07 04:00:00,4,11,19.8,17.0,35.7,1.205,0.0,0.0,54.4
2025-11-07 05:00:00,5,11,13.5,78.3,5.6,1.231,0.0,0.0,8.0
2025-11-07 06:00:00,6,11,22.1,40.0,17.8,1.196,0.0,0.0,28.8
2025-11-07 07:00:00,7,11,35.8,84.2,19.8,1.143,0.0,0.0,28.7
2025-11-07 08:00:00,8,11,40.5,17.0,17.4,1.125,2.5,58.3,27.7
2025-11-07 09:00:00,9,11,10.3,85.5,8.8,1.245,0.7,0.0,11.1
2025-11-07 10:00:00,10,11,21.4,70.1,15.9,1.198,3.2,43.7,19.6
2025-11-07 11:00:00,11,11,26.4,21.7,26.6,1.178,7.2,158.6,31.2
2025-11-07 12:00:00,12,11,21.2,48.4,20.0,1.199,7.6,175.3,23.6
2025-11-07 13:00:00,13,11,18.2,19.7,22.5,1.212,7.3,170.8,33.4
2025-11-07 14:00:00,14,11,12.3,91.9,18.9,1.237,2.1,7.0,25.2
2025-11-07 15:00:00,15,11,27.9,85.6,16.7,1.173,0.7,0.0,21.8
2025-11-07 16:00:00,16,11,33.3,78.1,12.7,1.152,0.0,0.0,15.6
2025-11-07 17:00:00,17,11,38.8,21.6,22.8,1.132,0.6,15.2,35.3
2025-11-07 18:00:00,18,11,12.0,78.4,13.6,1.238,0.0,0.0,22.6
2025-11-07 19:00:00,19,11,21.9,7.5,40.7,1.196,0.0,0.0,56.4
2025-11-07 20:00:00,20,11,25.5,15.1,8.3,1.182,0.0,0.0,11.5
2025-11-07 21:00:00,21,11,38.5,69.6,43.8,1.133,0.0,0.0,64.1
2025-11-07 22:00:00,22,11,21.3,93.5,34.8,1.199,0.0,0.0,51.8
2025-11-07 23:00:00,23,11,35.1,79.1,38.1,1.145,0.0,0.0,52.4
2025-11-08 00:00:00,0,11,12.5,75.3,12.9,1.236,0.0,0.0,20.8
2025-11-08 01:00:00,1,11,24.8,49.8,11.3,1.185,0.0,0.0,13.4
2025-11-08 02:00:00,2,11,25.3,18.3,10.1,1.183,0.0,0.0,10.3
2025-11-08 03:00:00,3,11,42.8,35.6,32.0,1.117,0.0,0.0,45.4
2025-11-08 04:00:00,4,11,21.6,3.0,36.5,1.198,0.0,2.6,51.4
2025-11-08 05:00:00,5,11,30.1,15.8,9.0,1.164,0.0,0.0,12.5
2025-11-08 06:00:00,6,11,27.0,89.0,43.9,1.176,0.0,0.0,65.8
2025-11-08 07:00:00,7,11,21.9,98.9,33.1,1.196,0.0,0.0,50.9
2025-11-08 08:00:00,8,11,32.6,18.6,38.5,1.154,2.4,48.2,55.8
2025-11-08 09:00:00,9,11,30.8,1.2,38.3,1.161,4.9,127.1,55.3
2025-11-08 10:00:00,10,11,24.8,20.8,36.2,1.185,5.6,124.4,49.9
2025-11-08 11:00:00,11,11,29.7,37.9,18.8,1.166,6.4,138.7,25.0
2025-11-08 12:00:00,12,11,21.4,39.1,38.7,1.198,8.0,181.3,56.3
2025-11-08 13:00:00,13,11,-0.5,37.6,27.9,1.295,6.5,145.4,37.2
2025-11-08 14:00:00,14,11,26.6,74.5,17.8,1.178,2.9,33.2,21.0
2025-11-08 15:00:00,15,11,21.0,26.6,23.2,1.2,3.7,78.6,33.0
2025-11-08 16:00:00,16,11,40.9,6.8,32.8,1.124,3.0,67.3,50.6
2025-11-08 17:00:00,17,11,18.3,41.3,13.7,1.211,0.0,0.0,17.3
2025-11-08 18:00:00,18,11,22.9,21.3,20.9,1.192,0.0,0.0,29.8
2025-11-08 19:00:00,19,11,27.7,79.0,40.0,1.173,0.0,0.0,57.7
2025-11-08 20:00:00,20,11,32.1,52.5,32.7,1.156,0.0,0.0,45.4
2025-11-08 21:00:00,21,11,23.2,77.7,31.7,1.191,0.0,0.0,47.3
2025-11-08 22:00:00,22,11,20.8,87.5,7.4,1.201,0.0,0.0,5.0
2025-11-08 23:00:00,23,11,27.6,58.2,22.9,1.174,0.0,0.0,29.3
2025-11-09 00:00:00,0,11,32.3,45.5,9.7,1.156,0.0,0.0,9.4
2025-11-09 01:00:00,1,11,8.9,63.9,33.8,1.252,0.0,0.0,44.8
2025-11-09 02:00:00,2,11,16.7,44.3,22.6,1.218,0.0,0.0,32.3
2025-11-09 03:00:00,3,11,25.8,26.4,18.1,1.181,0.0,0.0,20.2
2025-11-09 04:00:00,4,11,10.6,95.2,29.4,1.244,0.0,0.0,38.9
2025-11-09 05:00:00,5,11,20.3,56.8,38.9,1.203,0.0,0.0,51.5
2025-11-09 06:00:00,6,11,18.7,69.3,23.8,1.209,0.0,0.0,30.7
2025-11-09 07:00:00,7,11,25.6,25.2,35.4,1.182,0.4,0.0,47.9
2025-11-09 08:00:00,8,11,-0.1,82.6,14.3,1.293,0.0,0.0,17.8
2025-11-09 09:00:00,9,11,33.7,35.4,18.7,1.15,3.2,56.9,28.1
2025-11-09 10:00:00,10,11,29.5,66.2,23.7,1.166,3.4,47.3,29.8
2025-11-09 11:00:00,11,11,21.1,80.0,36.2,1.2,4.3,65.1,47.9
2025-11-09 12:00:00,12,11,9.6,7.3,27.8,1.248,9.6,242.9,41.8
2025-11-09 13:00:00,13,11,25.9,97.3,22.1,1.18,3.5,39.1,27.0
2025-11-09 14:00:00,14,11,19.5,53.9,43.8,1.206,4.0,70.8,61.5
2025-11-09 15:00:00,15,11,23.6,11.8,36.0,1.19,4.4,101.4,44.2
2025-11-09 16:00:00,16,11,34.8,10.4,44.1,1.146,2.8,59.1,64.7
2025-11-09 17:00:00,17,11,28.7,16.3,23.4,1.169,0.9,26.4,32.0
2025-11-09 18:00:00,18,11,37.8,73.8,21.6,1.135,0.0,0.0,30.9
2025-11-09 19:00:00,19,11,35.0,26.2,41.4,1.146,0.0,0.0,63.3
2025-11-09 20:00:00,20,11,30.0,38.8,14.1,1.164,0.0,0.0,13.4
2025-11-09 21:00:00,21,11,28.3,57.0,32.6,1.171,0.0,0.0,47.7
2025-11-09 22:00:00,22,11,26.0,92.1,16.4,1.18,0.0,0.0,22.6
2025-11-09 23:00:00,23,11,19.4,32.2,18.9,1.207,0.0,0.0,23.4
2025-11-10 00:00:00,0,11,33.5,35.3,23.1,1.151,0.0,0.0,33.8
2025-11-10 01:00:00,1,11,19.6,22.2,44.8,1.206,0.0,0.0,62.1
2025-11-10 02:00:00,2,11,22.0,4.1,11.0,1.196,0.0,0.0,12.5
2025-11-10 03:00:00,3,11,14.2,85.4,6.1,1.228,0.0,0.0,8.6
2025-11-10 04:00:00,4,11,14.4,31.1,44.6,1.228,0.0,0.0,65.2
2025-11-10 05:00:00,5,11,25.5,63.0,5.0,1.182,0.0,0.0,8.8
2025-11-10 06:00:00,6,11,19.6,96.0,16.2,1.206,0.0,0.0,19.3
2025-11-10 07:00:00,7,11,38.8,37.9,26.8,1.132,0.0,0.0,35.0
2025-11-10 08:00:00,8,11,31.9,98.7,30.7,1.157,0.0,0.0,42.9
2025-11-10 09:00:00,9,11,27.2,77.4,20.4,1.175,1.1,0.0,24.9
2025-11-10 10:00:00,10,11,22.4,32.4,32.4,1.194,5.0,110.8,44.5
2025-11-10 11:00:00,11,11,34.4,68.3,44.9,1.148,4.9,86.9,64.1
2025-11-10 12:00:00,12,11,29.0,27.6,29.3,1.168,8.6,208.2,40.8
2025-11-10 13:00:00,13,11,17.6,47.0,9.2,1.214,6.0,119.3,10.2
2025-11-10 14:00:00,14,11,29.9,42.8,26.6,1.165,4.5,89.7,44.2
2025-11-10 15:00:00,15,11,19.5,46.3,36.7,1.206,2.7,45.1,56.8
2025-11-10 16:00:00,16,11,13.1,85.2,40.5,1.233,0.0,0.0,52.3
2025-11-10 17:00:00,17,11,14.3,58.3,38.5,1.228,0.0,0.0,59.6
2025-11-10 18:00:00,18,11,36.0,3.5,42.8,1.142,0.0,0.0,64.5
2025-11-10 19:00:00,19,11,19.9,73.4,10.2,1.205,0.0,0.0,13.0
2025-11-10 20:00:00,20,11,24.5,48.2,40.7,1.186,0.0,0.0,64.1
2025-11-10 21:00:00,21,11,28.3,56.7,17.5,1.171,0.0,0.0,24.9
2025-11-10 22:00:00,22,11,17.2,25.8,29.3,1.216,0.0,0.0,43.2
2025-11-10 23:00:00,23,11,22.5,84.4,28.0,1.194,0.0,0.0,39.9
2025-11-11 00:00:00,0,11,12.1,82.1,40.7,1.237,0.0,0.0,59.2
2025-11-11 01:00:00,1,11,24.3,40.1,10.8,1.187,0.0,0.0,12.9
2025-11-11 02:00:00,2,11,40.4,77.6,11.1,1.126,0.0,0.0,13.9
2025-11-11 03:00:00,3,11,20.9,91.6,12.2,1.2,0.0,0.0,15.7
2025-11-11 04:00:00,4,11,18.8,29.1,25.4,1.209,0.0,0.0,35.7
2025-11-11 05:00:00,5,11,27.2,79.3,44.6,1.175,0.0,0.0,64.5
2025-11-11 06:00:00,6,11,12.8,37.9,36.3,1.234,0.0,0.0,49.9
2025-11-11 07:00:00,7,11,9.0,44.3,33.7,1.251,0.0,0.0,44.1
2025-11-11 08:00:00,8,11,23.9,22.0,28.0,1.188,2.2,46.2,41.0
2025-11-11 09:00:00,9,11,21.6,78.4,9.0,1.198,1.1,0.0,11.5
2025-11-11 10:00:00,10,11,36.7,49.1,33.3,1.139,4.2,77.0,44.5
2025-11-11 11:00:00,11,11,30.5,50.2,7.4,1.162,5.8,115.4,10.1
2025-11-11 12:00:00,12,11,24.4,70.7,11.0,1.186,6.5,122.1,15.3
2025-11-11 13:00:00,13,11,22.0,8.4,36.9,1.196,7.9,187.7,52.0
2025-11-11 14:00:00,14,11,17.1,15.4,35.0,1.216,5.9,142.3,44.9
2025-11-11 15:00:00,15,11,20.8,31.4,38.5,1.201,3.4,63.5,59.2
2025-11-11 16:00:00,16,11,33.5,42.5,33.5,1.151,1.2,4.6,50.6
2025-11-11 17:00:00,17,11,32.9,7.0,42.9,1.153,1.3,34.1,62.7
2025-11-11 18:00:00,18,11,17.1,34.6,29.3,1.216,0.0,0.0,34.3
2025-11-11 19:00:00,19,11,24.6,62.6,18.0,1.186,0.0,0.0,29.3
2025-11-11 20:00:00,20,11,7.4,73.5,25.4,1.258,0.0,0.0,38.0
2025-11-11 21:00:00,21,11,40.8,84.1,16.1,1.124,0.0,0.0,18.6
2025-11-11 22:00:00,22,11,11.7,22.5,32.8,1.239,0.0,0.0,46.8
2025-11-11 23:00:00,23,11,27.3,41.3,25.6,1.175,0.0,0.0,34.9
2025-11-12 00:00:00,0,11,24.6,69.4,28.7,1.186,0.0,0.0,37.4
2025-11-12 01:00:00,1,11,17.5,45.8,6.4,1.214,0.0,0.0,10.2
2025-11-12 02:00:00,2,11,17.7,11.6,20.6,1.214,0.0,0.0,30.8
2025-11-12 03:00:00,3,11,16.4,71.7,34.9,1.219,0.0,0.0,50.0
2025-11-12 04:00:00,4,11,27.9,79.1,26.4,1.173,0.0,0.0,36.3
2025-11-12 05:00:00,5,11,26.1,53.4,42.6,1.18,0.0,0.0,57.5
2025-11-12 06:00:00,6,11,33.2,48.3,28.7,1.152,0.0,0.0,38.5
2025-11-12 07:00:00,7,11,24.4,96.1,38.6,1.186,0.0,0.0,55.3
2025-11-12 08:00:00,8,11,13.9,4.3,33.7,1.23,3.1,69.6,44.4
2025-11-12 09:00:00,9,11,32.3,53.3,24.8,1.156,2.3,25.6,37.6
2025-11-12 10:00:00,10,11,26.2,98.3,5.0,1.179,1.8,0.0,2.7
2025-11-12 11:00:00,11,11,27.3,16.7,31.7,1.175,7.5,176.4,46.8
2025-11-12 12:00:00,12,11,32.8,51.1,14.2,1.154,7.4,157.7,16.5
2025-11-12 13:00:00,13,11,19.2,76.2,41.7,1.207,4.5,72.9,59.5
2025-11-12 14:00:00,14,11,28.1,98.3,5.8,1.172,1.8,0.0,5.8
2025-11-12 15:00:00,15,11,14.3,8.2,12.2,1.228,4.6,102.5,16.8
2025-11-12 16:00:00,16,11,26.3,60.0,38.9,1.179,0.3,0.0,53.1
2025-11-12 17:00:00,17,11,25.0,23.6,14.2,1.184,0.5,7.1,20.4
2025-11-12 18:00:00,18,11,14.0,11.6,40.9,1.229,0.0,0.0,56.9
2025-11-12 19:00:00,19,11,24.7,97.4,33.0,1.185,0.0,0.0,38.5
2025-11-12 20:00:00,20,11,9.3,4.2,15.9,1.25,0.0,0.0,19.6
2025-11-12 21:00:00,21,11,21.5,34.5,38.6,1.198,0.0,0.0,54.7
2025-11-12 22:00:00,22,11,30.8,74.8,12.8,1.161,0.0,0.0,14.3
2025-11-12 23:00:00,23,11,27.8,12.2,8.6,1.173,0.0,0.0,5.1
2025-11-13 00:00:00,0,11,17.8,41.9,6.9,1.213,0.0,0.0,13.9
2025-11-13 01:00:00,1,11,38.1,40.8,13.0,1.134,0.0,0.0,18.6
2025-11-13 02:00:00,2,11,18.1,66.7,6.7,1.212,0.0,0.0,6.7
2025-11-13 03:00:00,3,11,45.0,39.4,16.8,1.109,0.0,0.0,18.3
2025-11-13 04:00:00,4,11,30.6,75.0,7.9,1.162,0.0,0.0,5.4
2025-11-13 05:00:00,5,11,24.7,78.3,6.7,1.185,0.0,0.0,6.4
2025-11-13 06:00:00,6,11,20.9,71.1,9.4,1.2,0.0,0.0,9.8
2025-11-13 07:00:00,7,11,31.2,27.3,13.3,1.16,0.3,0.0,12.5
2025-11-13 08:00:00,8,11,14.1,46.4,34.4,1.229,1.0,4.0,48.1
2025-11-13 09:00:00,9,11,33.9,80.3,33.3,1.15,1.0,0.0,51.9
2025-11-13 10:00:00,10,11,23.0,96.1,38.3,1.192,1.9,4.0,53.6
2025-11-13 11:00:00,11,11,26.4,99.6,35.8,1.178,3.4,34.9,53.4
2025-11-13 12:00:00,12,11,15.8,79.1,32.3,1.222,6.0,114.3,45.4
2025-11-13 13:00:00,13,11,30.0,25.6,35.9,1.164,7.1,160.1,45.4
2025-11-13 14:00:00,14,11,22.6,96.3,37.8,1.194,1.9,0.7,57.5
2025-11-13 15:00:00,15,11,22.8,62.0,30.2,1.193,1.9,14.5,42.0
2025-11-13 16:00:00,16,11,17.1,61.7,40.6,1.216,0.2,0.0,55.5
2025-11-13 17:00:00,17,11,28.5,63.3,39.0,1.17,0.0,0.0,57.5
2025-11-13 18:00:00,18,11,17.3,71.7,22.2,1.215,0.0,0.0,25.9
2025-11-13 19:00:00,19,11,23.6,76.3,27.3,1.19,0.0,0.0,37.0
2025-11-13 20:00:00,20,11,27.4,30.4,34.1,1.174,0.0,0.0,46.9
2025-11-13 21:00:00,21,11,21.3,17.5,24.9,1.199,0.0,0.0,27.9
2025-11-13 22:00:00,22,11,29.2,71.3,40.5,1.167,0.0,0.0,60.4
2025-11-13 23:00:00,23,11,18.9,65.6,21.3,1.209,0.0,0.0,31.2
2025-11-14 00:00:00,0,11,27.3,36.6,10.8,1.175,0.0,0.0,12.1
2025-11-14 01:00:00,1,11,20.0,78.2,20.2,1.204,0.0,0.0,31.5
2025-11-14 02:00:00,2,11,34.1,51.8,17.4,1.149,0.0,0.0,21.5
2025-11-14 03:00:00,3,11,28.5,20.2,41.3,1.17,0.0,0.0,60.3
2025-11-14 04:00:00,4,11,24.2,50.8,25.8,1.187,0.0,0.0,37.9
2025-11-14 05:00:00,5,11,25.6,28.3,22.8,1.182,0.0,0.0,37.3
2025-11-14 06:00:00,6,11,20.8,35.9,16.2,1.201,0.0,0.0,22.0
2025-11-14 07:00:00,7,11,27.4,88.8,17.6,1.174,0.0,0.0,27.3
2025-11-14 08:00:00,8,11,23.2,53.4,24.9,1.191,0.7,0.0,33.1
2025-11-14 09:00:00,9,11,22.2,97.6,29.7,1.195,0.1,0.0,44.4
2025-11-14 10:00:00,10,11,28.6,79.9,15.8,1.17,2.7,30.5,20.2
2025-11-14 11:00:00,11,11,36.9,25.7,30.4,1.138,7.0,163.1,43.9
2025-11-14 12:00:00,12,11,16.5,84.8,25.9,1.219,5.8,95.5,32.7
2025-11-14 13:00:00,13,11,33.7,99.3,39.5,1.15,3.4,37.7,46.6
2025-11-14 14:00:00,14,11,29.9,70.6,38.7,1.165,3.1,42.3,61.0
2025-11-14 15:00:00,15,11,22.9,86.0,44.0,1.192,0.7,0.0,59.9
2025-11-14 16:00:00,16,11,8.3,26.6,27.9,1.254,2.0,46.6,34.2
2025-11-14 17:00:00,17,11,24.4,23.6,17.7,1.186,0.5,0.0,19.7
2025-11-14 18:00:00,18,11,34.4,97.5,14.0,1.148,0.0,0.0,12.1
2025-11-14 19:00:00,19,11,37.4,64.2,8.5,1.137,0.0,0.0,6.2
2025-11-14 20:00:00,20,11,30.7,39.6,19.6,1.162,0.0,0.0,28.7
2025-11-14 21:00:00,21,11,24.1,92.1,16.4,1.188,0.0,0.0,21.4
2025-11-14 22:00:00,22,11,37.6,31.5,31.6,1.136,0.0,0.0,48.6
2025-11-14 23:00:00,23,11,28.1,27.3,17.8,1.172,0.0,0.0,25.1
2025-11-15 00:00:00,0,11,26.0,68.3,39.4,1.18,0.0,0.0,56.1
2025-11-15 01:00:00,1,11,26.4,11.1,41.0,1.178,0.0,0.2,58.6
2025-11-15 02:00:00,2,11,31.3,51.7,18.6,1.159,0.0,0.0,22.0
2025-11-15 03:00:00,3,11,19.5,21.3,7.4,1.206,0.0,0.0,7.0
2025-11-15 04:00:00,4,11,26.9,67.2,17.1,1.176,0.0,0.0,21.0
2025-11-15 05:00:00,5,11,36.2,24.8,41.7,1.141,0.0,0.0,63.8
2025-11-15 06:00:00,6,11,30.2,66.0,20.9,1.164,0.0,0.0,29.0
2025-11-15 07:00:00,7,11,7.5,70.3,38.8,1.258,0.0,0.0,61.6
2025-11-15 08:00:00,8,11,25.6,22.8,30.2,1.182,2.2,39.9,42.6
2025-11-15 09:00:00,9,11,37.4,20.9,30.7,1.137,4.0,84.6,39.0
2025-11-15 10:00:00,10,11,30.4,17.2,39.2,1.163,5.8,135.0,58.8
2025-11-15 11:00:00,11,11,23.6,36.6,45.0,1.19,6.5,149.1,63.4
2025-11-15 12:00:00,12,11,26.5,18.4,21.4,1.178,9.1,221.3,31.4
2025-11-15 13:00:00,13,11,20.2,99.2,12.7,1.203,3.4,32.4,16.8
2025-11-15 14:00:00,14,11,29.8,18.1,41.2,1.165,5.8,142.2,60.8
2025-11-15 15:00:00,15,11,14.4,48.0,16.8,1.228,2.6,42.0,25.8
2025-11-15 16:00:00,16,11,19.0,87.6,31.8,1.208,0.0,0.0,44.2
2025-11-15 17:00:00,17,11,36.5,66.9,25.3,1.14,0.0,0.0,29.4
2025-11-15 18:00:00,18,11,13.5,7.8,6.8,1.231,0.0,0.0,7.1
2025-11-15 19:00:00,19,11,26.7,86.8,6.9,1.177,0.0,0.0,6.7
2025-11-15 20:00:00,20,11,43.9,29.7,24.1,1.113,0.0,0.0,33.0
2025-11-15 21:00:00,21,11,20.7,84.2,44.0,1.201,0.0,0.0,59.4
2025-11-15 22:00:00,22,11,25.3,48.5,21.6,1.183,0.0,0.0,28.6
2025-11-15 23:00:00,23,11,22.0,4.9,8.1,1.196,0.0,0.0,2.4
2025-11-16 00:00:00,0,11,35.1,93.6,43.7,1.145,0.0,0.0,60.5
2025-11-16 01:00:00,1,11,36.5,46.0,43.8,1.14,0.0,0.0,57.5
2025-11-16 02:00:00,2,11,23.2,14.2,19.0,1.191,0.0,0.0,24.7
2025-11-16 03:00:00,3,11,28.4,99.4,27.7,1.171,0.0,0.0,35.5
2025-11-16 04:00:00,4,11,17.0,33.2,9.2,1.217,0.0,0.0,12.1
2025-11-16 05:00:00,5,11,42.3,27.9,44.4,1.119,0.0,0.0,64.1
2025-11-16 06:00:00,6,11,8.9,34.2,21.7,1.252,0.0,0.0,32.0
2025-11-16 07:00:00,7,11,31.2,63.7,10.8,1.16,0.0,0.0,11.0
2025-11-16 08:00:00,8,11,19.1,27.5,13.9,1.208,2.0,32.9,15.5
2025-11-16 09:00:00,9,11,15.0,83.1,39.9,1.225,0.8,0.0,61.2
2025-11-16 10:00:00,10,11,33.8,41.0,9.3,1.15,4.6,90.6,6.1
2025-11-16 11:00:00,11,11,23.5,91.0,31.8,1.19,3.8,48.0,43.2
2025-11-16 12:00:00,12,11,24.7,8.3,15.0,1.185,9.6,243.0,19.6
2025-11-16 13:00:00,13,11,20.9,14.0,6.5,1.2,7.6,185.1,7.1
2025-11-16 14:00:00,14,11,23.4,87.4,8.1,1.19,2.3,16.6,6.6
2025-11-16 15:00:00,15,11,19.1,63.2,15.8,1.208,1.8,16.2,15.7
2025-11-16 16:00:00,16,11,33.0,23.9,9.8,1.153,2.1,41.0,7.8
2025-11-16 17:00:00,17,11,28.3,34.1,34.7,1.171,0.0,0.0,50.0
2025-11-16 18:00:00,18,11,32.3,35.4,12.8,1.156,0.0,0.0,18.9
2025-11-16 19:00:00,19,11,19.6,81.7,29.2,1.206,0.0,0.0,38.7
2025-11-16 20:00:00,20,11,24.4,52.9,35.6,1.186,0.0,0.0,55.2
2025-11-16 21:00:00,21,11,10.0,6.0,40.4,1.247,0.0,3.5,58.4
2025-11-16 22:00:00,22,11,12.9,21.8,30.9,1.234,0.0,0.0,43.9
2025-11-16 23:00:00,23,11,23.7,3.6,17.2,1.189,0.0,0.0,25.5
2025-11-17 00:00:00,0,11,45.3,50.9,7.2,1.108,0.0,0.0,8.9
2025-11-17 01:00:00,1,11,19.3,14.2,19.5,1.207,0.0,0.0,27.5
2025-11-17 02:00:00,2,11,28.8,56.7,41.1,1.169,0.0,0.0,53.6
2025-11-17 03:00:00,3,11,24.0,72.9,26.1,1.188,0.0,0.0,39.2
2025-11-17 04:00:00,4,11,29.3,99.3,7.6,1.167,0.0,0.0,7.4
2025-11-17 05:00:00,5,11,25.9,66.4,42.2,1.18,0.0,0.0,62.6
2025-11-17 06:00:00,6,11,29.1,51.5,5.5,1.168,0.0,0.0,1.0
2025-11-17 07:00:00,7,11,22.8,71.2,19.1,1.193,0.0,0.0,26.3
2025-11-17 08:00:00,8,11,23.9,74.0,21.4,1.188,0.0,0.0,33.7
2025-11-17 09:00:00,9,11,21.0,11.2,20.2,1.2,4.4,111.4,20.5
2025-11-17 10:00:00,10,11,3.7,0.4,34.3,1.275,6.6,169.1,49.1
2025-11-17 11:00:00,11,11,37.6,88.9,22.4,1.136,3.9,50.9,32.9
2025-11-17 12:00:00,12,11,28.5,19.2,40.8,1.17,9.0,215.8,53.7
2025-11-17 13:00:00,13,11,25.3,94.7,15.5,1.183,3.6,46.9,20.4
2025-11-17 14:00:00,14,11,32.6,72.1,12.1,1.154,3.1,40.5,7.7
2025-11-17 15:00:00,15,11,11.0,73.7,29.9,1.242,1.3,0.0,42.9
2025-11-17 16:00:00,16,11,21.5,17.1,38.3,1.198,2.5,54.1,54.7
2025-11-17 17:00:00,17,11,40.8,34.2,43.1,1.124,0.0,0.0,55.2
2025-11-17 18:00:00,18,11,27.0,45.3,29.1,1.176,0.0,0.0,36.8
2025-11-17 19:00:00,19,11,39.0,8.2,32.4,1.131,0.0,0.0,45.6
2025-11-17 20:00:00,20,11,29.2,60.9,31.0,1.167,0.0,0.0,39.8
2025-11-17 21:00:00,21,11,26.8,12.9,37.4,1.177,0.0,0.0,50.3
2025-11-17 22:00:00,22,11,28.7,96.4,30.9,1.169,0.0,0.0,36.6
2025-11-17 23:00:00,23,11,14.2,2.8,24.7,1.228,0.0,0.0,31.3
2025-11-18 00:00:00,0,11,30.1,55.2,18.4,1.164,0.0,0.0,23.6
2025-11-18 01:00:00,1,11,10.0,92.4,18.8,1.247,0.0,0.0,21.8
2025-11-18 02:00:00,2,11,19.1,23.8,7.7,1.208,0.0,0.0,8.0
2025-11-18 03:00:00,3,11,18.4,93.2,34.1,1.211,0.0,0.0,46.1
2025-11-18 04:00:00,4,11,7.5,69.1,21.8,1.258,0.0,0.0,28.1
2025-11-18 05:00:00,5,11,24.5,88.3,22.7,1.186,0.0,0.0,30.2
2025-11-18 06:00:00,6,11,30.1,91.5,9.7,1.164,0.0,0.0,12.2
2025-11-18 07:00:00,7,11,25.2,76.8,34.2,1.183,0.0,0.0,50.6
2025-11-18 08:00:00,8,11,24.3,25.4,36.8,1.187,2.1,34.7,53.9
2025-11-18 09:00:00,9,11,15.8,91.9,40.8,1.222,0.4,0.0,54.0
2025-11-18 10:00:00,10,11,20.6,71.4,12.7,1.202,3.1,52.6,17.9
2025-11-18 11:00:00,11,11,25.3,25.3,5.2,1.183,7.1,165.0,4.6
2025-11-18 12:00:00,12,11,22.2,51.2,39.2,1.195,7.4,160.8,61.2
2025-11-18 13:00:00,13,11,17.1,9.1,7.0,1.216,7.9,203.4,7.0
2025-11-18 14:00:00,14,11,36.8,89.2,22.7,1.139,2.2,16.9,32.8
2025-11-18 15:00:00,15,11,28.8,35.4,42.0,1.169,3.2,65.7,58.3
2025-11-18 16:00:00,16,11,25.9,76.3,25.5,1.18,0.0,0.0,33.5
2025-11-18 17:00:00,17,11,19.4,97.0,13.6,1.207,0.0,0.0,14.5
2025-11-18 18:00:00,18,11,18.9,15.3,13.0,1.209,0.0,0.0,15.0
2025-11-18 19:00:00,19,11,18.9,97.9,17.4,1.209,0.0,0.0,23.8
2025-11-18 20:00:00,20,11,32.0,85.7,38.5,1.157,0.0,0.0,52.5
2025-11-18 21:00:00,21,11,21.9,50.4,12.1,1.196,0.0,0.0,13.3
2025-11-18 22:00:00,22,11,22.6,31.1,8.8,1.194,0.0,0.0,11.7
2025-11-18 23:00:00,23,11,22.2,51.4,10.8,1.195,0.0,0.0,13.3
2025-11-19 00:00:00,0,11,22.3,54.9,19.4,1.195,0.0,0.0,27.7
2025-11-19 01:00:00,1,11,22.4,56.2,6.5,1.194,0.0,0.0,7.3
2025-11-19 02:00:00,2,11,28.1,17.5,24.1,1.172,0.0,0.0,32.3
2025-11-19 03:00:00,3,11,23.9,72.5,13.1,1.188,0.0,0.0,19.5
2025-11-19 04:00:00,4,11,16.2,7.0,42.0,1.22,0.0,0.0,52.8
2025-11-19 05:00:00,5,11,26.9,62.9,28.3,1.176,0.0,0.0,36.8
2025-11-19 06:00:00,6,11,29.4,7.6,11.3,1.167,0.0,0.0,16.7
2025-11-19 07:00:00,7,11,30.5,12.4,6.5,1.162,1.0,18.6,5.1
2025-11-19 08:00:00,8,11,36.1,3.5,42.7,1.141,3.2,83.5,58.3
2025-11-19 09:00:00,9,11,33.0,44.1,9.7,1.153,2.8,46.6,14.3
2025-11-19 10:00:00,10,11,27.1,17.7,10.4,1.176,5.8,136.2,17.2
2025-11-19 11:00:00,11,11,27.9,48.0,44.0,1.173,5.9,134.9,63.2
2025-11-19 12:00:00,12,11,15.5,30.7,38.0,1.223,8.5,208.4,48.2
2025-11-19 13:00:00,13,11,21.4,43.2,35.7,1.198,6.2,135.9,47.9
2025-11-19 14:00:00,14,11,27.0,13.3,23.4,1.176,6.0,140.3,33.1
2025-11-19 15:00:00,15,11,19.8,8.8,9.0,1.205,4.6,100.4,11.8
2025-11-19 16:00:00,16,11,38.8,97.8,19.0,1.132,0.0,0.0,28.6
2025-11-19 17:00:00,17,11,15.0,42.5,13.4,1.225,0.0,0.0,19.3
2025-11-19 18:00:00,18,11,25.0,37.9,20.2,1.184,0.0,0.0,28.0
2025-11-19 19:00:00,19,11,22.2,44.7,25.6,1.195,0.0,0.0,34.8
2025-11-19 20:00:00,20,11,15.0,76.6,27.3,1.225,0.0,0.0,41.7
2025-11-19 21:00:00,21,11,35.4,34.7,19.2,1.144,0.0,0.0,27.5
2025-11-19 22:00:00,22,11,22.9,91.5,38.9,1.192,0.0,0.0,52.4
2025-11-19 23:00:00,23,11,32.5,4.0,15.1,1.155,0.0,0.0,19.8
2025-11-20 00:00:00,0,11,20.5,80.7,27.5,1.202,0.0,0.0,37.1
2025-11-20 01:00:00,1,11,28.9,10.4,31.2,1.169,0.0,0.0,43.4
2025-11-20 02:00:00,2,11,23.9,42.0,37.6,1.188,0.0,0.0,58.9
2025-11-20 03:00:00,3,11,21.9,17.7,15.5,1.196,0.0,0.0,20.9
2025-11-20 04:00:00,4,11,33.4,69.2,12.7,1.151,0.0,0.0,19.2
2025-11-20 05:00:00,5,11,21.8,73.4,20.1,1.197,0.0,0.0,26.7
2025-11-20 06:00:00,6,11,10.5,58.0,43.7,1.244,0.0,0.0,64.3
2025-11-20 07:00:00,7,11,16.3,99.6,31.2,1.22,0.0,0.0,43.3
2025-11-20 08:00:00,8,11,15.0,54.1,17.5,1.225,0.6,0.0,27.7
2025-11-20 09:00:00,9,11,26.5,5.0,30.6,1.178,4.8,119.1,41.8
2025-11-20 10:00:00,10,11,33.1,43.2,38.7,1.153,4.5,86.7,47.6
2025-11-20 11:00:00,11,11,26.9,53.8,21.2,1.176,5.6,111.6,26.8
2025-11-20 12:00:00,12,11,22.5,8.2,37.6,1.194,9.6,228.2,55.5
2025-11-20 13:00:00,13,11,31.2,92.8,23.0,1.16,3.7,41.9,33.5
2025-11-20 14:00:00,14,11,19.0,95.4,29.1,1.208,1.9,4.2,41.1
2025-11-20 15:00:00,15,11,21.5,20.3,22.1,1.198,4.0,88.4,30.1
2025-11-20 16:00:00,16,11,29.4,4.3,18.1,1.167,3.1,80.0,23.6
2025-11-20 17:00:00,17,11,29.1,58.9,21.5,1.168,0.0,0.0,28.4
2025-11-20 18:00:00,18,11,19.0,45.0,36.0,1.208,0.0,0.0,53.1
2025-11-20 19:00:00,19,11,12.5,0.7,7.4,1.236,0.0,12.3,6.0
2025-11-20 20:00:00,20,11,16.1,76.6,22.8,1.22,0.0,0.0,33.6
2025-11-20 21:00:00,21,11,29.2,51.7,27.0,1.167,0.0,0.0,35.5
2025-11-20 22:00:00,22,11,36.0,99.3,15.4,1.142,0.0,0.0,18.0
2025-11-20 23:00:00,23,11,22.9,7.8,25.4,1.192,0.0,0.0,33.2
2025-11-21 00:00:00,0,11,33.9,30.1,17.4,1.15,0.0,0.0,20.1
2025-11-21 01:00:00,1,11,19.1,79.2,13.9,1.208,0.0,0.0,20.5
2025-11-21 02:00:00,2,11,22.2,85.6,5.0,1.195,0.0,0.0,3.7
2025-11-21 03:00:00,3,11,28.9,80.7,19.5,1.169,0.0,0.0,22.0
2025-11-21 04:00:00,4,11,24.0,4.6,15.0,1.188,0.0,0.0,21.5
2025-11-21 05:00:00,5,11,33.6,36.6,23.1,1.151,0.0,0.0,27.1
2025-11-21 06:00:00,6,11,21.3,42.6,22.6,1.199,0.0,0.0,31.7
2025-11-21 07:00:00,7,11,37.1,85.0,6.2,1.138,0.0,0.0,4.7
2025-11-21 08:00:00,8,11,21.4,85.1,25.4,1.198,0.0,0.0,32.6
2025-11-21 09:00:00,9,11,31.3,31.1,27.5,1.159,3.4,71.6,37.2
2025-11-21 10:00:00,10,11,21.6,49.9,27.2,1.198,4.2,79.9,39.2
2025-11-21 11:00:00,11,11,12.1,55.0,9.5,1.237,5.6,111.3,10.7
2025-11-21 12:00:00,12,11,20.9,74.0,38.0,1.2,6.3,123.0,50.0
2025-11-21 13:00:00,13,11,15.3,85.0,22.2,1.224,4.1,53.8,35.4
2025-11-21 14:00:00,14,11,34.7,51.1,30.9,1.147,4.1,82.9,44.4
2025-11-21 15:00:00,15,11,22.7,68.4,28.0,1.193,1.6,2.7,38.9
2025-11-21 16:00:00,16,11,18.7,76.2,5.2,1.209,0.0,0.0,5.5
2025-11-21 17:00:00,17,11,22.6,36.3,20.3,1.194,0.0,0.0,26.6
2025-11-21 18:00:00,18,11,40.7,32.0,10.4,1.125,0.0,0.0,13.3
2025-11-21 19:00:00,19,11,25.5,82.5,30.0,1.182,0.0,0.0,39.8
2025-11-21 20:00:00,20,11,28.6,92.3,31.0,1.17,0.0,0.0,39.0
2025-11-21 21:00:00,21,11,21.5,6.9,8.7,1.198,0.0,0.0,8.1
2025-11-21 22:00:00,22,11,22.2,19.5,25.6,1.195,0.0,0.0,32.5
2025-11-21 23:00:00,23,11,34.2,7.8,10.3,1.148,0.0,0.0,15.0
2025-11-22 00:00:00,0,11,20.6,69.5,39.7,1.202,0.0,0.0,60.6
2025-11-22 01:00:00,1,11,30.9,45.3,39.3,1.161,0.0,0.0,49.1
2025-11-22 02:00:00,2,11,13.2,95.2,19.1,1.233,0.0,0.0,26.7
2025-11-22 03:00:00,3,11,29.4,57.4,41.7,1.167,0.0,0.0,55.1
2025-11-22 04:00:00,4,11,22.0,96.3,26.3,1.196,0.0,0.0,35.7
2025-11-22 05:00:00,5,11,22.1,19.5,18.2,1.196,0.0,0.0,22.4
2025-11-22 06:00:00,6,11,19.5,40.9,44.2,1.206,0.0,0.0,64.9
2025-11-22 07:00:00,7,11,34.7,91.3,34.2,1.147,0.0,0.0,47.0
2025-11-22 08:00:00,8,11,26.8,77.8,18.4,1.177,0.0,0.0,24.3
2025-11-22 09:00:00,9,11,24.7,24.7,22.3,1.185,3.8,79.9,26.1
2025-11-22 10:00:00,10,11,17.5,2.4,13.3,1.214,6.5,166.3,15.9
2025-11-22 11:00:00,11,11,27.1,91.8,6.4,1.176,3.7,45.0,2.9
2025-11-22 12:00:00,12,11,37.1,60.1,40.7,1.138,7.0,144.1,58.6
2025-11-22 13:00:00,13,11,26.7,77.1,17.5,1.177,4.5,73.4,22.8
2025-11-22 14:00:00,14,11,16.5,95.9,31.9,1.219,1.9,0.0,45.9
2025-11-22 15:00:00,15,11,19.5,80.4,17.1,1.206,1.0,0.0,20.6
2025-11-22 16:00:00,16,11,21.0,56.3,18.0,1.2,0.5,0.0,21.3
2025-11-22 17:00:00,17,11,34.4,14.1,20.2,1.148,1.0,23.0,28.4
2025-11-22 18:00:00,18,11,10.1,59.7,14.3,1.246,0.0,0.0,18.8
2025-11-22 19:00:00,19,11,16.2,49.9,25.0,1.22,0.0,0.0,32.8
2025-11-22 20:00:00,20,11,24.8,14.6,22.7,1.185,0.0,0.0,30.7
2025-11-22 21:00:00,21,11,37.0,48.5,11.7,1.138,0.0,0.0,16.1
2025-11-22 22:00:00,22,11,34.6,44.0,19.3,1.147,0.0,0.0,26.7
2025-11-22 23:00:00,23,11,11.4,56.5,18.2,1.241,0.0,0.0,22.4
2025-11-23 00:00:00,0,11,27.2,96.2,44.2,1.175,0.0,0.0,57.2
2025-11-23 01:00:00,1,11,25.1,23.5,43.5,1.184,0.0,0.0,61.7
2025-11-23 02:00:00,2,11,26.7,16.5,40.2,1.177,0.0,0.0,53.6
2025-11-23 03:00:00,3,11,31.0,34.5,17.3,1.161,0.0,0.0,21.4
2025-11-23 04:00:00,4,11,18.4,91.4,31.7,1.211,0.0,0.0,46.3
2025-11-23 05:00:00,5,11,43.8,92.1,9.9,1.114,0.0,0.0,9.2
2025-11-23 06:00:00,6,11,19.1,75.4,40.9,1.208,0.0,0.0,59.9
2025-11-23 07:00:00,7,11,29.8,77.4,33.5,1.165,0.0,0.0,45.1
2025-11-23 08:00:00,8,11,46.3,80.4,27.3,1.105,0.0,0.0,43.7
2025-11-23 09:00:00,9,11,13.7,84.7,21.6,1.231,0.8,0.0,25.0
2025-11-23 10:00:00,10,11,21.0,13.9,17.1,1.2,6.0,142.6,19.4
2025-11-23 11:00:00,11,11,27.3,4.3,27.3,1.175,8.1,203.1,40.8
2025-11-23 12:00:00,12,11,22.3,79.6,13.5,1.195,6.0,108.1,14.9
2025-11-23 13:00:00,13,11,30.9,30.4,29.4,1.161,6.8,163.1,35.0
2025-11-23 14:00:00,14,11,13.2,75.1,22.2,1.233,2.9,33.7,30.3
2025-11-23 15:00:00,15,11,30.1,38.8,39.6,1.164,3.1,48.4,55.8
2025-11-23 16:00:00,16,11,26.0,67.2,44.8,1.18,0.0,0.0,64.6
2025-11-23 17:00:00,17,11,34.0,55.3,21.3,1.149,0.0,0.0,25.1
2025-11-23 18:00:00,18,11,34.3,38.7,12.3,1.148,0.0,0.0,14.0
2025-11-23 19:00:00,19,11,23.9,32.6,27.4,1.188,0.0,0.0,35.4
2025-11-23 20:00:00,20,11,25.5,14.8,29.9,1.182,0.0,4.3,43.2
2025-11-23 21:00:00,21,11,36.1,56.7,7.7,1.141,0.0,0.0,7.7
2025-11-23 22:00:00,22,11,16.1,33.3,23.2,1.22,0.0,0.0,37.7
2025-11-23 23:00:00,23,11,35.2,23.1,6.4,1.145,0.0,0.0,7.0
2025-11-24 00:00:00,0,11,26.7,52.0,21.6,1.177,0.0,0.0,30.8
2025-11-24 01:00:00,1,11,23.5,55.4,39.9,1.19,0.0,0.0,59.3
2025-11-24 02:00:00,2,11,19.2,67.8,36.9,1.207,0.0,0.0,49.8
2025-11-24 03:00:00,3,11,30.3,74.5,24.2,1.163,0.0,0.0,34.3
2025-11-24 04:00:00,4,11,20.8,5.4,9.1,1.201,0.0,0.7,9.0
2025-11-24 05:00:00,5,11,26.1,43.0,16.6,1.18,0.0,0.0,25.7
2025-11-24 06:00:00,6,11,31.2,80.5,11.5,1.16,0.0,0.0,10.7
2025-11-24 07:00:00,7,11,22.1,58.6,26.6,1.196,0.0,0.0,33.5
2025-11-24 08:00:00,8,11,32.9,42.0,31.0,1.153,1.2,6.6,42.6
2025-11-24 09:00:00,9,11,31.0,47.7,27.6,1.161,2.6,46.1,35.7
2025-11-24 10:00:00,10,11,33.2,52.2,22.1,1.152,4.1,79.0,34.4
2025-11-24 11:00:00,11,11,29.4,18.9,23.8,1.167,7.4,176.2,34.2
2025-11-24 12:00:00,12,11,23.1,14.2,37.5,1.192,9.3,223.6,52.7
2025-11-24 13:00:00,13,11,27.9,33.7,43.7,1.173,6.6,155.1,60.4
2025-11-24 14:00:00,14,11,25.6,91.7,43.1,1.182,2.1,1.2,58.5
2025-11-24 15:00:00,15,11,30.8,1.6,43.4,1.161,4.9,122.9,58.4
2025-11-24 16:00:00,16,11,17.3,42.2,43.7,1.215,1.2,6.1,61.8
2025-11-24 17:00:00,17,11,23.9,46.5,11.2,1.188,0.0,0.0,13.6
2025-11-24 18:00:00,18,11,16.4,90.4,32.8,1.219,0.0,0.0,45.0
2025-11-24 19:00:00,19,11,26.5,12.9,20.5,1.178,0.0,0.0,25.3
2025-11-24 20:00:00,20,11,16.9,37.8,11.3,1.217,0.0,0.0,13.2
2025-11-24 21:00:00,21,11,31.1,44.0,20.1,1.16,0.0,0.0,26.0
2025-11-24 22:00:00,22,11,35.3,35.5,13.1,1.144,0.0,0.0,16.6
2025-11-24 23:00:00,23,11,36.8,43.0,7.3,1.139,0.0,0.0,6.8
2025-11-25 00:00:00,0,11,24.3,7.3,6.8,1.187,0.0,10.1,0.0
2025-11-25 01:00:00,1,11,35.7,53.1,26.4,1.143,0.0,0.0,36.2
2025-11-25 02:00:00,2,11,10.6,15.9,11.5,1.244,0.0,0.0,16.0
2025-11-25 03:00:00,3,11,19.7,84.1,14.9,1.205,0.0,0.0,17.3
2025-11-25 04:00:00,4,11,23.7,28.7,24.9,1.189,0.0,0.0,35.3
2025-11-25 05:00:00,5,11,35.6,6.9,33.0,1.143,0.0,1.6,40.5
2025-11-25 06:00:00,6,11,30.8,89.5,39.6,1.161,0.0,0.0,50.3
2025-11-25 07:00:00,7,11,22.7,8.4,11.9,1.193,1.2,33.2,13.0
2025-11-25 08:00:00,8,11,39.1,1.5,34.1,1.13,3.3,92.9,49.8
2025-11-25 09:00:00,9,11,20.8,96.6,34.8,1.201,0.2,0.0,51.2
2025-11-25 10:00:00,10,11,26.2,86.2,40.2,1.179,2.4,30.4,58.4
2025-11-25 11:00:00,11,11,34.1,83.1,28.0,1.149,4.2,70.3,37.3
2025-11-25 12:00:00,12,11,18.8,0.6,5.5,1.209,10.0,253.4,9.9
2025-11-25 13:00:00,13,11,28.9,14.6,34.6,1.169,7.6,185.5,47.0
2025-11-25 14:00:00,14,11,29.7,8.2,21.6,1.166,6.3,148.6,28.7
2025-11-25 15:00:00,15,11,32.2,66.8,31.1,1.156,1.7,12.2,46.5
2025-11-25 16:00:00,16,11,10.1,28.2,13.7,1.246,1.9,27.7,26.8
2025-11-25 17:00:00,17,11,26.5,31.1,13.7,1.178,0.1,0.0,16.0
2025-11-25 18:00:00,18,11,12.4,58.6,39.9,1.236,0.0,0.0,58.4
2025-11-25 19:00:00,19,11,17.4,87.6,11.8,1.215,0.0,0.0,17.1
2025-11-25 20:00:00,20,11,13.6,9.3,18.3,1.231,0.0,0.0,25.9
2025-11-25 21:00:00,21,11,19.7,80.1,28.9,1.205,0.0,0.0,46.0
2025-11-25 22:00:00,22,11,28.3,50.5,24.5,1.171,0.0,0.0,33.9
2025-11-25 23:00:00,23,11,7.8,7.2,27.0,1.256,0.0,0.0,43.4
2025-11-26 00:00:00,0,11,26.7,28.5,7.0,1.177,0.0,0.0,8.5
2025-11-26 01:00:00,1,11,22.6,75.4,39.9,1.194,0.0,0.0,58.2
2025-11-26 02:00:00,2,11,21.2,76.7,44.5,1.199,0.0,0.0,65.1
2025-11-26 03:00:00,3,11,28.8,77.3,20.0,1.169,0.0,0.0,30.6
2025-11-26 04:00:00,4,11,28.1,60.3,42.0,1.172,0.0,0.0,60.5
2025-11-26 05:00:00,5,11,25.8,63.9,34.2,1.181,0.0,0.0,48.0
2025-11-26 06:00:00,6,11,17.9,95.9,42.6,1.213,0.0,0.0,64.4
2025-11-26 07:00:00,7,11,18.9,32.1,43.4,1.209,0.1,0.0,62.0
2025-11-26 08:00:00,8,11,30.3,18.7,40.8,1.163,2.4,48.0,58.6
2025-11-26 09:00:00,9,11,29.6,85.4,42.5,1.166,0.7,0.0,55.8
2025-11-26 10:00:00,10,11,29.9,26.0,6.6,1.165,5.4,119.1,8.8
2025-11-26 11:00:00,11,11,27.7,56.5,33.2,1.173,5.5,104.4,45.7
2025-11-26 12:00:00,12,11,15.5,42.9,6.0,1.223,7.9,181.4,8.5
2025-11-26 13:00:00,13,11,30.0,33.2,5.4,1.164,6.7,146.6,5.2
2025-11-26 14:00:00,14,11,14.5,57.9,24.3,1.227,3.8,67.4,26.4
2025-11-26 15:00:00,15,11,31.2,39.1,36.9,1.16,3.0,60.3,53.9
2025-11-26 16:00:00,16,11,27.4,84.4,22.0,1.174,0.0,0.0,36.6
2025-11-26 17:00:00,17,11,17.2,2.0,9.8,1.216,1.6,41.1,15.6
2025-11-26 18:00:00,18,11,36.2,17.5,12.6,1.141,0.0,0.0,12.8
2025-11-26 19:00:00,19,11,28.8,32.8,26.6,1.169,0.0,0.0,36.4
2025-11-26 20:00:00,20,11,29.9,18.6,30.0,1.165,0.0,0.0,40.2
2025-11-26 21:00:00,21,11,22.6,26.8,22.9,1.194,0.0,0.0,33.8
2025-11-26 22:00:00,22,11,28.8,93.5,34.6,1.169,0.0,0.0,44.5
2025-11-26 23:00:00,23,11,36.4,83.4,24.8,1.14,0.0,0.0,33.5
2025-11-27 00:00:00,0,11,18.4,82.3,28.8,1.211,0.0,0.0,39.6
2025-11-27 01:00:00,1,11,30.5,75.6,44.7,1.162,0.0,0.0,66.6
2025-11-27 02:00:00,2,11,23.3,7.6,24.2,1.191,0.0,0.0,27.5
2025-11-27 03:00:00,3,11,26.8,25.7,10.0,1.177,0.0,0.0,7.4
2025-11-27 04:00:00,4,11,31.3,57.3,44.6,1.159,0.0,0.0,67.7
2025-11-27 05:00:00,5,11,29.9,77.7,34.6,1.165,0.0,0.0,50.6
2025-11-27 06:00:00,6,11,16.7,9.0,25.3,1.218,0.0,0.0,35.3
2025-11-27 07:00:00,7,11,30.6,80.3,8.3,1.162,0.0,0.0,6.3
2025-11-27 08:00:00,8,11,17.5,8.6,26.6,1.214,2.9,67.0,37.6
2025-11-27 09:00:00,9,11,23.1,76.1,21.8,1.192,1.2,0.0,32.2
2025-11-27 10:00:00,10,11,31.5,55.3,41.2,1.159,3.9,63.4,62.3
2025-11-27 11:00:00,11,11,22.1,69.7,37.1,1.196,4.8,85.0,45.8
2025-11-27 12:00:00,12,11,36.3,0.8,7.8,1.141,10.0,244.7,9.3
2025-11-27 13:00:00,13,11,20.8,21.0,29.4,1.201,7.3,174.2,39.2
2025-11-27 14:00:00,14,11,38.7,4.3,21.6,1.132,6.5,154.2,28.4
2025-11-27 15:00:00,15,11,13.2,43.2,41.2,1.233,2.8,51.3,58.2
2025-11-27 16:00:00,16,11,5.7,46.4,6.4,1.266,1.0,0.5,10.7
2025-11-27 17:00:00,17,11,28.0,35.5,12.9,1.172,0.0,0.0,15.4
2025-11-27 18:00:00,18,11,32.4,96.2,28.7,1.155,0.0,0.0,44.8
2025-11-27 19:00:00,19,11,29.6,76.1,17.2,1.166,0.0,0.0,23.3
2025-11-27 20:00:00,20,11,8.9,1.8,9.5,1.252,0.0,6.6,15.3
2025-11-27 21:00:00,21,11,27.2,15.4,11.0,1.175,0.0,0.0,17.8
2025-11-27 22:00:00,22,11,45.0,91.9,32.3,1.109,0.0,0.0,49.7
2025-11-27 23:00:00,23,11,24.1,39.6,36.5,1.188,0.0,0.0,47.6
2025-11-28 00:00:00,0,11,29.2,72.9,25.3,1.167,0.0,0.0,33.1
2025-11-28 01:00:00,1,11,26.0,17.4,39.9,1.18,0.0,0.0,60.9
2025-11-28 02:00:00,2,11,25.2,55.4,32.8,1.183,0.0,0.0,44.4
2025-11-28 03:00:00,3,11,20.7,38.2,23.4,1.201,0.0,0.0,33.3
2025-11-28 04:00:00,4,11,30.2,44.6,18.5,1.164,0.0,0.0,22.9
2025-11-28 05:00:00,5,11,16.4,62.2,9.1,1.219,0.0,0.0,13.6
2025-11-28 06:00:00,6,11,30.0,12.3,25.0,1.164,0.0,0.0,33.0
2025-11-28 07:00:00,7,11,41.9,82.7,31.3,1.12,0.0,0.0,44.4
2025-11-28 08:00:00,8,11,24.0,71.1,10.8,1.188,0.0,0.0,11.1
2025-11-28 09:00:00,9,11,34.7,16.2,44.8,1.147,4.2,87.7,62.1
2025-11-28 10:00:00,10,11,13.9,72.5,10.5,1.23,3.0,35.6,14.6
2025-11-28 11:00:00,11,11,31.1,39.1,43.2,1.16,6.4,140.1,64.9
2025-11-28 12:00:00,12,11,21.2,86.7,22.1,1.199,5.7,102.6,32.8
2025-11-28 13:00:00,13,11,29.5,35.9,35.4,1.166,6.5,151.8,48.5
2025-11-28 14:00:00,14,11,18.4,90.9,14.8,1.211,2.1,5.6,19.7
2025-11-28 15:00:00,15,11,26.3,31.0,15.5,1.179,3.4,71.4,17.1
2025-11-28 16:00:00,16,11,36.8,42.1,38.4,1.139,1.2,3.1,53.7
2025-11-28 17:00:00,17,11,16.6,68.2,44.5,1.218,0.0,0.0,60.8
2025-11-28 18:00:00,18,11,30.2,28.0,35.4,1.164,0.0,0.0,48.8
2025-11-28 19:00:00,19,11,24.5,43.6,20.6,1.186,0.0,0.0,29.4
2025-11-28 20:00:00,20,11,21.5,6.3,12.9,1.198,0.0,1.9,13.3
2025-11-28 21:00:00,21,11,29.7,45.3,26.9,1.166,0.0,0.0,37.4
2025-11-28 22:00:00,22,11,22.3,10.2,11.3,1.195,0.0,0.0,13.4
2025-11-28 23:00:00,23,11,23.0,74.9,10.4,1.192,0.0,0.0,11.4
2025-11-29 00:00:00,0,11,15.5,46.3,23.8,1.223,0.0,0.0,31.6
2025-11-29 01:00:00,1,11,11.8,23.9,8.9,1.239,0.0,0.0,11.9
2025-11-29 02:00:00,2,11,39.8,97.0,20.3,1.128,0.0,0.0,26.1
2025-11-29 03:00:00,3,11,12.4,58.1,41.6,1.236,0.0,0.0,57.6
2025-11-29 04:00:00,4,11,22.4,40.7,39.8,1.194,0.0,0.0,55.2
2025-11-29 05:00:00,5,11,9.6,37.1,11.8,1.248,0.0,0.0,16.8
2025-11-29 06:00:00,6,11,24.6,94.4,34.0,1.186,0.0,0.0,48.1
2025-11-29 07:00:00,7,11,45.0,17.9,28.1,1.109,0.8,17.1,36.5
2025-11-29 08:00:00,8,11,30.5,55.5,17.0,1.162,0.6,0.0,26.4
2025-11-29 09:00:00,9,11,27.1,2.5,8.7,1.176,4.9,121.9,11.8
2025-11-29 10:00:00,10,11,42.2,76.9,43.5,1.119,2.8,29.1,65.7
2025-11-29 11:00:00,11,11,17.9,32.6,10.4,1.213,6.7,154.0,12.4
2025-11-29 12:00:00,12,11,24.8,66.5,31.1,1.185,6.7,134.2,44.4
2025-11-29 13:00:00,13,11,32.7,43.1,10.8,1.154,6.2,133.1,7.6
2025-11-29 14:00:00,14,11,14.6,68.8,20.4,1.227,3.2,42.7,27.5
2025-11-29 15:00:00,15,11,28.1,45.1,18.2,1.172,2.7,44.5,27.8
2025-11-29 16:00:00,16,11,25.5,66.5,32.8,1.182,0.0,0.0,49.8
2025-11-29 17:00:00,17,11,30.9,68.5,23.8,1.161,0.0,0.0,36.9
2025-11-29 18:00:00,18,11,14.5,31.2,20.8,1.227,0.0,0.0,35.6
2025-11-29 19:00:00,19,11,31.1,93.1,23.5,1.16,0.0,0.0,28.6
2025-11-29 20:00:00,20,11,21.2,25.8,21.5,1.199,0.0,0.0,33.4
2025-11-29 21:00:00,21,11,28.4,59.2,27.8,1.171,0.0,0.0,39.3
2025-11-29 22:00:00,22,11,24.0,49.8,16.4,1.188,0.0,0.0,18.3
2025-11-29 23:00:00,23,11,19.6,2.0,34.3,1.206,0.0,0.0,51.6
2025-11-30 00:00:00,0,11,23.1,3.4,15.6,1.192,0.0,1.9,21.5
2025-11-30 01:00:00,1,11,14.1,29.1,7.2,1.229,0.0,0.0,7.2
2025-11-30 02:00:00,2,11,19.8,0.0,10.7,1.205,0.0,0.0,12.0
2025-11-30 03:00:00,3,11,29.8,31.5,17.5,1.165,0.0,0.0,25.8
2025-11-30 04:00:00,4,11,30.7,11.5,28.3,1.162,0.0,0.0,42.0
2025-11-30 05:00:00,5,11,21.5,33.4,7.1,1.198,0.0,0.0,11.3
2025-11-30 06:00:00,6,11,13.1,2.2,8.8,1.233,0.0,0.0,11.5
2025-11-30 07:00:00,7,11,35.4,2.1,16.8,1.144,1.6,39.5,21.5
2025-11-30 08:00:00,8,11,42.6,1.6,15.0,1.118,3.3,88.5,19.1
2025-11-30 09:00:00,9,11,26.2,4.1,29.0,1.179,4.8,119.5,38.8
2025-11-30 10:00:00,10,11,22.6,18.0,31.8,1.194,5.8,131.6,44.6
2025-11-30 11:00:00,11,11,37.7,22.5,39.8,1.136,7.2,169.8,55.1
2025-11-30 12:00:00,12,11,16.4,55.6,7.4,1.219,7.2,149.7,9.0
2025-11-30 13:00:00,13,11,23.7,83.5,11.2,1.189,4.2,66.8,10.6
2025-11-30 14:00:00,14,11,23.8,38.8,20.4,1.189,4.7,101.0,27.6
2025-11-30 15:00:00,15,11,30.4,90.6,21.3,1.163,0.5,0.0,27.6
2025-11-30 16:00:00,16,11,30.3,29.4,17.0,1.163,1.9,36.3,23.9
2025-11-30 17:00:00,17,11,25.1,8.6,32.8,1.184,1.2,25.7,44.2
2025-11-30 18:00:00,18,11,19.2,12.7,19.8,1.207,0.0,0.1,26.1
2025-11-30 19:00:00,19,11,23.7,76.6,6.1,1.189,0.0,0.0,1.6
2025-11-30 20:00:00,20,11,27.6,24.8,39.8,1.174,0.0,0.0,59.5
2025-11-30 21:00:00,21,11,14.9,57.4,36.2,1.225,0.0,0.0,52.6
2025-11-30 22:00:00,22,11,27.4,74.9,19.6,1.174,0.0,0.0,25.1
2025-11-30 23:00:00,23,11,14.8,99.8,22.3,1.226,0.0,0.0,26.8
2025-12-01 00:00:00,0,12,22.7,45.3,43.1,1.193,0.0,0.0,64.0
2025-12-01 01:00:00,1,12,23.1,88.0,27.0,1.192,0.0,0.0,42.3
2025-12-01 02:00:00,2,12,29.3,63.7,31.2,1.167,0.0,0.0,42.8
2025-12-01 03:00:00,3,12,17.1,10.3,30.9,1.216,0.0,0.0,44.5
2025-12-01 04:00:00,4,12,21.9,12.9,28.3,1.196,0.0,0.0,38.6
2025-12-01 05:00:00,5,12,20.9,52.3,11.7,1.2,0.0,0.0,8.2
2025-12-01 06:00:00,6,12,10.9,43.9,42.4,1.243,0.0,0.0,55.5
2025-12-01 07:00:00,7,12,18.7,95.4,16.7,1.209,0.0,0.0,21.6
2025-12-01 08:00:00,8,12,21.9,50.0,34.6,1.196,0.8,0.0,46.6
2025-12-01 09:00:00,9,12,20.0,3.0,37.4,1.204,4.8,117.9,54.1
2025-12-01 10:00:00,10,12,21.1,49.5,31.6,1.2,4.2,72.3,49.5
2025-12-01 11:00:00,11,12,18.3,57.2,25.6,1.211,5.5,111.7,34.6
2025-12-01 12:00:00,12,12,21.3,76.3,19.6,1.199,6.2,117.9,25.1
2025-12-01 13:00:00,13,12,25.9,68.8,38.6,1.18,4.9,81.4,53.8
2025-12-01 14:00:00,14,12,23.7,2.8,19.4,1.189,6.5,165.1,23.0
2025-12-01 15:00:00,15,12,13.1,39.3,20.1,1.233,3.0,53.9,29.4
2025-12-01 16:00:00,16,12,32.8,85.6,19.2,1.154,0.0,0.0,22.6
2025-12-01 17:00:00,17,12,28.9,89.9,25.8,1.169,0.0,0.0,27.7
2025-12-01 18:00:00,18,12,16.7,19.6,7.4,1.218,0.0,0.0,6.5
2025-12-01 19:00:00,19,12,27.6,46.9,43.3,1.174,0.0,0.0,59.8
2025-12-01 20:00:00,20,12,27.2,88.4,35.1,1.175,0.0,0.0,46.2
2025-12-01 21:00:00,21,12,35.3,50.3,16.5,1.144,0.0,0.0,19.8
2025-12-01 22:00:00,22,12,30.7,99.5,32.8,1.162,0.0,0.0,49.0
2025-12-01 23:00:00,23,12,25.4,51.6,37.6,1.182,0.0,0.0,61.0
2025-12-02 00:00:00,0,12,22.0,9.3,12.4,1.196,0.0,0.8,11.8
2025-12-02 01:00:00,1,12,3.3,30.5,11.8,1.277,0.0,0.0,15.2
2025-12-02 02:00:00,2,12,41.3,5.0,44.1,1.123,0.0,2.5,61.3
2025-12-02 03:00:00,3,12,10.6,83.4,39.4,1.244,0.0,0.0,54.6
2025-12-02 04:00:00,4,12,14.7,47.1,22.2,1.226,0.0,0.0,31.9
2025-12-02 05:00:00,5,12,32.8,83.9,12.7,1.154,0.0,0.0,22.3
2025-12-02 06:00:00,6,12,29.5,94.0,6.9,1.166,0.0,0.0,7.2
2025-12-02 07:00:00,7,12,13.4,80.1,9.5,1.232,0.0,0.0,7.4
2025-12-02 08:00:00,8,12,12.0,72.3,27.5,1.238,0.0,0.0,32.2
2025-12-02 09:00:00,9,12,13.2,25.3,31.8,1.233,3.7,91.5,45.0
2025-12-02 10:00:00,10,12,43.3,40.5,29.4,1.115,4.6,92.1,40.9
2025-12-02 11:00:00,11,12,13.7,3.6,19.1,1.231,8.2,205.3,25.8
2025-12-02 12:00:00,12,12,31.9,70.2,39.3,1.157,6.5,130.6,48.5
2025-12-02 13:00:00,13,12,26.7,73.8,42.5,1.177,4.6,78.4,62.4
2025-12-02 14:00:00,14,12,29.1,49.0,35.9,1.168,4.2,79.0,48.1
2025-12-02 15:00:00,15,12,21.2,82.5,19.4,1.199,0.9,0.0,27.1
2025-12-02 16:00:00,16,12,25.3,87.4,12.1,1.183,0.0,0.0,15.5
2025-12-02 17:00:00,17,12,23.4,6.7,30.0,1.19,1.3,32.9,47.5
2025-12-02 18:00:00,18,12,22.0,17.1,35.6,1.196,0.0,0.0,51.0
2025-12-02 19:00:00,19,12,24.5,93.1,33.1,1.186,0.0,0.0,48.6
2025-12-02 20:00:00,20,12,28.4,28.5,9.4,1.171,0.0,0.0,10.5
2025-12-02 21:00:00,21,12,20.7,11.3,23.4,1.201,0.0,0.0,28.9
2025-12-02 22:00:00,22,12,22.1,84.0,32.4,1.196,0.0,0.0,43.9
2025-12-02 23:00:00,23,12,29.7,78.7,34.7,1.166,0.0,0.0,50.0
2025-12-03 00:00:00,0,12,34.2,35.1,32.5,1.148,0.0,0.0,45.7
2025-12-03 01:00:00,1,12,40.8,15.9,27.6,1.124,0.0,0.0,34.1
2025-12-03 02:00:00,2,12,31.7,24.0,37.4,1.158,0.0,0.0,52.8
2025-12-03 03:00:00,3,12,8.6,71.9,44.5,1.253,0.0,0.0,60.6
2025-12-03 04:00:00,4,12,32.4,13.6,27.0,1.155,0.0,0.0,33.6
2025-12-03 05:00:00,5,12,25.1,81.5,15.2,1.184,0.0,0.0,14.2
2025-12-03 06:00:00,6,12,25.0,56.7,24.3,1.184,0.0,0.0,27.7
2025-12-03 07:00:00,7,12,26.5,78.3,41.0,1.178,0.0,0.0,55.4
2025-12-03 08:00:00,8,12,29.2,32.7,15.4,1.167,1.7,28.4,17.0
2025-12-03 09:00:00,9,12,14.0,63.5,14.8,1.229,1.8,11.9,21.1
2025-12-03 10:00:00,10,12,21.1,55.0,22.7,1.2,3.9,70.2,34.1
2025-12-03 11:00:00,11,12,23.2,25.5,12.2,1.191,7.1,163.6,12.0
2025-12-03 12:00:00,12,12,15.2,90.5,9.9,1.224,5.5,92.0,13.4
2025-12-03 13:00:00,13,12,20.2,70.6,40.1,1.203,4.8,87.9,54.2
2025-12-03 14:00:00,14,12,35.3,51.1,34.1,1.144,4.1,75.0,47.3
2025-12-03 15:00:00,15,12,27.0,68.8,10.6,1.176,1.6,7.3,9.3
2025-12-03 16:00:00,16,12,23.6,96.2,7.5,1.19,0.0,0.0,5.0
2025-12-03 17:00:00,17,12,19.3,58.6,16.0,1.207,0.0,0.0,21.5
2025-12-03 18:00:00,18,12,27.4,20.3,31.1,1.174,0.0,0.0,38.5
2025-12-03 19:00:00,19,12,23.3,54.6,27.6,1.191,0.0,0.0,40.1
2025-12-03 20:00:00,20,12,37.1,46.5,11.4,1.138,0.0,0.0,13.6
2025-12-03 21:00:00,21,12,25.1,14.7,24.0,1.184,0.0,0.0,32.3
2025-12-03 22:00:00,22,12,23.1,86.0,30.9,1.192,0.0,0.0,43.3
2025-12-03 23:00:00,23,12,33.2,38.0,42.0,1.152,0.0,0.0,56.9
2025-12-04 00:00:00,0,12,20.1,31.2,37.6,1.204,0.0,0.0,51.1
2025-12-04 01:00:00,1,12,20.8,0.9,43.0,1.201,0.0,0.0,57.4
2025-12-04 02:00:00,2,12,17.8,31.6,35.6,1.213,0.0,0.0,48.0
2025-12-04 03:00:00,3,12,22.7,67.0,6.6,1.193,0.0,0.0,10.5
2025-12-04 04:00:00,4,12,31.9,83.3,10.3,1.157,0.0,0.0,8.6
2025-12-04 05:00:00,5,12,34.6,36.9,36.8,1.147,0.0,0.0,53.8
2025-12-04 06:00:00,6,12,47.9,67.4,10.7,1.099,0.0,0.0,13.4
2025-12-04 07:00:00,7,12,21.9,75.7,41.4,1.196,0.0,0.0,59.2
2025-12-04 08:00:00,8,12,20.8,75.0,8.5,1.201,0.0,0.0,7.6
2025-12-04 09:00:00,9,12,21.5,29.9,30.5,1.198,3.5,69.7,39.6
2025-12-04 10:00:00,10,12,17.3,56.3,38.6,1.215,3.9,67.3,48.0
2025-12-04 11:00:00,11,12,27.0,39.3,6.0,1.176,6.4,139.7,4.2
2025-12-04 12:00:00,12,12,4.6,17.7,29.2,1.271,9.1,223.6,47.7
2025-12-04 13:00:00,13,12,20.7,1.5,24.7,1.201,8.3,204.0,30.1
2025-12-04 14:00:00,14,12,31.5,2.4,44.5,1.159,6.5,156.4,62.0
2025-12-04 15:00:00,15,12,32.1,9.1,37.2,1.156,4.5,111.8,47.1
2025-12-04 16:00:00,16,12,24.3,36.6,19.1,1.187,1.5,22.1,24.1
2025-12-04 17:00:00,17,12,29.6,71.5,45.0,1.166,0.0,0.0,64.6
2025-12-04 18:00:00,18,12,10.6,68.2,42.6,1.244,0.0,0.0,62.6
2025-12-04 19:00:00,19,12,17.5,27.9,38.9,1.214,0.0,0.0,53.1
2025-12-04 20:00:00,20,12,22.2,40.8,29.9,1.195,0.0,0.0,42.5
2025-12-04 21:00:00,21,12,27.5,62.2,39.9,1.174,0.0,0.0,55.6
2025-12-04 22:00:00,22,12,23.4,59.8,6.9,1.19,0.0,0.0,5.4
2025-12-04 23:00:00,23,12,18.4,71.0,14.7,1.211,0.0,0.0,18.1
2025-12-05 00:00:00,0,12,28.3,86.3,23.8,1.171,0.0,0.0,33.1
2025-12-05 01:00:00,1,12,31.8,29.8,14.8,1.158,0.0,0.0,18.7
2025-12-05 02:00:00,2,12,38.3,67.5,29.3,1.133,0.0,0.0,38.9
2025-12-05 03:00:00,3,12,35.7,84.0,15.8,1.143,0.0,0.0,20.3
2025-12-05 04:00:00,4,12,19.5,38.5,5.6,1.206,0.0,0.0,3.9
2025-12-05 05:00:00,5,12,24.9,95.0,17.6,1.184,0.0,0.0,21.4
2025-12-05 06:00:00,6,12,41.0,48.7,32.4,1.124,0.0,0.0,41.3
2025-12-05 07:00:00,7,12,27.7,15.4,6.3,1.173,0.9,13.3,5.7
2025-12-05 08:00:00,8,12,36.2,52.6,8.1,1.141,0.7,0.0,9.5
2025-12-05 09:00:00,9,12,34.2,91.7,8.8,1.148,0.4,0.0,7.0
2025-12-05 10:00:00,10,12,23.7,83.9,25.0,1.189,2.5,22.0,34.1
2025-12-05 11:00:00,11,12,20.8,39.5,8.0,1.201,6.4,141.7,9.6
2025-12-05 12:00:00,12,12,24.4,44.5,30.1,1.186,7.8,175.0,43.1
2025-12-05 13:00:00,13,12,29.7,8.9,42.5,1.166,7.9,192.0,58.0
2025-12-05 14:00:00,14,12,26.0,66.5,29.4,1.18,3.3,52.0,38.4
2025-12-05 15:00:00,15,12,31.4,98.5,5.4,1.159,0.1,0.0,3.3
2025-12-05 16:00:00,16,12,22.7,88.8,29.4,1.193,0.0,0.0,44.0
2025-12-05 17:00:00,17,12,37.0,56.6,40.6,1.138,0.0,0.0,57.6
2025-12-05 18:00:00,18,12,25.6,47.7,29.6,1.182,0.0,0.0,41.2
2025-12-05 19:00:00,19,12,18.3,29.4,11.5,1.211,0.0,0.0,13.8
2025-12-05 20:00:00,20,12,24.2,62.2,34.4,1.187,0.0,0.0,52.3
2025-12-05 21:00:00,21,12,34.7,50.1,20.4,1.147,0.0,0.0,25.2
2025-12-05 22:00:00,22,12,28.2,74.8,27.6,1.171,0.0,0.0,39.2
2025-12-05 23:00:00,23,12,34.0,25.1,25.0,1.149,0.0,0.0,36.0
2025-12-06 00:00:00,0,12,24.7,19.1,24.6,1.185,0.0,0.0,35.6
2025-12-06 01:00:00,1,12,21.1,27.1,15.4,1.2,0.0,0.0,21.9
2025-12-06 02:00:00,2,12,10.3,57.1,43.4,1.245,0.0,0.0,63.0
2025-12-06 03:00:00,3,12,20.7,11.7,8.2,1.201,0.0,0.0,7.2
2025-12-06 04:00:00,4,12,36.5,57.0,35.1,1.14,0.0,0.0,52.4
2025-12-06 05:00:00,5,12,32.6,2.7,33.9,1.154,0.0,0.0,46.2
2025-12-06 06:00:00,6,12,30.4,5.3,18.2,1.163,0.0,9.9,20.7
2025-12-06 07:00:00,7,12,18.3,42.3,7.0,1.211,0.0,0.0,3.9
2025-12-06 08:00:00,8,12,41.5,67.6,39.4,1.122,0.0,0.0,54.9
2025-12-06 09:00:00,9,12,29.9,17.7,19.5,1.165,4.1,96.5,25.3
2025-12-06 10:00:00,10,12,22.3,52.7,35.4,1.195,4.0,72.5,48.9
2025-12-06 11:00:00,11,12,33.6,35.3,14.8,1.151,6.6,146.4,17.0
2025-12-06 12:00:00,12,12,12.0,21.7,17.8,1.238,8.9,210.6,24.4
2025-12-06 13:00:00,13,12,34.8,62.2,34.1,1.146,5.2,87.5,48.7
2025-12-06 14:00:00,14,12,26.3,10.0,32.6,1.179,6.2,141.7,43.1
2025-12-06 15:00:00,15,12,25.5,55.6,28.0,1.182,2.2,28.5,37.1
2025-12-06 16:00:00,16,12,20.6,86.3,29.1,1.202,0.0,0.0,42.2
2025-12-06 17:00:00,17,12,43.4,18.6,30.0,1.115,0.7,6.8,39.0
2025-12-06 18:00:00,18,12,19.1,63.5,41.6,1.208,0.0,0.0,63.6
2025-12-06 19:00:00,19,12,15.9,64.1,39.4,1.221,0.0,0.0,51.1
2025-12-06 20:00:00,20,12,34.4,84.3,31.6,1.148,0.0,0.0,46.1
2025-12-06 21:00:00,21,12,21.6,41.9,35.8,1.198,0.0,0.0,50.0
2025-12-06 22:00:00,22,12,13.2,40.4,25.0,1.233,0.0,0.0,38.5
2025-12-06 23:00:00,23,12,29.1,4.3,27.9,1.168,0.0,0.0,37.8
2025-12-07 00:00:00,0,12,20.2,25.0,17.8,1.203,0.0,0.0,21.4
2025-12-07 01:00:00,1,12,36.8,63.1,29.6,1.139,0.0,0.0,40.3
2025-12-07 02:00:00,2,12,18.0,1.0,5.6,1.212,0.0,4.6,5.1
2025-12-07 03:00:00,3,12,33.1,62.5,21.2,1.153,0.0,0.0,28.0
2025-12-07 04:00:00,4,12,27.4,65.6,22.0,1.174,0.0,0.0,30.7
2025-12-07 05:00:00,5,12,20.2,78.7,22.0,1.203,0.0,0.0,32.6
2025-12-07 06:00:00,6,12,26.1,92.2,31.1,1.18,0.0,0.0,43.3
2025-12-07 07:00:00,7,12,16.9,90.9,22.2,1.217,0.0,0.0,27.4
2025-12-07 08:00:00,8,12,22.7,70.8,29.5,1.193,0.0,0.0,39.4
2025-12-07 09:00:00,9,12,21.2,83.9,23.8,1.199,0.8,0.0,32.2
2025-12-07 10:00:00,10,12,17.3,70.4,29.8,1.215,3.1,36.6,39.0
2025-12-07 11:00:00,11,12,25.3,88.4,22.9,1.183,3.9,54.4,28.8
2025-12-07 12:00:00,12,12,12.3,87.1,12.0,1.237,5.6,91.6,18.8
2025-12-07 13:00:00,13,12,9.2,63.3,18.3,1.25,5.2,98.3,26.9
2025-12-07 14:00:00,14,12,17.1,9.7,21.3,1.216,6.2,157.9,28.7
2025-12-07 15:00:00,15,12,21.2,69.2,30.5,1.199,1.5,0.4,36.7
2025-12-07 16:00:00,16,12,18.1,4.5,12.0,1.212,3.1,80.8,9.8
2025-12-07 17:00:00,17,12,20.6,88.8,11.3,1.202,0.0,0.0,16.5
2025-12-07 18:00:00,18,12,31.2,46.6,33.3,1.16,0.0,0.0,45.2
2025-12-07 19:00:00,19,12,21.4,32.9,5.0,1.198,0.0,0.0,5.0
2025-12-07 20:00:00,20,12,32.5,94.8,10.1,1.155,0.0,0.0,11.6
2025-12-07 21:00:00,21,12,33.3,1.7,15.8,1.152,0.0,0.0,17.4
2025-12-07 22:00:00,22,12,19.2,62.8,35.4,1.207,0.0,0.0,51.0
2025-12-07 23:00:00,23,12,33.1,69.0,38.6,1.153,0.0,0.0,57.6
2025-12-08 00:00:00,0,12,41.3,39.1,27.1,1.123,0.0,0.0,32.2
2025-12-08 01:00:00,1,12,27.3,89.3,42.9,1.175,0.0,0.0,57.6
2025-12-08 02:00:00,2,12,29.2,83.3,10.4,1.167,0.0,0.0,11.9
2025-12-08 03:00:00,3,12,37.1,76.4,12.0,1.138,0.0,0.0,12.3
2025-12-08 04:00:00,4,12,32.6,51.3,28.1,1.154,0.0,0.0,40.5
2025-12-08 05:00:00,5,12,28.4,25.9,42.0,1.171,0.0,0.0,58.3
2025-12-08 06:00:00,6,12,27.8,35.6,21.5,1.173,0.0,0.0,32.0
2025-12-08 07:00:00,7,12,27.0,9.6,26.9,1.176,1.2,23.0,37.7
2025-12-08 08:00:00,8,12,30.7,35.1,8.4,1.162,1.6,33.4,8.1
2025-12-08 09:00:00,9,12,24.1,64.0,34.1,1.188,1.8,14.8,56.1
2025-12-08 10:00:00,10,12,31.0,44.7,21.1,1.161,4.4,82.6,25.5
2025-12-08 11:00:00,11,12,31.1,34.2,25.2,1.16,6.6,145.1,33.2
2025-12-08 12:00:00,12,12,20.7,38.9,41.6,1.201,8.1,183.1,62.4
2025-12-08 13:00:00,13,12,13.7,88.0,37.0,1.231,3.9,55.2,55.4
2025-12-08 14:00:00,14,12,17.9,85.7,34.6,1.213,2.4,22.3,49.2
2025-12-08 15:00:00,15,12,34.3,39.3,10.5,1.148,3.0,55.9,12.8
2025-12-08 16:00:00,16,12,24.0,46.6,30.8,1.188,1.0,0.0,42.6
2025-12-08 17:00:00,17,12,19.5,24.3,39.3,1.206,0.5,0.0,55.2
2025-12-08 18:00:00,18,12,26.8,4.2,26.1,1.177,0.0,0.0,38.2
2025-12-08 19:00:00,19,12,24.9,86.8,27.4,1.184,0.0,0.0,37.1
2025-12-08 20:00:00,20,12,34.6,75.0,44.3,1.147,0.0,0.0,60.3
2025-12-08 21:00:00,21,12,27.2,42.6,23.1,1.175,0.0,0.0,30.5
2025-12-08 22:00:00,22,12,9.6,21.8,45.0,1.248,0.0,0.0,69.8
2025-12-08 23:00:00,23,12,32.3,6.8,5.3,1.156,0.0,0.0,0.0
2025-12-09 00:00:00,0,12,24.0,1.2,7.9,1.188,0.0,4.3,11.1
2025-12-09 01:00:00,1,12,15.1,9.3,15.0,1.225,0.0,0.0,15.5
2025-12-09 02:00:00,2,12,44.7,13.1,24.7,1.111,0.0,2.4,35.8
2025-12-09 03:00:00,3,12,18.3,14.3,6.2,1.211,0.0,0.0,7.4
2025-12-09 04:00:00,4,12,30.6,58.8,43.0,1.162,0.0,0.0,62.0
2025-12-09 05:00:00,5,12,26.3,64.4,8.6,1.179,0.0,0.0,13.6
2025-12-09 06:00:00,6,12,35.0,47.1,28.3,1.146,0.0,0.0,39.1
2025-12-09 07:00:00,7,12,12.2,95.4,38.0,1.237,0.0,0.0,52.9
2025-12-09 08:00:00,8,12,26.6,98.5,41.6,1.178,0.0,0.0,56.3
2025-12-09 09:00:00,9,12,21.0,76.8,28.2,1.2,1.2,0.0,40.4
2025-12-09 10:00:00,10,12,25.9,46.9,39.2,1.18,4.3,88.6,53.3
2025-12-09 11:00:00,11,12,28.5,64.3,28.8,1.17,5.1,103.1,43.1
2025-12-09 12:00:00,12,12,36.5,22.7,35.6,1.14,8.9,208.7,47.4
2025-12-09 13:00:00,13,12,27.2,54.9,16.5,1.175,5.6,113.6,18.7
2025-12-09 14:00:00,14,12,28.4,11.6,40.2,1.171,6.1,144.3,54.0
2025-12-09 15:00:00,15,12,30.8,8.6,14.9,1.161,4.6,105.0,17.7
2025-12-09 16:00:00,16,12,29.1,25.3,11.8,1.168,2.1,43.7,14.2
2025-12-09 17:00:00,17,12,26.3,28.3,27.6,1.179,0.3,0.0,37.0
2025-12-09 18:00:00,18,12,10.3,43.7,30.9,1.245,0.0,0.0,39.1
2025-12-09 19:00:00,19,12,26.1,78.6,24.2,1.18,0.0,0.0,30.6
2025-12-09 20:00:00,20,12,30.0,78.9,12.6,1.164,0.0,0.0,9.9
2025-12-09 21:00:00,21,12,27.3,54.3,12.9,1.175,0.0,0.0,15.8
2025-12-09 22:00:00,22,12,15.3,92.9,37.5,1.224,0.0,0.0,48.9
2025-12-09 23:00:00,23,12,27.8,27.9,5.6,1.173,0.0,0.0,0.0
2025-12-10 00:00:00,0,12,8.5,58.3,27.1,1.253,0.0,0.0,35.9
2025-12-10 01:00:00,1,12,17.8,31.5,41.9,1.213,0.0,0.0,57.4
2025-12-10 02:00:00,2,12,35.9,52.9,16.4,1.142,0.0,0.0,18.8
2025-12-10 03:00:00,3,12,21.5,70.8,11.6,1.198,0.0,0.0,12.9
2025-12-10 04:00:00,4,12,23.3,84.9,34.5,1.191,0.0,0.0,47.2
2025-12-10 05:00:00,5,12,22.9,38.4,44.3,1.192,0.0,0.0,58.8
2025-12-10 06:00:00,6,12,20.8,87.5,33.9,1.201,0.0,0.0,51.3
2025-12-10 07:00:00,7,12,32.6,79.3,29.8,1.154,0.0,0.0,39.4
2025-12-10 08:00:00,8,12,29.7,12.5,30.4,1.166,2.7,50.7,38.0
2025-12-10 09:00:00,9,12,30.9,40.5,20.1,1.161,3.0,60.8,30.7
2025-12-10 10:00:00,10,12,38.5,49.4,38.6,1.133,4.2,77.8,53.7
2025-12-10 11:00:00,11,12,28.1,64.3,33.9,1.172,5.1,91.8,49.4
2025-12-10 12:00:00,12,12,26.3,70.4,17.0,1.179,6.5,128.9,23.9
2025-12-10 13:00:00,13,12,20.9,4.4,20.5,1.2,8.1,206.1,27.5
2025-12-10 14:00:00,14,12,18.1,50.4,15.4,1.212,4.1,79.8,18.2
2025-12-10 15:00:00,15,12,26.0,73.2,33.5,1.18,1.3,0.0,52.2
2025-12-10 16:00:00,16,12,9.8,66.6,8.8,1.248,0.0,0.0,15.2
2025-12-10 17:00:00,17,12,28.0,93.1,44.9,1.172,0.0,0.0,65.6
2025-12-10 18:00:00,18,12,25.5,8.3,24.6,1.182,0.0,8.5,34.6
2025-12-10 19:00:00,19,12,20.7,0.1,20.3,1.201,0.0,2.1,32.3
2025-12-10 20:00:00,20,12,23.3,30.8,36.3,1.191,0.0,0.0,50.8
2025-12-10 21:00:00,21,12,16.4,15.9,6.5,1.219,0.0,0.0,6.5
2025-12-10 22:00:00,22,12,26.3,58.8,14.4,1.179,0.0,0.0,14.8
2025-12-10 23:00:00,23,12,50.8,34.6,5.3,1.09,0.0,0.0,6.8
2025-12-11 00:00:00,0,12,30.0,87.2,16.3,1.164,0.0,0.0,17.3
2025-12-11 01:00:00,1,12,21.4,51.2,19.1,1.198,0.0,0.0,22.9
2025-12-11 02:00:00,2,12,22.1,17.2,36.8,1.196,0.0,7.8,55.8
2025-12-11 03:00:00,3,12,28.6,97.2,14.8,1.17,0.0,0.0,16.1
2025-12-11 04:00:00,4,12,26.4,47.3,15.8,1.178,0.0,0.0,24.5
2025-12-11 05:00:00,5,12,29.9,73.4,40.2,1.165,0.0,0.0,56.3
2025-12-11 06:00:00,6,12,19.9,74.1,32.8,1.205,0.0,0.0,44.3
2025-12-11 07:00:00,7,12,33.9,34.7,41.0,1.15,0.0,0.0,54.6
2025-12-11 08:00:00,8,12,16.6,63.0,15.0,1.218,0.2,0.0,18.9
2025-12-11 09:00:00,9,12,34.0,76.5,13.3,1.149,1.2,0.0,11.4
2025-12-11 10:00:00,10,12,34.6,28.8,15.6,1.147,5.2,123.0,13.8
2025-12-11 11:00:00,11,12,27.2,28.0,13.3,1.175,6.9,146.2,16.5
2025-12-11 12:00:00,12,12,16.2,49.5,32.5,1.22,7.5,165.0,42.7
2025-12-11 13:00:00,13,12,22.9,45.6,19.0,1.192,6.1,136.2,28.4
2025-12-11 14:00:00,14,12,21.9,24.3,8.1,1.196,5.5,120.7,5.7
2025-12-11 15:00:00,15,12,16.5,20.7,18.8,1.219,4.0,89.8,26.9
2025-12-11 16:00:00,16,12,30.5,32.0,41.1,1.162,1.7,27.6,60.1
2025-12-11 17:00:00,17,12,24.1,76.9,6.8,1.188,0.0,0.0,4.5
2025-12-11 18:00:00,18,12,22.9,41.0,16.9,1.192,0.0,0.0,22.8
2025-12-11 19:00:00,19,12,24.6,68.6,9.8,1.186,0.0,0.0,10.7
2025-12-11 20:00:00,20,12,31.3,0.2,34.9,1.159,0.0,0.0,52.9
2025-12-11 21:00:00,21,12,27.0,67.8,33.5,1.176,0.0,0.0,47.8
2025-12-11 22:00:00,22,12,24.1,39.6,24.4,1.188,0.0,0.0,27.8
2025-12-11 23:00:00,23,12,21.9,19.4,6.6,1.196,0.0,0.0,6.3
2025-12-12 00:00:00,0,12,26.1,19.2,28.0,1.18,0.0,0.0,36.2
2025-12-12 01:00:00,1,12,25.6,4.1,35.2,1.182,0.0,0.0,44.8
2025-12-12 02:00:00,2,12,14.5,58.0,38.6,1.227,0.0,0.0,55.2
2025-12-12 03:00:00,3,12,25.9,84.9,8.0,1.18,0.0,0.0,9.4
2025-12-12 04:00:00,4,12,30.0,70.7,25.3,1.164,0.0,0.0,30.5
2025-12-12 05:00:00,5,12,16.3,83.7,23.9,1.22,0.0,0.0,31.4
2025-12-12 06:00:00,6,12,38.1,72.9,32.0,1.134,0.0,0.0,46.0
2025-12-12 07:00:00,7,12,33.4,60.8,44.4,1.151,0.0,0.0,61.4
2025-12-12 08:00:00,8,12,29.0,48.7,30.3,1.168,0.9,2.2,41.7
2025-12-12 09:00:00,9,12,31.6,91.4,41.3,1.158,0.4,0.0,62.6
2025-12-12 10:00:00,10,12,10.9,69.0,42.4,1.243,3.2,38.6,66.7
2025-12-12 11:00:00,11,12,18.3,33.6,5.3,1.211,6.7,147.3,5.5
2025-12-12 12:00:00,12,12,33.0,96.3,8.0,1.153,5.2,70.9,3.3
2025-12-12 13:00:00,13,12,23.7,69.8,24.3,1.189,4.8,87.3,33.6
2025-12-12 14:00:00,14,12,13.1,8.1,40.0,1.233,6.3,147.3,48.3
2025-12-12 15:00:00,15,12,26.8,72.4,26.1,1.177,1.4,0.0,32.6
2025-12-12 16:00:00,16,12,29.5,93.6,27.0,1.166,0.0,0.0,39.3
2025-12-12 17:00:00,17,12,27.0,55.5,43.4,1.176,0.0,0.0,58.9
2025-12-12 18:00:00,18,12,19.6,18.2,27.0,1.206,0.0,0.0,41.5
2025-12-12 19:00:00,19,12,32.3,73.7,13.5,1.156,0.0,0.0,19.7
2025-12-12 20:00:00,20,12,32.3,64.0,18.6,1.156,0.0,0.0,27.3
2025-12-12 21:00:00,21,12,17.7,76.4,30.3,1.214,0.0,0.0,43.4
2025-12-12 22:00:00,22,12,24.4,90.6,10.3,1.186,0.0,0.0,11.8
2025-12-12 23:00:00,23,12,8.1,69.7,15.8,1.255,0.0,0.0,21.6
2025-12-13 00:00:00,0,12,10.2,69.0,15.4,1.246,0.0,0.0,23.8
2025-12-13 01:00:00,1,12,37.4,68.4,43.2,1.137,0.0,0.0,56.3
2025-12-13 02:00:00,2,12,29.8,37.7,23.7,1.165,0.0,0.0,26.7
2025-12-13 03:00:00,3,12,14.0,90.2,13.5,1.229,0.0,0.0,19.6
2025-12-13 04:00:00,4,12,24.3,3.5,19.2,1.187,0.0,0.0,22.3
2025-12-13 05:00:00,5,12,10.7,51.9,42.0,1.244,0.0,0.0,62.6
2025-12-13 06:00:00,6,12,20.3,34.9,8.2,1.203,0.0,0.0,13.2
2025-12-13 07:00:00,7,12,32.0,16.2,39.5,1.157,0.9,11.7,58.7
2025-12-13 08:00:00,8,12,19.6,83.0,35.8,1.206,0.0,0.0,47.3
2025-12-13 09:00:00,9,12,6.9,63.0,39.3,1.26,1.8,21.9,51.8
2025-12-13 10:00:00,10,12,26.7,2.8,22.4,1.177,6.5,156.2,30.1
2025-12-13 11:00:00,11,12,21.6,17.1,41.6,1.198,7.5,172.3,55.1
2025-12-13 12:00:00,12,12,11.3,2.5,17.9,1.241,9.9,248.3,20.6
2025-12-13 13:00:00,13,12,12.1,48.2,31.9,1.237,5.9,127.9,45.1
2025-12-13 14:00:00,14,12,26.2,5.5,17.9,1.179,6.4,160.0,20.6
2025-12-13 15:00:00,15,12,33.8,25.5,38.5,1.15,3.7,84.9,54.1
2025-12-13 16:00:00,16,12,27.4,26.1,39.8,1.174,2.0,37.4,57.0
2025-12-13 17:00:00,17,12,10.1,64.8,9.7,1.246,0.0,0.0,13.1
2025-12-13 18:00:00,18,12,32.8,69.7,36.8,1.154,0.0,0.0,53.8
2025-12-13 19:00:00,19,12,28.3,94.6,18.6,1.171,0.0,0.0,27.4
2025-12-13 20:00:00,20,12,15.5,75.8,18.4,1.223,0.0,0.0,27.3
2025-12-13 21:00:00,21,12,29.1,95.2,14.4,1.168,0.0,0.0,17.6
2025-12-13 22:00:00,22,12,19.6,49.2,18.2,1.206,0.0,0.0,21.0
2025-12-13 23:00:00,23,12,32.6,43.0,8.4,1.154,0.0,0.0,10.8
2025-12-14 00:00:00,0,12,19.8,38.7,39.2,1.205,0.0,0.0,59.4
2025-12-14 01:00:00,1,12,15.6,57.6,40.7,1.222,0.0,0.0,61.7
2025-12-14 02:00:00,2,12,0.6,16.7,32.8,1.289,0.0,0.0,42.0
2025-12-14 03:00:00,3,12,17.8,30.8,25.4,1.213,0.0,0.0,38.5
2025-12-14 04:00:00,4,12,39.1,16.9,33.5,1.13,0.0,0.0,45.8
2025-12-14 05:00:00,5,12,31.8,81.2,21.1,1.158,0.0,0.0,27.4
2025-12-14 06:00:00,6,12,23.0,27.0,29.5,1.192,0.0,0.0,43.1
2025-12-14 07:00:00,7,12,20.3,6.0,39.2,1.203,1.4,33.0,54.7
2025-12-14 08:00:00,8,12,13.6,96.8,7.8,1.231,0.0,0.0,3.8
2025-12-14 09:00:00,9,12,27.6,41.3,34.9,1.174,2.9,57.5,50.9
2025-12-14 10:00:00,10,12,25.2,84.9,14.5,1.183,2.4,19.7,16.9
2025-12-14 11:00:00,11,12,12.3,75.7,35.7,1.237,4.5,76.8,52.5
2025-12-14 12:00:00,12,12,27.4,88.4,32.9,1.174,5.6,101.7,50.2
2025-12-14 13:00:00,13,12,24.8,67.9,26.7,1.185,4.9,94.6,39.1
2025-12-14 14:00:00,14,12,16.8,28.0,25.2,1.217,5.3,104.3,31.0
2025-12-14 15:00:00,15,12,16.6,77.9,25.3,1.218,1.1,0.0,37.6
2025-12-14 16:00:00,16,12,10.0,95.0,39.5,1.247,0.0,0.0,53.0
2025-12-14 17:00:00,17,12,10.8,84.9,36.2,1.243,0.0,0.0,52.1
2025-12-14 18:00:00,18,12,17.7,10.6,34.6,1.214,0.0,0.0,43.9
2025-12-14 19:00:00,19,12,11.1,3.4,10.6,1.242,0.0,0.0,5.7
2025-12-14 20:00:00,20,12,24.2,30.7,19.0,1.187,0.0,0.0,30.4
2025-12-14 21:00:00,21,12,24.6,26.6,14.3,1.186,0.0,0.0,19.1
2025-12-14 22:00:00,22,12,20.1,12.4,36.5,1.204,0.0,0.0,51.5
2025-12-14 23:00:00,23,12,19.9,91.2,22.5,1.205,0.0,0.0,30.9
2025-12-15 00:00:00,0,12,26.1,42.3,30.4,1.18,0.0,0.0,39.5
2025-12-15 01:00:00,1,12,35.0,63.9,27.4,1.146,0.0,0.0,36.2
2025-12-15 02:00:00,2,12,22.4,8.4,20.6,1.194,0.0,0.0,28.8
2025-12-15 03:00:00,3,12,33.5,23.6,36.0,1.151,0.0,2.1,50.1
2025-12-15 04:00:00,4,12,30.9,87.7,43.6,1.161,0.0,0.0,66.1
2025-12-15 05:00:00,5,12,46.5,100.0,31.6,1.104,0.0,0.0,43.1
2025-12-15 06:00:00,6,12,19.3,16.4,30.8,1.207,0.0,0.0,45.2
2025-12-15 07:00:00,7,12,13.0,69.4,18.9,1.234,0.0,0.0,24.0
2025-12-15 08:00:00,8,12,20.5,76.6,36.5,1.202,0.0,0.0,50.6
2025-12-15 09:00:00,9,12,16.2,88.2,30.7,1.22,0.6,0.0,45.1
2025-12-15 10:00:00,10,12,17.9,9.4,36.2,1.213,6.2,144.1,56.2
2025-12-15 11:00:00,11,12,21.0,54.1,7.8,1.2,5.6,114.6,13.8
2025-12-15 12:00:00,12,12,8.8,3.5,33.7,1.252,9.8,241.8,51.3
2025-12-15 13:00:00,13,12,27.5,17.1,23.1,1.174,7.5,176.2,31.9
2025-12-15 14:00:00,14,12,27.6,16.5,44.1,1.174,5.8,140.5,59.7
2025-12-15 15:00:00,15,12,20.8,88.7,16.8,1.201,0.6,0.0,18.0
2025-12-15 16:00:00,16,12,20.3,66.3,8.0,1.203,0.0,0.0,9.0
2025-12-15 17:00:00,17,12,27.4,83.7,13.4,1.174,0.0,0.0,17.1
2025-12-15 18:00:00,18,12,25.0,66.1,37.7,1.184,0.0,0.0,54.5
2025-12-15 19:00:00,19,12,36.4,71.1,36.8,1.14,0.0,0.0,45.6
2025-12-15 20:00:00,20,12,28.1,46.6,28.9,1.172,0.0,0.0,44.8
2025-12-15 21:00:00,21,12,17.3,14.4,6.3,1.215,0.0,0.0,3.2
2025-12-15 22:00:00,22,12,27.5,63.4,22.8,1.174,0.0,0.0,33.7
2025-12-15 23:00:00,23,12,13.4,0.4,15.2,1.232,0.0,3.9,23.6
2025-12-16 00:00:00,0,12,18.6,32.0,6.4,1.21,0.0,0.0,5.2
2025-12-16 01:00:00,1,12,31.9,53.6,11.6,1.157,0.0,0.0,18.1
2025-12-16 02:00:00,2,12,23.4,55.3,45.0,1.19,0.0,0.0,64.4
2025-12-16 03:00:00,3,12,22.5,54.6,40.5,1.194,0.0,0.0,58.6
2025-12-16 04:00:00,4,12,28.8,55.4,12.7,1.169,0.0,0.0,15.2
2025-12-16 05:00:00,5,12,28.5,55.4,26.6,1.17,0.0,0.0,35.5
2025-12-16 06:00:00,6,12,34.8,50.4,10.4,1.146,0.0,0.0,11.5
2025-12-16 07:00:00,7,12,15.0,81.3,44.4,1.225,0.0,0.0,56.6
2025-12-16 08:00:00,8,12,24.5,66.7,15.8,1.186,0.0,0.0,19.5
2025-12-16 09:00:00,9,12,13.1,17.5,25.9,1.233,4.1,90.8,37.9
2025-12-16 10:00:00,10,12,38.7,89.3,42.0,1.132,2.2,15.5,56.9
2025-12-16 11:00:00,11,12,18.9,57.3,33.4,1.209,5.5,105.8,52.3
2025-12-16 12:00:00,12,12,24.0,4.6,22.2,1.188,9.8,242.8,29.6
2025-12-16 13:00:00,13,12,33.6,95.4,44.1,1.151,3.6,40.2,58.6
2025-12-16 14:00:00,14,12,31.8,29.1,44.9,1.158,5.2,116.7,65.0
2025-12-16 15:00:00,15,12,19.5,63.7,13.4,1.206,1.8,12.7,13.4
2025-12-16 16:00:00,16,12,25.0,82.7,10.5,1.184,0.0,0.0,20.4
2025-12-16 17:00:00,17,12,27.6,83.6,22.1,1.174,0.0,0.0,33.0
2025-12-16 18:00:00,18,12,16.8,98.0,28.4,1.217,0.0,0.0,36.3
2025-12-16 19:00:00,19,12,17.9,19.9,17.6,1.213,0.0,0.0,24.4
2025-12-16 20:00:00,20,12,24.8,63.4,43.2,1.185,0.0,0.0,59.5
2025-12-16 21:00:00,21,12,38.1,85.2,18.7,1.134,0.0,0.0,24.9
2025-12-16 22:00:00,22,12,33.7,74.5,39.7,1.15,0.0,0.0,60.7
2025-12-16 23:00:00,23,12,19.3,53.8,5.2,1.207,0.0,0.0,7.4
2025-12-17 00:00:00,0,12,21.4,44.9,25.8,1.198,0.0,0.0,39.4
2025-12-17 01:00:00,1,12,32.7,65.0,7.7,1.154,0.0,0.0,4.5
2025-12-17 02:00:00,2,12,28.5,37.9,26.9,1.17,0.0,0.0,39.6
2025-12-17 03:00:00,3,12,28.1,84.2,41.3,1.172,0.0,0.0,56.8
2025-12-17 04:00:00,4,12,31.4,25.5,43.9,1.159,0.0,0.0,61.8
2025-12-17 05:00:00,5,12,18.9,17.8,18.8,1.209,0.0,0.0,24.0
2025-12-17 06:00:00,6,12,31.3,8.6,30.2,1.159,0.0,0.0,36.6
2025-12-17 07:00:00,7,12,31.1,68.0,20.2,1.16,0.0,0.0,23.9
2025-12-17 08:00:00,8,12,22.9,22.8,34.9,1.192,2.2,41.4,47.4
2025-12-17 09:00:00,9,12,16.4,82.6,43.5,1.219,0.9,0.0,63.0
2025-12-17 10:00:00,10,12,29.9,0.8,33.3,1.165,6.6,165.2,43.5
2025-12-17 11:00:00,11,12,33.9,88.2,19.4,1.15,3.9,48.3,27.4
2025-12-17 12:00:00,12,12,27.6,66.9,40.7,1.174,6.7,127.7,54.4
2025-12-17 13:00:00,13,12,38.8,99.5,18.1,1.132,3.4,44.9,23.3
2025-12-17 14:00:00,14,12,26.4,11.4,17.3,1.178,6.1,151.6,22.9
2025-12-17 15:00:00,15,12,32.5,46.5,21.5,1.155,2.7,47.0,26.4
2025-12-17 16:00:00,16,12,18.4,50.8,18.7,1.211,0.8,0.0,30.9
2025-12-17 17:00:00,17,12,25.7,98.1,15.7,1.181,0.0,0.0,18.1
2025-12-17 18:00:00,18,12,22.9,31.8,12.0,1.192,0.0,0.0,12.9
2025-12-17 19:00:00,19,12,20.0,43.9,19.1,1.204,0.0,0.0,28.9
2025-12-17 20:00:00,20,12,22.1,46.7,8.0,1.196,0.0,0.0,7.8
2025-12-17 21:00:00,21,12,13.8,17.2,35.8,1.23,0.0,0.0,50.2
2025-12-17 22:00:00,22,12,31.2,19.2,10.1,1.16,0.0,0.0,12.7
2025-12-17 23:00:00,23,12,48.5,3.0,7.9,1.097,0.0,0.0,5.9
2025-12-18 00:00:00,0,12,20.9,59.2,40.9,1.2,0.0,0.0,56.2
2025-12-18 01:00:00,1,12,30.0,60.3,26.7,1.164,0.0,0.0,36.2
2025-12-18 02:00:00,2,12,23.5,45.9,40.9,1.19,0.0,0.0,62.1
2025-12-18 03:00:00,3,12,19.7,56.0,27.7,1.205,0.0,0.0,36.3
2025-12-18 04:00:00,4,12,23.8,24.9,25.6,1.189,0.0,0.0,34.9
2025-12-18 05:00:00,5,12,17.7,55.2,33.0,1.214,0.0,0.0,44.9
2025-12-18 06:00:00,6,12,20.4,83.0,5.5,1.202,0.0,0.0,6.8
2025-12-18 07:00:00,7,12,29.5,15.7,10.1,1.166,0.9,14.7,13.5
2025-12-18 08:00:00,8,12,16.2,50.9,24.0,1.22,0.8,6.0,33.2
2025-12-18 09:00:00,9,12,46.1,62.4,20.8,1.106,1.9,15.8,26.2
2025-12-18 10:00:00,10,12,16.2,64.5,28.4,1.22,3.4,52.9,38.1
2025-12-18 11:00:00,11,12,30.7,35.6,37.1,1.162,6.6,148.7,50.2
2025-12-18 12:00:00,12,12,30.7,15.1,33.8,1.162,9.2,226.1,46.5
2025-12-18 13:00:00,13,12,28.1,89.7,17.8,1.172,3.8,49.2,21.3
2025-12-18 14:00:00,14,12,23.1,67.9,10.4,1.192,3.3,42.9,15.3
2025-12-18 15:00:00,15,12,19.6,64.1,40.4,1.206,1.8,2.5,54.2
2025-12-18 16:00:00,16,12,17.8,85.1,27.7,1.213,0.0,0.0,37.2
2025-12-18 17:00:00,17,12,23.9,14.8,13.4,1.188,0.9,20.4,20.8
2025-12-18 18:00:00,18,12,18.5,18.2,5.9,1.21,0.0,0.0,4.5
2025-12-18 19:00:00,19,12,23.7,80.4,8.9,1.189,0.0,0.0,11.2
2025-12-18 20:00:00,20,12,27.3,3.5,10.5,1.175,0.0,0.0,9.7
2025-12-18 21:00:00,21,12,30.1,38.1,12.2,1.164,0.0,0.0,10.3
2025-12-18 22:00:00,22,12,28.8,41.4,33.7,1.169,0.0,0.0,40.1
2025-12-18 23:00:00,23,12,26.0,69.5,34.8,1.18,0.0,0.0,43.7
2025-12-19 00:00:00,0,12,23.5,3.0,39.9,1.19,0.0,0.0,55.2
2025-12-19 01:00:00,1,12,34.7,90.0,37.4,1.147,0.0,0.0,51.6
2025-12-19 02:00:00,2,12,26.6,1.7,18.5,1.178,0.0,0.0,28.8
2025-12-19 03:00:00,3,12,25.7,78.4,40.2,1.181,0.0,0.0,55.4
2025-12-19 04:00:00,4,12,24.8,68.5,39.5,1.185,0.0,0.0,56.3
2025-12-19 05:00:00,5,12,27.8,39.3,21.5,1.173,0.0,0.0,33.1
2025-12-19 06:00:00,6,12,19.3,76.5,27.6,1.207,0.0,0.0,39.1
2025-12-19 07:00:00,7,12,35.0,42.8,29.2,1.146,0.0,0.0,43.4
2025-12-19 08:00:00,8,12,30.3,37.5,25.5,1.163,1.5,18.3,28.5
2025-12-19 09:00:00,9,12,20.4,45.7,28.4,1.202,2.7,36.9,43.7
2025-12-19 10:00:00,10,12,12.1,93.3,36.0,1.237,2.0,3.5,51.5
2025-12-19 11:00:00,11,12,14.0,83.8,34.8,1.229,4.1,55.7,48.3
2025-12-19 12:00:00,12,12,27.8,42.7,28.9,1.173,7.9,173.5,40.1
2025-12-19 13:00:00,13,12,25.9,97.8,17.0,1.18,3.4,40.4,25.0
2025-12-19 14:00:00,14,12,35.9,66.3,23.0,1.142,3.4,58.6,30.2
2025-12-19 15:00:00,15,12,16.2,71.9,6.6,1.22,1.4,0.0,5.3
2025-12-19 16:00:00,16,12,23.6,74.8,16.0,1.19,0.0,0.0,20.8
2025-12-19 17:00:00,17,12,17.7,61.3,36.7,1.214,0.0,0.0,53.3
2025-12-19 18:00:00,18,12,30.7,46.1,41.6,1.162,0.0,0.0,63.1
2025-12-19 19:00:00,19,12,20.8,6.7,23.7,1.201,0.0,4.3,35.8
2025-12-19 20:00:00,20,12,26.0,58.8,38.0,1.18,0.0,0.0,54.3
2025-12-19 21:00:00,21,12,24.4,15.2,17.6,1.186,0.0,0.0,24.4
2025-12-19 22:00:00,22,12,35.7,62.1,8.4,1.143,0.0,0.0,8.7
2025-12-19 23:00:00,23,12,14.6,59.1,43.1,1.227,0.0,0.0,63.7
2025-12-20 00:00:00,0,12,26.0,57.1,34.5,1.18,0.0,0.0,48.8
2025-12-20 01:00:00,1,12,29.1,7.4,34.9,1.168,0.0,5.0,50.9
2025-12-20 02:00:00,2,12,23.5,70.4,25.0,1.19,0.0,0.0,37.4
2025-12-20 03:00:00,3,12,21.2,76.2,14.6,1.199,0.0,0.0,22.2
2025-12-20 04:00:00,4,12,32.2,16.4,16.9,1.156,0.0,0.0,20.1
2025-12-20 05:00:00,5,12,16.0,78.2,14.2,1.221,0.0,0.0,15.4
2025-12-20 06:00:00,6,12,29.4,5.4,24.3,1.167,0.0,0.0,34.7
2025-12-20 07:00:00,7,12,27.5,39.5,38.6,1.174,0.0,0.0,60.6
2025-12-20 08:00:00,8,12,33.1,30.0,19.0,1.153,1.8,34.1,25.3
2025-12-20 09:00:00,9,12,13.7,18.6,23.8,1.231,4.1,94.9,32.4
2025-12-20 10:00:00,10,12,34.8,31.4,7.5,1.146,5.1,117.5,7.6
2025-12-20 11:00:00,11,12,12.8,26.0,21.8,1.234,7.0,154.4,34.2
2025-12-20 12:00:00,12,12,20.0,66.3,43.3,1.204,6.7,128.3,60.7
2025-12-20 13:00:00,13,12,21.0,9.6,18.9,1.2,7.9,192.5,21.7
2025-12-20 14:00:00,14,12,12.4,73.7,40.2,1.236,3.0,44.6,58.7
2025-12-20 15:00:00,15,12,32.8,27.8,33.4,1.154,3.6,69.0,49.0
2025-12-20 16:00:00,16,12,17.4,62.0,21.2,1.215,0.2,0.0,30.1
2025-12-20 17:00:00,17,12,36.7,61.7,6.7,1.139,0.0,0.0,6.3
2025-12-20 18:00:00,18,12,17.4,21.7,27.6,1.215,0.0,0.0,39.9
2025-12-20 19:00:00,19,12,34.3,82.9,11.9,1.148,0.0,0.0,14.0
2025-12-20 20:00:00,20,12,29.7,55.6,38.9,1.166,0.0,0.0,53.8
2025-12-20 21:00:00,21,12,42.2,24.9,17.5,1.119,0.0,0.0,19.4
2025-12-20 22:00:00,22,12,26.3,39.0,14.5,1.179,0.0,0.0,21.5
2025-12-20 23:00:00,23,12,6.1,71.6,23.0,1.264,0.0,0.0,31.5
2025-12-21 00:00:00,0,12,14.3,10.0,14.4,1.228,0.0,0.0,20.7
2025-12-21 01:00:00,1,12,18.8,58.9,35.6,1.209,0.0,0.0,55.3
2025-12-21 02:00:00,2,12,15.2,29.3,23.4,1.224,0.0,0.0,37.2
2025-12-21 03:00:00,3,12,30.9,64.9,29.5,1.161,0.0,0.0,45.5
2025-12-21 04:00:00,4,12,28.6,91.3,15.6,1.17,0.0,0.0,20.3
2025-12-21 05:00:00,5,12,18.2,24.5,15.4,1.212,0.0,0.0,20.8
2025-12-21 06:00:00,6,12,21.3,31.5,26.0,1.199,0.0,0.0,37.9
2025-12-21 07:00:00,7,12,19.8,57.3,36.8,1.205,0.0,0.0,53.1
2025-12-21 08:00:00,8,12,27.9,54.2,23.4,1.173,0.6,0.0,35.1
2025-12-21 09:00:00,9,12,26.2,82.0,39.5,1.179,0.9,0.0,55.8
2025-12-21 10:00:00,10,12,23.9,11.6,10.8,1.188,6.1,144.4,12.6
2025-12-21 11:00:00,11,12,29.6,81.4,42.9,1.166,4.3,63.9,62.9
2025-12-21 12:00:00,12,12,24.8,87.2,11.9,1.185,5.6,91.5,12.2
2025-12-21 13:00:00,13,12,25.6,76.9,22.2,1.182,4.5,69.5,36.6
2025-12-21 14:00:00,14,12,18.3,33.9,18.5,1.211,5.0,111.4,27.1
2025-12-21 15:00:00,15,12,32.2,50.8,12.2,1.156,2.5,38.2,16.8
2025-12-21 16:00:00,16,12,23.6,40.7,41.6,1.19,1.3,8.1,58.5
2025-12-21 17:00:00,17,12,23.8,28.1,6.6,1.189,0.3,0.0,6.6
2025-12-21 18:00:00,18,12,16.0,16.7,25.4,1.221,0.0,0.0,40.0
2025-12-21 19:00:00,19,12,11.9,36.5,29.8,1.238,0.0,0.0,36.0
2025-12-21 20:00:00,20,12,35.5,80.2,22.1,1.144,0.0,0.0,28.4
2025-12-21 21:00:00,21,12,25.0,81.1,7.7,1.184,0.0,0.0,12.1
2025-12-21 22:00:00,22,12,32.7,16.0,27.8,1.154,0.0,0.1,41.4
2025-12-21 23:00:00,23,12,32.3,29.9,26.1,1.156,0.0,0.0,34.6
2025-12-22 00:00:00,0,12,37.6,90.4,10.0,1.136,0.0,0.0,6.4
2025-12-22 01:00:00,1,12,30.2,68.3,6.9,1.164,0.0,0.0,4.7
2025-12-22 02:00:00,2,12,21.4,92.9,10.3,1.198,0.0,0.0,14.1
2025-12-22 03:00:00,3,12,23.6,25.9,31.2,1.19,0.0,0.0,42.3
2025-12-22 04:00:00,4,12,19.9,47.8,41.4,1.205,0.0,0.0,59.2
2025-12-22 05:00:00,5,12,24.3,14.5,7.2,1.187,0.0,0.0,3.8
2025-12-22 06:00:00,6,12,21.0,78.3,6.4,1.2,0.0,0.0,4.8
2025-12-22 07:00:00,7,12,34.8,99.7,31.9,1.146,0.0,0.0,41.6
2025-12-22 08:00:00,8,12,18.6,96.7,37.4,1.21,0.0,0.0,53.8
2025-12-22 09:00:00,9,12,32.1,86.5,41.6,1.156,0.7,0.0,61.6
2025-12-22 10:00:00,10,12,28.2,29.7,31.2,1.171,5.2,116.3,46.0
2025-12-22 11:00:00,11,12,27.6,74.8,32.0,1.174,4.6,76.1,46.3
2025-12-22 12:00:00,12,12,9.2,93.8,38.2,1.25,5.3,86.1,58.6
2025-12-22 13:00:00,13,12,23.8,40.5,18.7,1.189,6.3,139.1,23.8
2025-12-22 14:00:00,14,12,24.4,57.8,16.5,1.186,3.8,70.3,19.9
2025-12-22 15:00:00,15,12,21.0,32.8,43.0,1.2,3.4,81.6,62.1
2025-12-22 16:00:00,16,12,32.3,25.2,8.8,1.156,2.1,39.6,6.1
2025-12-22 17:00:00,17,12,33.1,73.8,43.8,1.153,0.0,0.0,61.5
2025-12-22 18:00:00,18,12,11.7,93.4,10.5,1.239,0.0,0.0,14.3
2025-12-22 19:00:00,19,12,25.2,87.3,11.8,1.183,0.0,0.0,19.2
2025-12-22 20:00:00,20,12,34.7,57.8,29.8,1.147,0.0,0.0,39.5
2025-12-22 21:00:00,21,12,16.6,88.4,27.9,1.218,0.0,0.0,35.6
2025-12-22 22:00:00,22,12,29.2,69.2,6.6,1.167,0.0,0.0,6.6
2025-12-22 23:00:00,23,12,23.4,62.4,33.6,1.19,0.0,0.0,48.6
2025-12-23 00:00:00,0,12,25.0,17.2,32.7,1.184,0.0,0.0,41.7
2025-12-23 01:00:00,1,12,31.9,62.5,14.5,1.157,0.0,0.0,18.2
2025-12-23 02:00:00,2,12,28.2,27.5,11.1,1.171,0.0,0.0,11.6
2025-12-23 03:00:00,3,12,32.1,5.3,34.3,1.156,0.0,0.0,48.0
2025-12-23 04:00:00,4,12,23.1,5.5,36.1,1.192,0.0,0.0,54.6
2025-12-23 05:00:00,5,12,42.6,92.0,11.6,1.118,0.0,0.0,9.8
2025-12-23 06:00:00,6,12,17.4,22.3,44.3,1.215,0.0,0.0,63.3
2025-12-23 07:00:00,7,12,15.1,44.7,6.1,1.225,0.0,0.0,9.3
2025-12-23 08:00:00,8,12,26.5,14.6,40.6,1.178,2.6,50.1,53.8
2025-12-23 09:00:00,9,12,28.6,81.6,43.1,1.17,0.9,0.0,59.8
2025-12-23 10:00:00,10,12,8.0,68.7,7.4,1.256,3.2,41.3,11.9
2025-12-23 11:00:00,11,12,25.1,86.5,42.1,1.184,4.0,61.5,65.1
2025-12-23 12:00:00,12,12,27.8,40.4,26.5,1.173,8.0,170.3,34.9
2025-12-23 13:00:00,13,12,44.1,27.1,18.9,1.113,7.0,166.2,20.1
2025-12-23 14:00:00,14,12,12.9,56.8,40.6,1.234,3.8,63.8,55.8
2025-12-23 15:00:00,15,12,32.0,74.5,10.9,1.157,1.3,0.0,10.7
2025-12-23 16:00:00,16,12,30.7,3.8,19.3,1.162,3.1,69.3,22.8
2025-12-23 17:00:00,17,12,31.7,31.6,26.7,1.158,0.1,0.0,41.9
2025-12-23 18:00:00,18,12,22.7,74.0,19.0,1.193,0.0,0.0,22.3
2025-12-23 19:00:00,19,12,28.7,99.2,34.1,1.169,0.0,0.0,47.9
2025-12-23 20:00:00,20,12,23.1,40.6,12.8,1.192,0.0,0.0,22.0
2025-12-23 21:00:00,21,12,30.9,97.7,29.0,1.161,0.0,0.0,38.3
2025-12-23 22:00:00,22,12,21.7,90.7,16.2,1.197,0.0,0.0,21.9
2025-12-23 23:00:00,23,12,13.3,42.1,22.3,1.232,0.0,0.0,28.6
2025-12-24 00:00:00,0,12,24.0,70.3,34.5,1.188,0.0,0.0,46.1
2025-12-24 01:00:00,1,12,26.5,51.9,10.2,1.178,0.0,0.0,10.7
2025-12-24 02:00:00,2,12,23.2,75.6,37.7,1.191,0.0,0.0,53.7
2025-12-24 03:00:00,3,12,24.6,93.5,10.5,1.186,0.0,0.0,13.1
2025-12-24 04:00:00,4,12,37.2,67.4,6.4,1.137,0.0,0.0,2.8
2025-12-24 05:00:00,5,12,27.3,4.7,5.0,1.175,0.0,0.0,2.9
2025-12-24 06:00:00,6,12,31.0,48.0,34.5,1.161,0.0,0.0,53.0
2025-12-24 07:00:00,7,12,31.0,15.8,20.9,1.161,0.9,10.8,21.7
2025-12-24 08:00:00,8,12,16.6,26.5,22.5,1.218,2.0,42.6,27.5
2025-12-24 09:00:00,9,12,19.0,13.3,35.2,1.208,4.3,101.9,48.1
2025-12-24 10:00:00,10,12,29.5,41.5,17.7,1.166,4.6,93.1,22.4
2025-12-24 11:00:00,11,12,36.7,28.1,12.9,1.139,6.9,170.1,17.6
2025-12-24 12:00:00,12,12,25.3,33.6,16.2,1.183,8.3,189.9,20.3
2025-12-24 13:00:00,13,12,25.5,4.1,6.8,1.182,8.1,201.9,1.7
2025-12-24 14:00:00,14,12,29.6,65.3,7.6,1.166,3.4,57.1,2.1
2025-12-24 15:00:00,15,12,30.8,76.1,12.6,1.161,1.2,5.7,12.0
2025-12-24 16:00:00,16,12,30.9,76.7,8.9,1.161,0.0,0.0,12.7
2025-12-24 17:00:00,17,12,26.4,26.7,32.1,1.178,0.3,0.0,40.3
2025-12-24 18:00:00,18,12,21.4,63.2,15.1,1.198,0.0,0.0,14.4
2025-12-24 19:00:00,19,12,32.3,69.6,24.3,1.156,0.0,0.0,26.2
2025-12-24 20:00:00,20,12,18.3,48.2,37.1,1.211,0.0,0.0,50.2
2025-12-24 21:00:00,21,12,18.1,45.8,33.8,1.212,0.0,0.0,52.0
2025-12-24 22:00:00,22,12,29.6,28.5,19.6,1.166,0.0,0.0,24.8
2025-12-24 23:00:00,23,12,26.0,25.4,31.6,1.18,0.0,0.0,49.1
2025-12-25 00:00:00,0,12,23.2,35.7,27.2,1.191,0.0,0.0,33.9
2025-12-25 01:00:00,1,12,20.1,72.2,7.5,1.204,0.0,0.0,5.2
2025-12-25 02:00:00,2,12,24.4,76.0,24.8,1.186,0.0,0.0,30.7
2025-12-25 03:00:00,3,12,22.5,63.9,31.7,1.194,0.0,0.0,47.9
2025-12-25 04:00:00,4,12,29.1,21.3,31.5,1.168,0.0,0.0,43.6
2025-12-25 05:00:00,5,12,18.5,79.8,39.9,1.21,0.0,0.0,57.1
2025-12-25 06:00:00,6,12,14.5,60.0,37.0,1.227,0.0,0.0,51.5
2025-12-25 07:00:00,7,12,16.4,9.5,5.2,1.219,1.2,31.6,8.3
2025-12-25 08:00:00,8,12,19.8,11.2,18.9,1.205,2.8,65.5,22.8
2025-12-25 09:00:00,9,12,42.6,10.1,28.1,1.118,4.5,120.3,37.5
2025-12-25 10:00:00,10,12,23.6,79.5,17.0,1.19,2.7,26.6,21.5
2025-12-25 11:00:00,11,12,20.7,40.6,27.8,1.201,6.3,133.1,37.8
2025-12-25 12:00:00,12,12,19.5,77.7,5.1,1.206,6.1,109.2,5.9
2025-12-25 13:00:00,13,12,18.8,16.4,40.7,1.209,7.5,179.8,61.6
2025-12-25 14:00:00,14,12,31.2,53.6,20.8,1.16,4.0,73.3,27.5
2025-12-25 15:00:00,15,12,28.1,16.1,23.2,1.172,4.2,94.0,32.3
2025-12-25 16:00:00,16,12,25.0,54.3,18.4,1.184,0.6,0.0,26.0
2025-12-25 17:00:00,17,12,24.3,80.7,8.1,1.187,0.0,0.0,6.9
2025-12-25 18:00:00,18,12,21.0,19.2,16.1,1.2,0.0,0.0,19.3
2025-12-25 19:00:00,19,12,21.0,43.4,37.9,1.2,0.0,0.0,55.8
2025-12-25 20:00:00,20,12,25.9,91.4,44.9,1.18,0.0,0.0,67.0
2025-12-25 21:00:00,21,12,36.8,47.2,13.8,1.139,0.0,0.0,19.7
2025-12-25 22:00:00,22,12,13.6,14.6,32.4,1.231,0.0,0.0,46.8
2025-12-25 23:00:00,23,12,31.0,7.7,37.5,1.161,0.0,0.0,51.5
2025-12-26 00:00:00,0,12,11.5,76.9,20.3,1.24,0.0,0.0,22.8
2025-12-26 01:00:00,1,12,29.2,17.3,36.9,1.167,0.0,0.0,51.4
2025-12-26 02:00:00,2,12,23.1,71.0,37.4,1.192,0.0,0.0,49.9
2025-12-26 03:00:00,3,12,34.9,63.9,12.8,1.146,0.0,0.0,13.4
2025-12-26 04:00:00,4,12,11.8,75.8,12.0,1.239,0.0,0.0,17.3
2025-12-26 05:00:00,5,12,30.3,96.9,22.2,1.163,0.0,0.0,29.6
2025-12-26 06:00:00,6,12,29.8,80.5,8.0,1.165,0.0,0.0,5.4
2025-12-26 07:00:00,7,12,13.3,79.4,11.3,1.232,0.0,0.0,9.8
2025-12-26 08:00:00,8,12,26.6,45.1,44.5,1.178,1.1,1.7,60.9
2025-12-26 09:00:00,9,12,16.3,21.2,37.7,1.22,3.9,89.4,57.5
2025-12-26 10:00:00,10,12,28.9,95.3,13.3,1.169,1.9,1.7,15.2
2025-12-26 11:00:00,11,12,19.0,82.4,13.8,1.208,4.2,61.7,16.1
2025-12-26 12:00:00,12,12,25.5,12.4,36.2,1.182,9.4,227.5,48.5
2025-12-26 13:00:00,13,12,24.1,94.0,37.1,1.188,3.6,33.3,54.8
2025-12-26 14:00:00,14,12,32.5,38.9,17.8,1.155,4.7,94.4,27.3
2025-12-26 15:00:00,15,12,29.1,58.7,41.0,1.168,2.1,24.4,64.9
2025-12-26 16:00:00,16,12,12.6,28.0,38.2,1.235,1.9,29.3,52.5
2025-12-26 17:00:00,17,12,21.1,35.0,23.6,1.2,0.0,0.0,30.4
2025-12-26 18:00:00,18,12,27.5,13.6,10.6,1.174,0.0,0.0,14.7
2025-12-26 19:00:00,19,12,23.4,84.6,14.8,1.19,0.0,0.0,14.6
2025-12-26 20:00:00,20,12,20.5,38.7,23.2,1.202,0.0,0.0,30.2
2025-12-26 21:00:00,21,12,28.2,89.4,37.8,1.171,0.0,0.0,57.1
2025-12-26 22:00:00,22,12,32.8,76.5,20.7,1.154,0.0,0.0,27.1
2025-12-26 23:00:00,23,12,9.6,72.8,42.3,1.248,0.0,0.0,62.0
2025-12-27 00:00:00,0,12,22.7,30.5,31.9,1.193,0.0,0.0,40.5
2025-12-27 01:00:00,1,12,24.2,8.4,25.2,1.187,0.0,0.0,31.0
2025-12-27 02:00:00,2,12,25.6,13.9,43.3,1.182,0.0,0.0,59.8
2025-12-27 03:00:00,3,12,29.7,83.4,30.5,1.166,0.0,0.0,44.0
2025-12-27 04:00:00,4,12,31.8,61.7,40.1,1.158,0.0,0.0,59.5
2025-12-27 05:00:00,5,12,21.5,57.8,37.3,1.198,0.0,0.0,53.3
2025-12-27 06:00:00,6,12,12.2,88.3,19.3,1.237,0.0,0.0,31.5
2025-12-27 07:00:00,7,12,17.0,17.0,10.7,1.217,0.8,19.6,13.6
2025-12-27 08:00:00,8,12,11.5,77.3,34.4,1.24,0.0,0.0,51.7
2025-12-27 09:00:00,9,12,30.4,11.2,28.7,1.163,4.4,108.1,41.0
2025-12-27 10:00:00,10,12,31.9,53.5,34.4,1.157,4.0,71.8,46.0
2025-12-27 11:00:00,11,12,25.1,3.9,14.1,1.184,8.1,196.3,21.9
2025-12-27 12:00:00,12,12,24.0,19.2,43.6,1.188,9.0,210.0,64.4
2025-12-27 13:00:00,13,12,30.4,56.8,40.4,1.163,5.5,114.0,58.0
2025-12-27 14:00:00,14,12,28.9,27.3,18.3,1.169,5.3,120.7,18.1
2025-12-27 15:00:00,15,12,28.8,53.3,19.4,1.169,2.3,19.5,23.3
2025-12-27 16:00:00,16,12,17.4,56.5,35.1,1.215,0.5,0.0,44.7
2025-12-27 17:00:00,17,12,28.7,36.9,27.3,1.169,0.0,0.0,32.5
2025-12-27 18:00:00,18,12,24.9,28.9,29.7,1.184,0.0,0.0,40.5
2025-12-27 19:00:00,19,12,11.8,99.3,31.9,1.239,0.0,0.0,48.5
2025-12-27 20:00:00,20,12,20.1,58.2,37.0,1.204,0.0,0.0,48.6
2025-12-27 21:00:00,21,12,31.6,7.5,14.9,1.158,0.0,0.0,22.0
2025-12-27 22:00:00,22,12,26.9,69.2,30.2,1.176,0.0,0.0,44.9
2025-12-27 23:00:00,23,12,21.2,24.5,10.0,1.199,0.0,0.0,15.6
2025-12-28 00:00:00,0,12,26.7,49.8,32.0,1.177,0.0,0.0,44.3
2025-12-28 01:00:00,1,12,40.1,53.4,44.4,1.127,0.0,0.0,64.7
2025-12-28 02:00:00,2,12,26.4,99.4,15.0,1.178,0.0,0.0,18.7
2025-12-28 03:00:00,3,12,37.6,86.1,40.7,1.136,0.0,0.0,53.2
2025-12-28 04:00:00,4,12,19.7,21.4,15.9,1.205,0.0,0.0,20.2
2025-12-28 05:00:00,5,12,13.0,39.3,6.1,1.234,0.0,0.0,6.8
2025-12-28 06:00:00,6,12,29.2,48.0,39.8,1.167,0.0,0.0,56.3
2025-12-28 07:00:00,7,12,32.5,81.0,39.1,1.155,0.0,0.0,53.5
2025-12-28 08:00:00,8,12,23.4,41.4,40.7,1.19,1.3,14.1,57.4
2025-12-28 09:00:00,9,12,40.1,54.1,17.0,1.127,2.3,25.6,19.5
2025-12-28 10:00:00,10,12,23.0,41.6,24.7,1.192,4.6,94.9,36.9
2025-12-28 11:00:00,11,12,25.8,82.9,15.5,1.181,4.2,59.8,25.5
2025-12-28 12:00:00,12,12,27.0,47.4,44.7,1.176,7.6,166.5,64.9
2025-12-28 13:00:00,13,12,23.4,86.3,21.8,1.19,4.0,50.2,27.4
2025-12-28 14:00:00,14,12,27.3,53.6,17.3,1.175,4.0,69.2,29.1
2025-12-28 15:00:00,15,12,38.8,14.1,16.7,1.132,4.3,100.4,23.0
2025-12-28 16:00:00,16,12,24.2,88.3,14.2,1.187,0.0,0.0,19.7
2025-12-28 17:00:00,17,12,28.2,16.3,27.6,1.171,0.9,9.4,35.6
2025-12-28 18:00:00,18,12,23.5,15.1,11.9,1.19,0.0,0.0,15.2
2025-12-28 19:00:00,19,12,23.4,85.4,33.7,1.19,0.0,0.0,53.4
2025-12-28 20:00:00,20,12,20.8,65.6,16.0,1.201,0.0,0.0,25.4
2025-12-28 21:00:00,21,12,15.2,12.6,42.0,1.224,0.0,5.2,65.4
2025-12-28 22:00:00,22,12,5.6,3.0,11.3,1.266,0.0,0.0,22.8
2025-12-28 23:00:00,23,12,28.0,88.8,16.7,1.172,0.0,0.0,22.9
2025-12-29 00:00:00,0,12,12.6,32.5,19.0,1.235,0.0,0.0,23.7
2025-12-29 01:00:00,1,12,27.7,69.9,6.8,1.173,0.0,0.0,5.1
2025-12-29 02:00:00,2,12,25.6,90.9,17.7,1.182,0.0,0.0,17.8
2025-12-29 03:00:00,3,12,13.0,48.0,33.2,1.234,0.0,0.0,52.2
2025-12-29 04:00:00,4,12,21.9,20.8,39.4,1.196,0.0,0.0,57.9
2025-12-29 05:00:00,5,12,24.3,26.4,8.9,1.187,0.0,0.0,9.3
2025-12-29 06:00:00,6,12,29.7,63.7,29.8,1.166,0.0,0.0,41.1
2025-12-29 07:00:00,7,12,19.3,74.1,33.0,1.207,0.0,0.0,47.5
2025-12-29 08:00:00,8,12,17.7,17.3,25.9,1.214,2.5,61.7,31.8
2025-12-29 09:00:00,9,12,24.1,90.0,30.5,1.188,0.5,0.0,47.4
2025-12-29 10:00:00,10,12,29.4,35.4,41.4,1.167,4.9,106.5,56.1
2025-12-29 11:00:00,11,12,18.7,29.9,13.9,1.209,6.8,160.5,14.5
2025-12-29 12:00:00,12,12,34.2,79.7,20.2,1.148,6.0,107.8,26.3
2025-12-29 13:00:00,13,12,31.6,15.6,36.1,1.158,7.6,183.1,58.0
2025-12-29 14:00:00,14,12,32.8,69.4,22.4,1.154,3.2,38.0,26.7
2025-12-29 15:00:00,15,12,25.8,87.1,20.4,1.181,0.6,0.0,25.7
2025-12-29 16:00:00,16,12,21.6,50.6,8.7,1.198,0.8,0.0,7.8
2025-12-29 17:00:00,17,12,21.9,67.1,40.2,1.196,0.0,0.0,58.8
2025-12-29 18:00:00,18,12,28.5,68.3,21.4,1.17,0.0,0.0,28.1
2025-12-29 19:00:00,19,12,14.9,67.0,36.3,1.225,0.0,0.0,53.0
2025-12-29 20:00:00,20,12,30.8,43.2,34.5,1.161,0.0,0.0,47.9
2025-12-29 21:00:00,21,12,20.1,76.3,24.7,1.204,0.0,0.0,36.8
2025-12-29 22:00:00,22,12,25.8,66.6,8.0,1.181,0.0,0.0,6.6
2025-12-29 23:00:00,23,12,29.9,69.7,38.4,1.165,0.0,0.0,53.6
2025-12-30 00:00:00,0,12,19.7,6.1,14.6,1.205,0.0,0.0,18.1
2025-12-30 01:00:00,1,12,15.2,46.5,7.4,1.224,0.0,0.0,3.2
2025-12-30 02:00:00,2,12,20.6,58.8,14.3,1.202,0.0,0.0,18.7
2025-12-30 03:00:00,3,12,13.7,9.5,44.2,1.231,0.0,0.0,65.5
2025-12-30 04:00:00,4,12,26.8,6.1,17.0,1.177,0.0,0.0,16.5
2025-12-30 05:00:00,5,12,29.8,48.6,10.6,1.165,0.0,0.0,13.4
2025-12-30 06:00:00,6,12,30.2,6.2,34.4,1.164,0.0,0.0,48.8
2025-12-30 07:00:00,7,12,32.6,48.9,26.1,1.154,0.0,0.0,34.9
2025-12-30 08:00:00,8,12,28.7,58.2,39.0,1.169,0.4,0.0,50.4
2025-12-30 09:00:00,9,12,33.7,82.3,8.8,1.15,0.9,0.0,13.2
2025-12-30 10:00:00,10,12,30.1,14.4,23.0,1.164,5.9,140.6,35.1
2025-12-30 11:00:00,11,12,5.5,98.0,16.1,1.267,3.4,40.8,21.8
2025-12-30 12:00:00,12,12,22.7,72.4,25.3,1.193,6.4,121.3,36.3
2025-12-30 13:00:00,13,12,36.9,17.5,20.3,1.138,7.5,171.3,24.6
2025-12-30 14:00:00,14,12,41.8,46.3,5.6,1.121,4.4,83.6,1.8
2025-12-30 15:00:00,15,12,26.5,32.2,8.5,1.178,3.4,72.3,5.4
2025-12-30 16:00:00,16,12,23.2,53.5,41.6,1.191,0.7,0.0,61.2
2025-12-30 17:00:00,17,12,13.4,17.1,25.8,1.232,0.8,12.2,36.0
2025-12-30 18:00:00,18,12,30.3,9.8,12.9,1.163,0.0,0.0,14.0
2025-12-30 19:00:00,19,12,22.1,61.0,12.4,1.196,0.0,0.0,15.0
2025-12-30 20:00:00,20,12,37.9,67.0,18.4,1.135,0.0,0.0,29.7
2025-12-30 21:00:00,21,12,24.9,57.3,32.5,1.184,0.0,0.0,40.5
2025-12-30 22:00:00,22,12,29.9,37.7,41.7,1.165,0.0,0.0,61.5
2025-12-30 23:00:00,23,12,27.6,39.6,41.2,1.174,0.0,0.0,60.2
2025-12-31 00:00:00,0,12,32.5,36.5,20.4,1.155,0.0,0.0,28.0
2025-12-31 01:00:00,1,12,18.2,4.4,10.6,1.212,0.0,4.3,15.2
2025-12-31 02:00:00,2,12,25.6,35.6,37.2,1.182,0.0,0.0,47.2
2025-12-31 03:00:00,3,12,22.8,34.8,28.9,1.193,0.0,0.0,36.2
2025-12-31 04:00:00,4,12,35.7,36.9,40.1,1.143,0.0,0.0,58.7
2025-12-31 05:00:00,5,12,33.1,45.5,35.5,1.153,0.0,0.0,47.6
2025-12-31 06:00:00,6,12,21.2,12.6,30.5,1.199,0.0,0.0,43.3
2025-12-31 07:00:00,7,12,23.0,68.6,30.6,1.192,0.0,0.0,42.1
2025-12-31 08:00:00,8,12,22.1,10.6,29.0,1.196,2.8,67.1,38.3
2025-12-31 09:00:00,9,12,16.4,42.0,13.4,1.219,2.9,50.0,17.1
2025-12-31 10:00:00,10,12,5.3,44.5,26.8,1.268,4.4,88.1,37.5
2025-12-31 11:00:00,11,12,32.1,20.5,35.9,1.156,7.3,173.4,51.6
2025-12-31 12:00:00,12,12,30.0,79.5,37.3,1.164,6.0,120.6,52.8
2025-12-31 13:00:00,13,12,25.3,63.3,44.4,1.183,5.2,102.7,66.3
2025-12-31 14:00:00,14,12,47.3,19.5,30.8,1.102,5.7,136.7,41.0
2025-12-31 15:00:00,15,12,31.1,37.0,21.6,1.16,3.2,58.3,29.0
2025-12-31 16:00:00,16,12,17.7,33.8,7.6,1.214,1.6,27.2,7.8
2025-12-31 17:00:00,17,12,29.0,38.7,39.5,1.168,0.0,0.0,62.5
2025-12-31 18:00:00,18,12,23.4,11.0,42.2,1.19,0.0,0.0,55.0
2025-12-31 19:00:00,19,12,19.0,48.3,16.7,1.208,0.0,0.0,27.4
2025-12-31 20:00:00,20,12,26.2,96.9,16.6,1.179,0.0,0.0,22.6
2025-12-31 21:00:00,21,12,35.2,17.5,15.6,1.145,0.0,3.4,19.7
2025-12-31 22:00:00,22,12,26.6,42.7,41.5,1.178,0.0,0.0,58.8
2025-12-31 23:00:00,23,12,25.3,4.3,26.7,1.183,0.0,0.0,32.2
